   Compiling remeda_smelt_probe v0.1.0 (/home/lollo/Playground/smelt/third_party/remeda/dist-smelt)
warning: unnecessary parentheses around function argument
  --> src/add_test.rs:40:54
   |
40 |     _smelt_tmp_2 = (&mut *_smelt_tmp_1.borrow_mut())(((10.0 as f64).trunc() as i64));
   |                                                      ^                            ^
   |
   = note: `#[warn(unused_parens)]` (part of `#[warn(unused)]`) on by default
help: remove these parentheses
   |
40 -     _smelt_tmp_2 = (&mut *_smelt_tmp_1.borrow_mut())(((10.0 as f64).trunc() as i64));
40 +     _smelt_tmp_2 = (&mut *_smelt_tmp_1.borrow_mut())((10.0 as f64).trunc() as i64);
   |

warning: unnecessary parentheses around function argument
  --> src/add_test.rs:48:54
   |
48 |     _smelt_tmp_7 = (&mut *_smelt_tmp_6.borrow_mut())(((10.0 as f64).trunc() as i64));
   |                                                      ^                            ^
   |
help: remove these parentheses
   |
48 -     _smelt_tmp_7 = (&mut *_smelt_tmp_6.borrow_mut())(((10.0 as f64).trunc() as i64));
48 +     _smelt_tmp_7 = (&mut *_smelt_tmp_6.borrow_mut())((10.0 as f64).trunc() as i64);
   |

warning: unnecessary parentheses around block return value
  --> src/allPass_test.rs:85:91
   |
85 |     let _smelt_tmp_1 = ::std::rc::Rc::new(::std::cell::RefCell::new(|arg0: f64| -> bool { ((arg0 % 3.0) == 0.0) }));
   |                                                                                           ^                   ^
   |
help: remove these parentheses
   |
85 -     let _smelt_tmp_1 = ::std::rc::Rc::new(::std::cell::RefCell::new(|arg0: f64| -> bool { ((arg0 % 3.0) == 0.0) }));
85 +     let _smelt_tmp_1 = ::std::rc::Rc::new(::std::cell::RefCell::new(|arg0: f64| -> bool { (arg0 % 3.0) == 0.0 }));
   |

warning: unnecessary parentheses around block return value
  --> src/allPass_test.rs:86:91
   |
86 |     let _smelt_tmp_2 = ::std::rc::Rc::new(::std::cell::RefCell::new(|arg0: f64| -> bool { ((arg0 % 4.0) == 0.0) }));
   |                                                                                           ^                   ^
   |
help: remove these parentheses
   |
86 -     let _smelt_tmp_2 = ::std::rc::Rc::new(::std::cell::RefCell::new(|arg0: f64| -> bool { ((arg0 % 4.0) == 0.0) }));
86 +     let _smelt_tmp_2 = ::std::rc::Rc::new(::std::cell::RefCell::new(|arg0: f64| -> bool { (arg0 % 4.0) == 0.0 }));
   |

warning: unnecessary parentheses around block return value
  --> src/anyPass_test.rs:85:91
   |
85 |     let _smelt_tmp_1 = ::std::rc::Rc::new(::std::cell::RefCell::new(|arg0: f64| -> bool { (arg0 == 3.0) }));
   |                                                                                           ^           ^
   |
help: remove these parentheses
   |
85 -     let _smelt_tmp_1 = ::std::rc::Rc::new(::std::cell::RefCell::new(|arg0: f64| -> bool { (arg0 == 3.0) }));
85 +     let _smelt_tmp_1 = ::std::rc::Rc::new(::std::cell::RefCell::new(|arg0: f64| -> bool { arg0 == 3.0 }));
   |

warning: unnecessary parentheses around block return value
  --> src/anyPass_test.rs:86:91
   |
86 |     let _smelt_tmp_2 = ::std::rc::Rc::new(::std::cell::RefCell::new(|arg0: f64| -> bool { (arg0 == 4.0) }));
   |                                                                                           ^           ^
   |
help: remove these parentheses
   |
86 -     let _smelt_tmp_2 = ::std::rc::Rc::new(::std::cell::RefCell::new(|arg0: f64| -> bool { (arg0 == 4.0) }));
86 +     let _smelt_tmp_2 = ::std::rc::Rc::new(::std::cell::RefCell::new(|arg0: f64| -> bool { arg0 == 4.0 }));
   |

warning: unnecessary parentheses around block return value
  --> src/binarySearchCutoffIndex_test.rs:88:100
   |
88 |     let _smelt_tmp_1 = ::std::rc::Rc::new(::std::cell::RefCell::new(|arg0: SmeltUnknown| -> bool { (0.0 < 3.0) }));
   |                                                                                                    ^         ^
   |
help: remove these parentheses
   |
88 -     let _smelt_tmp_1 = ::std::rc::Rc::new(::std::cell::RefCell::new(|arg0: SmeltUnknown| -> bool { (0.0 < 3.0) }));
88 +     let _smelt_tmp_1 = ::std::rc::Rc::new(::std::cell::RefCell::new(|arg0: SmeltUnknown| -> bool { 0.0 < 3.0 }));
   |

warning: unnecessary parentheses around block return value
   --> src/binarySearchCutoffIndex_test.rs:103:111
    |
103 |     let _smelt_tmp_1 = ::std::rc::Rc::new(::std::cell::RefCell::new(|arg0: SmeltUnknown, arg1: f64| -> bool { (arg1 < 0.0) }));
    |                                                                                                               ^          ^
    |
help: remove these parentheses
    |
103 -     let _smelt_tmp_1 = ::std::rc::Rc::new(::std::cell::RefCell::new(|arg0: SmeltUnknown, arg1: f64| -> bool { (arg1 < 0.0) }));
103 +     let _smelt_tmp_1 = ::std::rc::Rc::new(::std::cell::RefCell::new(|arg0: SmeltUnknown, arg1: f64| -> bool { arg1 < 0.0 }));
    |

warning: unnecessary parentheses around block return value
   --> src/binarySearchCutoffIndex_test.rs:119:111
    |
119 |     let _smelt_tmp_1 = ::std::rc::Rc::new(::std::cell::RefCell::new(|arg0: SmeltUnknown, arg1: f64| -> bool { (arg1 < 4.0) }));
    |                                                                                                               ^          ^
    |
help: remove these parentheses
    |
119 -     let _smelt_tmp_1 = ::std::rc::Rc::new(::std::cell::RefCell::new(|arg0: SmeltUnknown, arg1: f64| -> bool { (arg1 < 4.0) }));
119 +     let _smelt_tmp_1 = ::std::rc::Rc::new(::std::cell::RefCell::new(|arg0: SmeltUnknown, arg1: f64| -> bool { arg1 < 4.0 }));
    |

warning: unnecessary parentheses around block return value
   --> src/binarySearchCutoffIndex_test.rs:135:111
    |
135 |     let _smelt_tmp_1 = ::std::rc::Rc::new(::std::cell::RefCell::new(|arg0: SmeltUnknown, arg1: f64| -> bool { (arg1 < 8.0) }));
    |                                                                                                               ^          ^
    |
help: remove these parentheses
    |
135 -     let _smelt_tmp_1 = ::std::rc::Rc::new(::std::cell::RefCell::new(|arg0: SmeltUnknown, arg1: f64| -> bool { (arg1 < 8.0) }));
135 +     let _smelt_tmp_1 = ::std::rc::Rc::new(::std::cell::RefCell::new(|arg0: SmeltUnknown, arg1: f64| -> bool { arg1 < 8.0 }));
    |

warning: unnecessary parentheses around block return value
   --> src/binarySearchCutoffIndex_test.rs:151:111
    |
151 |     let _smelt_tmp_1 = ::std::rc::Rc::new(::std::cell::RefCell::new(|arg0: SmeltUnknown, arg1: f64| -> bool { (arg1 < 12.0) }));
    |                                                                                                               ^           ^
    |
help: remove these parentheses
    |
151 -     let _smelt_tmp_1 = ::std::rc::Rc::new(::std::cell::RefCell::new(|arg0: SmeltUnknown, arg1: f64| -> bool { (arg1 < 12.0) }));
151 +     let _smelt_tmp_1 = ::std::rc::Rc::new(::std::cell::RefCell::new(|arg0: SmeltUnknown, arg1: f64| -> bool { arg1 < 12.0 }));
    |

warning: unnecessary parentheses around block return value
   --> src/binarySearchCutoffIndex_test.rs:167:111
    |
167 |     let _smelt_tmp_1 = ::std::rc::Rc::new(::std::cell::RefCell::new(|arg0: SmeltUnknown, arg1: f64| -> bool { (arg1 < 20.0) }));
    |                                                                                                               ^           ^
    |
help: remove these parentheses
    |
167 -     let _smelt_tmp_1 = ::std::rc::Rc::new(::std::cell::RefCell::new(|arg0: SmeltUnknown, arg1: f64| -> bool { (arg1 < 20.0) }));
167 +     let _smelt_tmp_1 = ::std::rc::Rc::new(::std::cell::RefCell::new(|arg0: SmeltUnknown, arg1: f64| -> bool { arg1 < 20.0 }));
    |

warning: unnecessary parentheses around block return value
   --> src/clone_test.rs:679:90
    |
679 |     let _smelt_tmp_2 = ::std::rc::Rc::new(::std::cell::RefCell::new(|arg0: f64| -> f64 { (arg0 + arg0) }));
    |                                                                                          ^           ^
    |
help: remove these parentheses
    |
679 -     let _smelt_tmp_2 = ::std::rc::Rc::new(::std::cell::RefCell::new(|arg0: f64| -> f64 { (arg0 + arg0) }));
679 +     let _smelt_tmp_2 = ::std::rc::Rc::new(::std::cell::RefCell::new(|arg0: f64| -> f64 { arg0 + arg0 }));
    |

warning: unnecessary parentheses around function argument
  --> src/countBy.rs:46:53
   |
46 |     _smelt_tmp_15 = categorization_fn(item.clone(), (index.clone() as f64), data.clone());
   |                                                     ^                    ^
   |
help: remove these parentheses
   |
46 -     _smelt_tmp_15 = categorization_fn(item.clone(), (index.clone() as f64), data.clone());
46 +     _smelt_tmp_15 = categorization_fn(item.clone(), index.clone() as f64, data.clone());
   |

warning: unnecessary parentheses around `if` condition
   --> src/countBy_test.rs:122:125
    |
122 | ...ng { if ((if let SmeltUnknown::Number(value) = arg1.clone() { value } else { panic!("unknown is not number") } % 2.0) == 0.0) { "even"...
    |            ^                                                                                                                   ^
    |
help: remove these parentheses
    |
122 -     let _smelt_tmp_1 = ::std::rc::Rc::new(::std::cell::RefCell::new(|arg0: SmeltUnknown, arg1: SmeltUnknown| -> String { if ((if let SmeltUnknown::Number(value) = arg1.clone() { value } else { panic!("unknown is not number") } % 2.0) == 0.0) { "even".to_owned() } else { "odd".to_owned() } }));
122 +     let _smelt_tmp_1 = ::std::rc::Rc::new(::std::cell::RefCell::new(|arg0: SmeltUnknown, arg1: SmeltUnknown| -> String { if (if let SmeltUnknown::Number(value) = arg1.clone() { value } else { panic!("unknown is not number") } % 2.0) == 0.0 { "even".to_owned() } else { "odd".to_owned() } }));
    |

warning: unnecessary parentheses around `if` condition
   --> src/countBy_test.rs:267:125
    |
267 | ...ng { if ((if let SmeltUnknown::Number(value) = arg1.clone() { value } else { panic!("unknown is not number") } % 2.0) == 0.0) { "even"...
    |            ^                                                                                                                   ^
    |
help: remove these parentheses
    |
267 -     let _smelt_tmp_1 = ::std::rc::Rc::new(::std::cell::RefCell::new(|arg0: SmeltUnknown, arg1: SmeltUnknown| -> String { if ((if let SmeltUnknown::Number(value) = arg1.clone() { value } else { panic!("unknown is not number") } % 2.0) == 0.0) { "even".to_owned() } else { "odd".to_owned() } }));
267 +     let _smelt_tmp_1 = ::std::rc::Rc::new(::std::cell::RefCell::new(|arg0: SmeltUnknown, arg1: SmeltUnknown| -> String { if (if let SmeltUnknown::Number(value) = arg1.clone() { value } else { panic!("unknown is not number") } % 2.0) == 0.0 { "even".to_owned() } else { "odd".to_owned() } }));
    |

warning: unnecessary parentheses around block return value
  --> src/differenceWith_test.rs:35:120
   |
35 | ...ool { (arg0.to_string() == if let SmeltUnknown::String(value) = arg1.clone() { value } else { panic!("unknown is not string") }) }));
   |          ^                                                                                                                        ^
   |
help: remove these parentheses
   |
35 -     let _smelt_tmp_2 = ::std::rc::Rc::new(::std::cell::RefCell::new(|arg0: SmeltUnknown, arg1: SmeltUnknown| -> bool { (arg0.to_string() == if let SmeltUnknown::String(value) = arg1.clone() { value } else { panic!("unknown is not string") }) }));
35 +     let _smelt_tmp_2 = ::std::rc::Rc::new(::std::cell::RefCell::new(|arg0: SmeltUnknown, arg1: SmeltUnknown| -> bool { arg0.to_string() == if let SmeltUnknown::String(value) = arg1.clone() { value } else { panic!("unknown is not string") } }));
   |

warning: unnecessary parentheses around block return value
  --> src/differenceWith_test.rs:80:120
   |
80 | ...ool { (arg0.to_string() == if let SmeltUnknown::String(value) = arg1.clone() { value } else { panic!("unknown is not string") }) }));
   |          ^                                                                                                                        ^
   |
help: remove these parentheses
   |
80 -     let _smelt_tmp_2 = ::std::rc::Rc::new(::std::cell::RefCell::new(|arg0: SmeltUnknown, arg1: SmeltUnknown| -> bool { (arg0.to_string() == if let SmeltUnknown::String(value) = arg1.clone() { value } else { panic!("unknown is not string") }) }));
80 +     let _smelt_tmp_2 = ::std::rc::Rc::new(::std::cell::RefCell::new(|arg0: SmeltUnknown, arg1: SmeltUnknown| -> bool { arg0.to_string() == if let SmeltUnknown::String(value) = arg1.clone() { value } else { panic!("unknown is not string") } }));
   |

warning: unnecessary parentheses around function argument
  --> src/divide_test.rs:25:54
   |
25 |     _smelt_tmp_2 = (&mut *_smelt_tmp_1.borrow_mut())(((12.0 as f64).trunc() as i64));
   |                                                      ^                            ^
   |
help: remove these parentheses
   |
25 -     _smelt_tmp_2 = (&mut *_smelt_tmp_1.borrow_mut())(((12.0 as f64).trunc() as i64));
25 +     _smelt_tmp_2 = (&mut *_smelt_tmp_1.borrow_mut())((12.0 as f64).trunc() as i64);
   |

warning: unnecessary parentheses around function argument
  --> src/dropWhile.rs:40:45
   |
40 |     _smelt_tmp_11 = predicate(item.clone(), (index.clone() as f64), data.clone());
   |                                             ^                    ^
   |
help: remove these parentheses
   |
40 -     _smelt_tmp_11 = predicate(item.clone(), (index.clone() as f64), data.clone());
40 +     _smelt_tmp_11 = predicate(item.clone(), index.clone() as f64, data.clone());
   |

warning: unnecessary parentheses around block return value
   --> src/evolve_test.rs:218:113
    |
218 |     let _smelt_tmp_2 = ::std::rc::Rc::new(::std::cell::RefCell::new(|arg0: f64, arg1: f64, arg2: f64| -> bool { (false && false) }));
    |                                                                                                                 ^              ^
    |
help: remove these parentheses
    |
218 -     let _smelt_tmp_2 = ::std::rc::Rc::new(::std::cell::RefCell::new(|arg0: f64, arg1: f64, arg2: f64| -> bool { (false && false) }));
218 +     let _smelt_tmp_2 = ::std::rc::Rc::new(::std::cell::RefCell::new(|arg0: f64, arg1: f64, arg2: f64| -> bool { false && false }));
    |

warning: unnecessary parentheses around block return value
   --> src/evolve_test.rs:508:116
    |
508 |     let _smelt_tmp_2 = ::std::rc::Rc::new(::std::cell::RefCell::new(|arg0: f64, arg1: f64, arg2: String| -> bool { (false && false) }));
    |                                                                                                                    ^              ^
    |
help: remove these parentheses
    |
508 -     let _smelt_tmp_2 = ::std::rc::Rc::new(::std::cell::RefCell::new(|arg0: f64, arg1: f64, arg2: String| -> bool { (false && false) }));
508 +     let _smelt_tmp_2 = ::std::rc::Rc::new(::std::cell::RefCell::new(|arg0: f64, arg1: f64, arg2: String| -> bool { false && false }));
    |

warning: unnecessary parentheses around function argument
  --> src/filter.rs:18:237
   |
18 | ...e().clone(); predicate((item.clone()).into_smelt_unknown(), (index as f64), array.clone()) }).map(|(_, item)| item.clone()).collect::<...
   |                                                                ^            ^
   |
help: remove these parentheses
   |
18 -     let _smelt_tmp_3: Vec<SmeltUnknown> = data.clone().iter().enumerate().filter(|(index, item)| { let item = (**item).clone(); let index = *index as f64; let array = data.clone().clone(); predicate((item.clone()).into_smelt_unknown(), (index as f64), array.clone()) }).map(|(_, item)| item.clone()).collect::<Vec<_>>();
18 +     let _smelt_tmp_3: Vec<SmeltUnknown> = data.clone().iter().enumerate().filter(|(index, item)| { let item = (**item).clone(); let index = *index as f64; let array = data.clone().clone(); predicate((item.clone()).into_smelt_unknown(), index as f64, array.clone()) }).map(|(_, item)| item.clone()).collect::<Vec<_>>();
   |

warning: unnecessary parentheses around block return value
  --> src/filter_test.rs:18:91
   |
18 |     let _smelt_tmp_2 = ::std::rc::Rc::new(::std::cell::RefCell::new(|arg0: f64| -> bool { ((arg0 % 2.0) == 1.0) }));
   |                                                                                           ^                   ^
   |
help: remove these parentheses
   |
18 -     let _smelt_tmp_2 = ::std::rc::Rc::new(::std::cell::RefCell::new(|arg0: f64| -> bool { ((arg0 % 2.0) == 1.0) }));
18 +     let _smelt_tmp_2 = ::std::rc::Rc::new(::std::cell::RefCell::new(|arg0: f64| -> bool { (arg0 % 2.0) == 1.0 }));
   |

warning: unnecessary parentheses around block return value
  --> src/filter_test.rs:63:120
   |
63 | ... { (((if let SmeltUnknown::Number(value) = arg0.clone() { value } else { panic!("unknown is not number") } % 2.0) == 1.0) && (if let SmeltUnknown::Number(value) = arg1.clone() { value } else { panic!("unknown is not number") } != 1.0)) }));
   |       ^                                                                                                                                                                                                                                      ^
   |
help: remove these parentheses
   |
63 -     let _smelt_tmp_2 = ::std::rc::Rc::new(::std::cell::RefCell::new(|arg0: SmeltUnknown, arg1: SmeltUnknown| -> bool { (((if let SmeltUnknown::Number(value) = arg0.clone() { value } else { panic!("unknown is not number") } % 2.0) == 1.0) && (if let SmeltUnknown::Number(value) = arg1.clone() { value } else { panic!("unknown is not number") } != 1.0)) }));
63 +     let _smelt_tmp_2 = ::std::rc::Rc::new(::std::cell::RefCell::new(|arg0: SmeltUnknown, arg1: SmeltUnknown| -> bool { ((if let SmeltUnknown::Number(value) = arg0.clone() { value } else { panic!("unknown is not number") } % 2.0) == 1.0) && (if let SmeltUnknown::Number(value) = arg1.clone() { value } else { panic!("unknown is not number") } != 1.0) }));
   |

warning: unnecessary parentheses around block return value
  --> src/filter_test.rs:91:91
   |
91 |     let _smelt_tmp_3 = ::std::rc::Rc::new(::std::cell::RefCell::new(|arg0: f64| -> bool { ((arg0 % 2.0) == 1.0) }));
   |                                                                                           ^                   ^
   |
help: remove these parentheses
   |
91 -     let _smelt_tmp_3 = ::std::rc::Rc::new(::std::cell::RefCell::new(|arg0: f64| -> bool { ((arg0 % 2.0) == 1.0) }));
91 +     let _smelt_tmp_3 = ::std::rc::Rc::new(::std::cell::RefCell::new(|arg0: f64| -> bool { (arg0 % 2.0) == 1.0 }));
   |

warning: unnecessary parentheses around block return value
   --> src/filter_test.rs:166:120
    |
166 | ... { (((if let SmeltUnknown::Number(value) = arg0.clone() { value } else { panic!("unknown is not number") } % 2.0) == 1.0) && (if let SmeltUnknown::Number(value) = arg1.clone() { value } else { panic!("unknown is not number") } != 1.0)) }));
    |       ^                                                                                                                                                                                                                                      ^
    |
help: remove these parentheses
    |
166 -     let _smelt_tmp_3 = ::std::rc::Rc::new(::std::cell::RefCell::new(|arg0: SmeltUnknown, arg1: SmeltUnknown| -> bool { (((if let SmeltUnknown::Number(value) = arg0.clone() { value } else { panic!("unknown is not number") } % 2.0) == 1.0) && (if let SmeltUnknown::Number(value) = arg1.clone() { value } else { panic!("unknown is not number") } != 1.0)) }));
166 +     let _smelt_tmp_3 = ::std::rc::Rc::new(::std::cell::RefCell::new(|arg0: SmeltUnknown, arg1: SmeltUnknown| -> bool { ((if let SmeltUnknown::Number(value) = arg0.clone() { value } else { panic!("unknown is not number") } % 2.0) == 1.0) && (if let SmeltUnknown::Number(value) = arg1.clone() { value } else { panic!("unknown is not number") } != 1.0) }));
    |

warning: unnecessary parentheses around function argument
  --> src/find.rs:19:238
   |
19 | ...e().clone(); predicate((item.clone()).into_smelt_unknown(), (index as f64), array.clone()) }).map(|(_, item)| item.clone());
   |                                                                ^            ^
   |
help: remove these parentheses
   |
19 -     let _smelt_tmp_3: Option<SmeltUnknown> = data.clone().iter().enumerate().find(|(index, item)| { let item = (**item).clone(); let index = *index as f64; let array = data.clone().clone(); predicate((item.clone()).into_smelt_unknown(), (index as f64), array.clone()) }).map(|(_, item)| item.clone());
19 +     let _smelt_tmp_3: Option<SmeltUnknown> = data.clone().iter().enumerate().find(|(index, item)| { let item = (**item).clone(); let index = *index as f64; let array = data.clone().clone(); predicate((item.clone()).into_smelt_unknown(), index as f64, array.clone()) }).map(|(_, item)| item.clone());
   |

warning: unnecessary parentheses around function argument
  --> src/findIndex.rs:17:223
   |
17 | ...e().clone(); predicate((item.clone()).into_smelt_unknown(), (index as f64), array.clone()) }).map_or(-1.0, |idx| idx as f64);
   |                                                                ^            ^
   |
help: remove these parentheses
   |
17 -     let _smelt_tmp_3: f64 = data.clone().iter().enumerate().position(|(index, item)| { let item = (*item).clone(); let index = index as f64; let array = data.clone().clone(); predicate((item.clone()).into_smelt_unknown(), (index as f64), array.clone()) }).map_or(-1.0, |idx| idx as f64);
17 +     let _smelt_tmp_3: f64 = data.clone().iter().enumerate().position(|(index, item)| { let item = (*item).clone(); let index = index as f64; let array = data.clone().clone(); predicate((item.clone()).into_smelt_unknown(), index as f64, array.clone()) }).map_or(-1.0, |idx| idx as f64);
   |

warning: unnecessary parentheses around block return value
  --> src/findLastIndex_test.rs:10:91
   |
10 |     let _smelt_tmp_1 = ::std::rc::Rc::new(::std::cell::RefCell::new(|arg0: f64| -> bool { ((arg0 % 2.0) == 1.0) }));
   |                                                                                           ^                   ^
   |
help: remove these parentheses
   |
10 -     let _smelt_tmp_1 = ::std::rc::Rc::new(::std::cell::RefCell::new(|arg0: f64| -> bool { ((arg0 % 2.0) == 1.0) }));
10 +     let _smelt_tmp_1 = ::std::rc::Rc::new(::std::cell::RefCell::new(|arg0: f64| -> bool { (arg0 % 2.0) == 1.0 }));
   |

warning: unnecessary parentheses around block return value
  --> src/findLastIndex_test.rs:58:91
   |
58 |     let _smelt_tmp_1 = ::std::rc::Rc::new(::std::cell::RefCell::new(|arg0: f64| -> bool { ((arg0 % 2.0) == 1.0) }));
   |                                                                                           ^                   ^
   |
help: remove these parentheses
   |
58 -     let _smelt_tmp_1 = ::std::rc::Rc::new(::std::cell::RefCell::new(|arg0: f64| -> bool { ((arg0 % 2.0) == 1.0) }));
58 +     let _smelt_tmp_1 = ::std::rc::Rc::new(::std::cell::RefCell::new(|arg0: f64| -> bool { (arg0 % 2.0) == 1.0 }));
   |

warning: unnecessary parentheses around block return value
  --> src/findLast_test.rs:11:91
   |
11 |     let _smelt_tmp_1 = ::std::rc::Rc::new(::std::cell::RefCell::new(|arg0: f64| -> bool { ((arg0 % 2.0) == 1.0) }));
   |                                                                                           ^                   ^
   |
help: remove these parentheses
   |
11 -     let _smelt_tmp_1 = ::std::rc::Rc::new(::std::cell::RefCell::new(|arg0: f64| -> bool { ((arg0 % 2.0) == 1.0) }));
11 +     let _smelt_tmp_1 = ::std::rc::Rc::new(::std::cell::RefCell::new(|arg0: f64| -> bool { (arg0 % 2.0) == 1.0 }));
   |

warning: unnecessary parentheses around block return value
  --> src/findLast_test.rs:28:120
   |
28 | ... { ((if let SmeltUnknown::Number(value) = arg0.clone() { value } else { panic!("unknown is not number") } == 3.0) && (if let SmeltUnknown::Number(value) = arg1.clone() { value } else { panic!("unknown is not number") } == 2.0)) }));
   |       ^                                                                                                                                                                                                                              ^
   |
help: remove these parentheses
   |
28 -     let _smelt_tmp_1 = ::std::rc::Rc::new(::std::cell::RefCell::new(|arg0: SmeltUnknown, arg1: SmeltUnknown| -> bool { ((if let SmeltUnknown::Number(value) = arg0.clone() { value } else { panic!("unknown is not number") } == 3.0) && (if let SmeltUnknown::Number(value) = arg1.clone() { value } else { panic!("unknown is not number") } == 2.0)) }));
28 +     let _smelt_tmp_1 = ::std::rc::Rc::new(::std::cell::RefCell::new(|arg0: SmeltUnknown, arg1: SmeltUnknown| -> bool { (if let SmeltUnknown::Number(value) = arg0.clone() { value } else { panic!("unknown is not number") } == 3.0) && (if let SmeltUnknown::Number(value) = arg1.clone() { value } else { panic!("unknown is not number") } == 2.0) }));
   |

warning: unnecessary parentheses around block return value
  --> src/findLast_test.rs:80:91
   |
80 |     let _smelt_tmp_1 = ::std::rc::Rc::new(::std::cell::RefCell::new(|arg0: f64| -> bool { ((arg0 % 2.0) == 1.0) }));
   |                                                                                           ^                   ^
   |
help: remove these parentheses
   |
80 -     let _smelt_tmp_1 = ::std::rc::Rc::new(::std::cell::RefCell::new(|arg0: f64| -> bool { ((arg0 % 2.0) == 1.0) }));
80 +     let _smelt_tmp_1 = ::std::rc::Rc::new(::std::cell::RefCell::new(|arg0: f64| -> bool { (arg0 % 2.0) == 1.0 }));
   |

warning: unnecessary parentheses around block return value
   --> src/findLast_test.rs:100:120
    |
100 | ... { ((if let SmeltUnknown::Number(value) = arg0.clone() { value } else { panic!("unknown is not number") } == 3.0) && (if let SmeltUnknown::Number(value) = arg1.clone() { value } else { panic!("unknown is not number") } == 2.0)) }));
    |       ^                                                                                                                                                                                                                              ^
    |
help: remove these parentheses
    |
100 -     let _smelt_tmp_1 = ::std::rc::Rc::new(::std::cell::RefCell::new(|arg0: SmeltUnknown, arg1: SmeltUnknown| -> bool { ((if let SmeltUnknown::Number(value) = arg0.clone() { value } else { panic!("unknown is not number") } == 3.0) && (if let SmeltUnknown::Number(value) = arg1.clone() { value } else { panic!("unknown is not number") } == 2.0)) }));
100 +     let _smelt_tmp_1 = ::std::rc::Rc::new(::std::cell::RefCell::new(|arg0: SmeltUnknown, arg1: SmeltUnknown| -> bool { (if let SmeltUnknown::Number(value) = arg0.clone() { value } else { panic!("unknown is not number") } == 3.0) && (if let SmeltUnknown::Number(value) = arg1.clone() { value } else { panic!("unknown is not number") } == 2.0) }));
    |

warning: unnecessary parentheses around block return value
  --> src/find_test.rs:16:100
   |
16 |     let _smelt_tmp_5 = ::std::rc::Rc::new(::std::cell::RefCell::new(|arg0: SmeltUnknown| -> bool { (0.0 == 2.0) }));
   |                                                                                                    ^          ^
   |
help: remove these parentheses
   |
16 -     let _smelt_tmp_5 = ::std::rc::Rc::new(::std::cell::RefCell::new(|arg0: SmeltUnknown| -> bool { (0.0 == 2.0) }));
16 +     let _smelt_tmp_5 = ::std::rc::Rc::new(::std::cell::RefCell::new(|arg0: SmeltUnknown| -> bool { 0.0 == 2.0 }));
   |

warning: unnecessary parentheses around block return value
  --> src/find_test.rs:39:120
   |
39 | ... { ((0.0 == 2.0) && (if let SmeltUnknown::Number(value) = arg1.clone() { value } else { panic!("unknown is not number") } == 1.0)) }));
   |       ^                                                                                                                             ^
   |
help: remove these parentheses
   |
39 -     let _smelt_tmp_5 = ::std::rc::Rc::new(::std::cell::RefCell::new(|arg0: SmeltUnknown, arg1: SmeltUnknown| -> bool { ((0.0 == 2.0) && (if let SmeltUnknown::Number(value) = arg1.clone() { value } else { panic!("unknown is not number") } == 1.0)) }));
39 +     let _smelt_tmp_5 = ::std::rc::Rc::new(::std::cell::RefCell::new(|arg0: SmeltUnknown, arg1: SmeltUnknown| -> bool { (0.0 == 2.0) && (if let SmeltUnknown::Number(value) = arg1.clone() { value } else { panic!("unknown is not number") } == 1.0) }));
   |

warning: unnecessary parentheses around block return value
  --> src/find_test.rs:75:97
   |
75 |     _smelt_tmp_10 = ::std::rc::Rc::new(::std::cell::RefCell::new(|arg0: SmeltUnknown| -> bool { (0.0 == 2.0) }));
   |                                                                                                 ^          ^
   |
help: remove these parentheses
   |
75 -     _smelt_tmp_10 = ::std::rc::Rc::new(::std::cell::RefCell::new(|arg0: SmeltUnknown| -> bool { (0.0 == 2.0) }));
75 +     _smelt_tmp_10 = ::std::rc::Rc::new(::std::cell::RefCell::new(|arg0: SmeltUnknown| -> bool { 0.0 == 2.0 }));
   |

warning: unnecessary parentheses around block return value
   --> src/find_test.rs:119:117
    |
119 | ... { ((0.0 == 2.0) && (if let SmeltUnknown::Number(value) = arg1.clone() { value } else { panic!("unknown is not number") } == 1.0)) }));
    |       ^                                                                                                                             ^
    |
help: remove these parentheses
    |
119 -     _smelt_tmp_10 = ::std::rc::Rc::new(::std::cell::RefCell::new(|arg0: SmeltUnknown, arg1: SmeltUnknown| -> bool { ((0.0 == 2.0) && (if let SmeltUnknown::Number(value) = arg1.clone() { value } else { panic!("unknown is not number") } == 1.0)) }));
119 +     _smelt_tmp_10 = ::std::rc::Rc::new(::std::cell::RefCell::new(|arg0: SmeltUnknown, arg1: SmeltUnknown| -> bool { (0.0 == 2.0) && (if let SmeltUnknown::Number(value) = arg1.clone() { value } else { panic!("unknown is not number") } == 1.0) }));
    |

warning: unnecessary parentheses around block return value
   --> src/first_test.rs:262:97
    |
262 |     _smelt_tmp_12 = ::std::rc::Rc::new(::std::cell::RefCell::new(|arg0: SmeltUnknown| -> bool { (0.0 == 4.0) }));
    |                                                                                                 ^          ^
    |
help: remove these parentheses
    |
262 -     _smelt_tmp_12 = ::std::rc::Rc::new(::std::cell::RefCell::new(|arg0: SmeltUnknown| -> bool { (0.0 == 4.0) }));
262 +     _smelt_tmp_12 = ::std::rc::Rc::new(::std::cell::RefCell::new(|arg0: SmeltUnknown| -> bool { 0.0 == 4.0 }));
    |

warning: unnecessary parentheses around block return value
   --> src/first_test.rs:272:88
    |
272 |     _smelt_tmp_19 = ::std::rc::Rc::new(::std::cell::RefCell::new(|arg0: f64| -> bool { ((arg0 % 2.0) == 1.0) }));
    |                                                                                        ^                   ^
    |
help: remove these parentheses
    |
272 -     _smelt_tmp_19 = ::std::rc::Rc::new(::std::cell::RefCell::new(|arg0: f64| -> bool { ((arg0 % 2.0) == 1.0) }));
272 +     _smelt_tmp_19 = ::std::rc::Rc::new(::std::cell::RefCell::new(|arg0: f64| -> bool { (arg0 % 2.0) == 1.0 }));
    |

warning: unnecessary parentheses around block return value
   --> src/flat_test.rs:416:88
    |
416 |     _smelt_tmp_11 = ::std::rc::Rc::new(::std::cell::RefCell::new(|arg0: f64| -> bool { ((arg0 - 1.0) == 2.0) }));
    |                                                                                        ^                   ^
    |
help: remove these parentheses
    |
416 -     _smelt_tmp_11 = ::std::rc::Rc::new(::std::cell::RefCell::new(|arg0: f64| -> bool { ((arg0 - 1.0) == 2.0) }));
416 +     _smelt_tmp_11 = ::std::rc::Rc::new(::std::cell::RefCell::new(|arg0: f64| -> bool { (arg0 - 1.0) == 2.0 }));
    |

warning: unnecessary parentheses around block return value
   --> src/flat_test.rs:476:88
    |
476 |     _smelt_tmp_18 = ::std::rc::Rc::new(::std::cell::RefCell::new(|arg0: f64| -> bool { ((arg0 - 1.0) == 2.0) }));
    |                                                                                        ^                   ^
    |
help: remove these parentheses
    |
476 -     _smelt_tmp_18 = ::std::rc::Rc::new(::std::cell::RefCell::new(|arg0: f64| -> bool { ((arg0 - 1.0) == 2.0) }));
476 +     _smelt_tmp_18 = ::std::rc::Rc::new(::std::cell::RefCell::new(|arg0: f64| -> bool { (arg0 - 1.0) == 2.0 }));
    |

warning: unnecessary parentheses around block return value
   --> src/flat_test.rs:707:88
    |
707 |     _smelt_tmp_13 = ::std::rc::Rc::new(::std::cell::RefCell::new(|arg0: f64| -> bool { ((arg0 - 1.0) == 2.0) }));
    |                                                                                        ^                   ^
    |
help: remove these parentheses
    |
707 -     _smelt_tmp_13 = ::std::rc::Rc::new(::std::cell::RefCell::new(|arg0: f64| -> bool { ((arg0 - 1.0) == 2.0) }));
707 +     _smelt_tmp_13 = ::std::rc::Rc::new(::std::cell::RefCell::new(|arg0: f64| -> bool { (arg0 - 1.0) == 2.0 }));
    |

warning: unnecessary parentheses around block return value
   --> src/flat_test.rs:817:88
    |
817 |     _smelt_tmp_16 = ::std::rc::Rc::new(::std::cell::RefCell::new(|arg0: f64| -> bool { ((arg0 - 1.0) == 2.0) }));
    |                                                                                        ^                   ^
    |
help: remove these parentheses
    |
817 -     _smelt_tmp_16 = ::std::rc::Rc::new(::std::cell::RefCell::new(|arg0: f64| -> bool { ((arg0 - 1.0) == 2.0) }));
817 +     _smelt_tmp_16 = ::std::rc::Rc::new(::std::cell::RefCell::new(|arg0: f64| -> bool { (arg0 - 1.0) == 2.0 }));
    |

warning: unnecessary parentheses around function argument
  --> src/fromKeys.rs:37:86
   |
37 |     _smelt_tmp_13 = mapper(SmeltUnknown::Object(::std::collections::HashMap::new()), (index.clone() as f64), data.clone());
   |                                                                                      ^                    ^
   |
help: remove these parentheses
   |
37 -     _smelt_tmp_13 = mapper(SmeltUnknown::Object(::std::collections::HashMap::new()), (index.clone() as f64), data.clone());
37 +     _smelt_tmp_13 = mapper(SmeltUnknown::Object(::std::collections::HashMap::new()), index.clone() as f64, data.clone());
   |

warning: unnecessary parentheses around assigned value
  --> src/fromKeys_test.rs:65:44
   |
65 |     move || -> f64 { { let _ = { counter = (counter.clone() + 1.0); counter.clone() }; counter.clone() } }
   |                                            ^                     ^
   |
help: remove these parentheses
   |
65 -     move || -> f64 { { let _ = { counter = (counter.clone() + 1.0); counter.clone() }; counter.clone() } }
65 +     move || -> f64 { { let _ = { counter = counter.clone() + 1.0; counter.clone() }; counter.clone() } }
   |

warning: unnecessary parentheses around assigned value
   --> src/fromKeys_test.rs:202:44
    |
202 |     move || -> f64 { { let _ = { counter = (counter.clone() + 1.0); counter.clone() }; counter.clone() } }
    |                                            ^                     ^
    |
help: remove these parentheses
    |
202 -     move || -> f64 { { let _ = { counter = (counter.clone() + 1.0); counter.clone() }; counter.clone() } }
202 +     move || -> f64 { { let _ = { counter = counter.clone() + 1.0; counter.clone() }; counter.clone() } }
    |

warning: unnecessary parentheses around method argument
   --> src/funnel.rs:127:86
    |
127 |     _smelt_tmp_34 = (*smelt_capture_burst_start_timestamp).clone().clone().unwrap_or((now.clone() as f64));
    |                                                                                      ^                  ^
    |
help: remove these parentheses
    |
127 -     _smelt_tmp_34 = (*smelt_capture_burst_start_timestamp).clone().clone().unwrap_or((now.clone() as f64));
127 +     _smelt_tmp_34 = (*smelt_capture_burst_start_timestamp).clone().clone().unwrap_or(now.clone() as f64);
    |

warning: unnecessary parentheses around method argument
   --> src/funnel.rs:188:86
    |
188 |     _smelt_tmp_34 = (*smelt_capture_burst_start_timestamp).clone().clone().unwrap_or((now.clone() as f64));
    |                                                                                      ^                  ^
    |
help: remove these parentheses
    |
188 -     _smelt_tmp_34 = (*smelt_capture_burst_start_timestamp).clone().clone().unwrap_or((now.clone() as f64));
188 +     _smelt_tmp_34 = (*smelt_capture_burst_start_timestamp).clone().clone().unwrap_or(now.clone() as f64);
    |

warning: unnecessary parentheses around assigned value
   --> src/funnel_lodash_debounce_with_cached_value_test.rs:379:47
    |
379 |     move || -> f64 { { let _ = { call_count = (call_count.clone() + 1.0); call_count.clone() }; call_count.clone() } }
    |                                               ^                        ^
    |
help: remove these parentheses
    |
379 -     move || -> f64 { { let _ = { call_count = (call_count.clone() + 1.0); call_count.clone() }; call_count.clone() } }
379 +     move || -> f64 { { let _ = { call_count = call_count.clone() + 1.0; call_count.clone() }; call_count.clone() } }
    |

warning: unnecessary parentheses around assigned value
   --> src/funnel_lodash_debounce_with_cached_value_test.rs:426:47
    |
426 |     move || -> f64 { { let _ = { call_count = (call_count.clone() + 1.0); call_count.clone() }; call_count.clone() } }
    |                                               ^                        ^
    |
help: remove these parentheses
    |
426 -     move || -> f64 { { let _ = { call_count = (call_count.clone() + 1.0); call_count.clone() }; call_count.clone() } }
426 +     move || -> f64 { { let _ = { call_count = call_count.clone() + 1.0; call_count.clone() }; call_count.clone() } }
    |

warning: unnecessary parentheses around assigned value
   --> src/funnel_lodash_throttle_with_cached_value_test.rs:301:47
    |
301 |     move || -> f64 { { let _ = { call_count = (call_count.clone() + 1.0); call_count.clone() }; call_count.clone() } }
    |                                               ^                        ^
    |
help: remove these parentheses
    |
301 -     move || -> f64 { { let _ = { call_count = (call_count.clone() + 1.0); call_count.clone() }; call_count.clone() } }
301 +     move || -> f64 { { let _ = { call_count = call_count.clone() + 1.0; call_count.clone() }; call_count.clone() } }
    |

warning: unnecessary parentheses around assigned value
   --> src/funnel_lodash_throttle_with_cached_value_test.rs:348:47
    |
348 |     move || -> f64 { { let _ = { call_count = (call_count.clone() + 1.0); call_count.clone() }; call_count.clone() } }
    |                                               ^                        ^
    |
help: remove these parentheses
    |
348 -     move || -> f64 { { let _ = { call_count = (call_count.clone() + 1.0); call_count.clone() }; call_count.clone() } }
348 +     move || -> f64 { { let _ = { call_count = call_count.clone() + 1.0; call_count.clone() }; call_count.clone() } }
    |

warning: unnecessary parentheses around `if` condition
  --> src/groupBy_test.rs:90:113
   |
90 | ...g> { if ((if let SmeltUnknown::Number(value) = arg0.clone() { value } else { panic!("unknown is not number") } % 2.0) == 0.0) { Some("...
   |            ^                                                                                                                   ^
   |
help: remove these parentheses
   |
90 -     let _smelt_tmp_2 = ::std::rc::Rc::new(::std::cell::RefCell::new(|arg0: SmeltUnknown| -> Option<String> { if ((if let SmeltUnknown::Number(value) = arg0.clone() { value } else { panic!("unknown is not number") } % 2.0) == 0.0) { Some("even".to_owned()) } else { None::<String> } }));
90 +     let _smelt_tmp_2 = ::std::rc::Rc::new(::std::cell::RefCell::new(|arg0: SmeltUnknown| -> Option<String> { if (if let SmeltUnknown::Number(value) = arg0.clone() { value } else { panic!("unknown is not number") } % 2.0) == 0.0 { Some("even".to_owned()) } else { None::<String> } }));
   |

warning: unnecessary parentheses around `if` condition
   --> src/groupBy_test.rs:119:133
    |
119 | ...g> { if ((if let SmeltUnknown::Number(value) = arg1.clone() { value } else { panic!("unknown is not number") } % 2.0) == 0.0) { Some("...
    |            ^                                                                                                                   ^
    |
help: remove these parentheses
    |
119 -     let _smelt_tmp_2 = ::std::rc::Rc::new(::std::cell::RefCell::new(|arg0: SmeltUnknown, arg1: SmeltUnknown| -> Option<String> { if ((if let SmeltUnknown::Number(value) = arg1.clone() { value } else { panic!("unknown is not number") } % 2.0) == 0.0) { Some("even".to_owned()) } else { None::<String> } }));
119 +     let _smelt_tmp_2 = ::std::rc::Rc::new(::std::cell::RefCell::new(|arg0: SmeltUnknown, arg1: SmeltUnknown| -> Option<String> { if (if let SmeltUnknown::Number(value) = arg1.clone() { value } else { panic!("unknown is not number") } % 2.0) == 0.0 { Some("even".to_owned()) } else { None::<String> } }));
    |

warning: unnecessary parentheses around function argument
  --> src/indexBy.rs:38:42
   |
38 |     _smelt_tmp_14 = mapper(item.clone(), (index.clone() as f64), data.clone());
   |                                          ^                    ^
   |
help: remove these parentheses
   |
38 -     _smelt_tmp_14 = mapper(item.clone(), (index.clone() as f64), data.clone());
38 +     _smelt_tmp_14 = mapper(item.clone(), index.clone() as f64, data.clone());
   |

warning: unnecessary parentheses around block return value
  --> src/intersectionWith_test.rs:12:120
   |
12 | ...w(|arg0: SmeltUnknown, arg1: SmeltUnknown| -> bool { (SmeltUnknown::Null == arg1) }));
   |                                                         ^                          ^
   |
help: remove these parentheses
   |
12 -     let _smelt_tmp_2 = ::std::rc::Rc::new(::std::cell::RefCell::new(|arg0: SmeltUnknown, arg1: SmeltUnknown| -> bool { (SmeltUnknown::Null == arg1) }));
12 +     let _smelt_tmp_2 = ::std::rc::Rc::new(::std::cell::RefCell::new(|arg0: SmeltUnknown, arg1: SmeltUnknown| -> bool { SmeltUnknown::Null == arg1 }));
   |

warning: unnecessary parentheses around block return value
  --> src/intersectionWith_test.rs:32:120
   |
32 | ...w(|arg0: SmeltUnknown, arg1: SmeltUnknown| -> bool { (SmeltUnknown::Null == arg1) }));
   |                                                         ^                          ^
   |
help: remove these parentheses
   |
32 -     let _smelt_tmp_1 = ::std::rc::Rc::new(::std::cell::RefCell::new(|arg0: SmeltUnknown, arg1: SmeltUnknown| -> bool { (SmeltUnknown::Null == arg1) }));
32 +     let _smelt_tmp_1 = ::std::rc::Rc::new(::std::cell::RefCell::new(|arg0: SmeltUnknown, arg1: SmeltUnknown| -> bool { SmeltUnknown::Null == arg1 }));
   |

warning: unnecessary parentheses around function argument
  --> src/mapToObj.rs:41:42
   |
41 |     _smelt_tmp_15 = fn_(element.clone(), (index.clone() as f64), array.clone());
   |                                          ^                    ^
   |
help: remove these parentheses
   |
41 -     _smelt_tmp_15 = fn_(element.clone(), (index.clone() as f64), array.clone());
41 +     _smelt_tmp_15 = fn_(element.clone(), index.clone() as f64, array.clone());
   |

warning: unnecessary parentheses around block return value
   --> src/map_test.rs:207:88
    |
207 |     _smelt_tmp_12 = ::std::rc::Rc::new(::std::cell::RefCell::new(|arg0: f64| -> bool { ((arg0 % 2.0) == 1.0) }));
    |                                                                                        ^                   ^
    |
help: remove these parentheses
    |
207 -     _smelt_tmp_12 = ::std::rc::Rc::new(::std::cell::RefCell::new(|arg0: f64| -> bool { ((arg0 % 2.0) == 1.0) }));
207 +     _smelt_tmp_12 = ::std::rc::Rc::new(::std::cell::RefCell::new(|arg0: f64| -> bool { (arg0 % 2.0) == 1.0 }));
    |

warning: unnecessary parentheses around function argument
  --> src/meanBy.rs:47:39
   |
47 |     _smelt_tmp_14 = fn_(item.clone(), (index.clone() as f64), array.clone());
   |                                       ^                    ^
   |
help: remove these parentheses
   |
47 -     _smelt_tmp_14 = fn_(item.clone(), (index.clone() as f64), array.clone());
47 +     _smelt_tmp_14 = fn_(item.clone(), index.clone() as f64, array.clone());
   |

warning: unnecessary parentheses around function argument
  --> src/multiply_test.rs:25:54
   |
25 |     _smelt_tmp_2 = (&mut *_smelt_tmp_1.borrow_mut())(((3.0 as f64).trunc() as i64));
   |                                                      ^                           ^
   |
help: remove these parentheses
   |
25 -     _smelt_tmp_2 = (&mut *_smelt_tmp_1.borrow_mut())(((3.0 as f64).trunc() as i64));
25 +     _smelt_tmp_2 = (&mut *_smelt_tmp_1.borrow_mut())((3.0 as f64).trunc() as i64);
   |

warning: unnecessary parentheses around function argument
  --> src/partition.rs:43:45
   |
43 |     _smelt_tmp_15 = predicate(item.clone(), (index.clone() as f64), data.clone());
   |                                             ^                    ^
   |
help: remove these parentheses
   |
43 -     _smelt_tmp_15 = predicate(item.clone(), (index.clone() as f64), data.clone());
43 +     _smelt_tmp_15 = predicate(item.clone(), index.clone() as f64, data.clone());
   |

warning: unnecessary parentheses around block return value
  --> src/partition_test.rs:22:100
   |
22 |     let _smelt_tmp_5 = ::std::rc::Rc::new(::std::cell::RefCell::new(|arg0: SmeltUnknown| -> bool { (0.0 == 1.0) }));
   |                                                                                                    ^          ^
   |
help: remove these parentheses
   |
22 -     let _smelt_tmp_5 = ::std::rc::Rc::new(::std::cell::RefCell::new(|arg0: SmeltUnknown| -> bool { (0.0 == 1.0) }));
22 +     let _smelt_tmp_5 = ::std::rc::Rc::new(::std::cell::RefCell::new(|arg0: SmeltUnknown| -> bool { 0.0 == 1.0 }));
   |

warning: unnecessary parentheses around block return value
   --> src/partition_test.rs:145:100
    |
145 |     let _smelt_tmp_5 = ::std::rc::Rc::new(::std::cell::RefCell::new(|arg0: SmeltUnknown| -> bool { (0.0 == 1.0) }));
    |                                                                                                    ^          ^
    |
help: remove these parentheses
    |
145 -     let _smelt_tmp_5 = ::std::rc::Rc::new(::std::cell::RefCell::new(|arg0: SmeltUnknown| -> bool { (0.0 == 1.0) }));
145 +     let _smelt_tmp_5 = ::std::rc::Rc::new(::std::cell::RefCell::new(|arg0: SmeltUnknown| -> bool { 0.0 == 1.0 }));
    |

warning: unnecessary parentheses around block return value
  --> src/pipe_test.rs:24:90
   |
24 |     let _smelt_tmp_1 = ::std::rc::Rc::new(::std::cell::RefCell::new(|arg0: f64| -> f64 { (arg0 * 2.0) }));
   |                                                                                          ^          ^
   |
help: remove these parentheses
   |
24 -     let _smelt_tmp_1 = ::std::rc::Rc::new(::std::cell::RefCell::new(|arg0: f64| -> f64 { (arg0 * 2.0) }));
24 +     let _smelt_tmp_1 = ::std::rc::Rc::new(::std::cell::RefCell::new(|arg0: f64| -> f64 { arg0 * 2.0 }));
   |

warning: unnecessary parentheses around block return value
  --> src/pipe_test.rs:40:90
   |
40 |     let _smelt_tmp_1 = ::std::rc::Rc::new(::std::cell::RefCell::new(|arg0: f64| -> f64 { (arg0 * 2.0) }));
   |                                                                                          ^          ^
   |
help: remove these parentheses
   |
40 -     let _smelt_tmp_1 = ::std::rc::Rc::new(::std::cell::RefCell::new(|arg0: f64| -> f64 { (arg0 * 2.0) }));
40 +     let _smelt_tmp_1 = ::std::rc::Rc::new(::std::cell::RefCell::new(|arg0: f64| -> f64 { arg0 * 2.0 }));
   |

warning: unnecessary parentheses around block return value
  --> src/pipe_test.rs:41:90
   |
41 |     let _smelt_tmp_2 = ::std::rc::Rc::new(::std::cell::RefCell::new(|arg0: f64| -> f64 { (arg0 * 3.0) }));
   |                                                                                          ^          ^
   |
help: remove these parentheses
   |
41 -     let _smelt_tmp_2 = ::std::rc::Rc::new(::std::cell::RefCell::new(|arg0: f64| -> f64 { (arg0 * 3.0) }));
41 +     let _smelt_tmp_2 = ::std::rc::Rc::new(::std::cell::RefCell::new(|arg0: f64| -> f64 { arg0 * 3.0 }));
   |

warning: unnecessary parentheses around block return value
   --> src/pipe_test.rs:117:87
    |
117 |     _smelt_tmp_6 = ::std::rc::Rc::new(::std::cell::RefCell::new(|arg0: f64| -> bool { (((arg0 / 10.0) % 2.0) == 1.0) }));
    |                                                                                       ^                            ^
    |
help: remove these parentheses
    |
117 -     _smelt_tmp_6 = ::std::rc::Rc::new(::std::cell::RefCell::new(|arg0: f64| -> bool { (((arg0 / 10.0) % 2.0) == 1.0) }));
117 +     _smelt_tmp_6 = ::std::rc::Rc::new(::std::cell::RefCell::new(|arg0: f64| -> bool { ((arg0 / 10.0) % 2.0) == 1.0 }));
    |

warning: unnecessary parentheses around block return value
  --> src/piped_test.rs:11:90
   |
11 |     let _smelt_tmp_1 = ::std::rc::Rc::new(::std::cell::RefCell::new(|arg0: f64| -> f64 { (arg0 * 2.0) }));
   |                                                                                          ^          ^
   |
help: remove these parentheses
   |
11 -     let _smelt_tmp_1 = ::std::rc::Rc::new(::std::cell::RefCell::new(|arg0: f64| -> f64 { (arg0 * 2.0) }));
11 +     let _smelt_tmp_1 = ::std::rc::Rc::new(::std::cell::RefCell::new(|arg0: f64| -> f64 { arg0 * 2.0 }));
   |

warning: unnecessary parentheses around block return value
  --> src/piped_test.rs:29:90
   |
29 |     let _smelt_tmp_1 = ::std::rc::Rc::new(::std::cell::RefCell::new(|arg0: f64| -> f64 { (arg0 * 2.0) }));
   |                                                                                          ^          ^
   |
help: remove these parentheses
   |
29 -     let _smelt_tmp_1 = ::std::rc::Rc::new(::std::cell::RefCell::new(|arg0: f64| -> f64 { (arg0 * 2.0) }));
29 +     let _smelt_tmp_1 = ::std::rc::Rc::new(::std::cell::RefCell::new(|arg0: f64| -> f64 { arg0 * 2.0 }));
   |

warning: unnecessary parentheses around block return value
  --> src/piped_test.rs:30:90
   |
30 |     let _smelt_tmp_2 = ::std::rc::Rc::new(::std::cell::RefCell::new(|arg0: f64| -> f64 { (arg0 * 3.0) }));
   |                                                                                          ^          ^
   |
help: remove these parentheses
   |
30 -     let _smelt_tmp_2 = ::std::rc::Rc::new(::std::cell::RefCell::new(|arg0: f64| -> f64 { (arg0 * 3.0) }));
30 +     let _smelt_tmp_2 = ::std::rc::Rc::new(::std::cell::RefCell::new(|arg0: f64| -> f64 { arg0 * 3.0 }));
   |

warning: unnecessary parentheses around function argument
  --> src/pullObject.rs:40:49
   |
40 |     _smelt_tmp_16 = key_extractor(item.clone(), (index.clone() as f64), data.clone());
   |                                                 ^                    ^
   |
help: remove these parentheses
   |
40 -     _smelt_tmp_16 = key_extractor(item.clone(), (index.clone() as f64), data.clone());
40 +     _smelt_tmp_16 = key_extractor(item.clone(), index.clone() as f64, data.clone());
   |

warning: unnecessary parentheses around function argument
  --> src/pullObject.rs:42:51
   |
42 |     _smelt_tmp_17 = value_extractor(item.clone(), (index.clone() as f64), data.clone());
   |                                                   ^                    ^
   |
help: remove these parentheses
   |
42 -     _smelt_tmp_17 = value_extractor(item.clone(), (index.clone() as f64), data.clone());
42 +     _smelt_tmp_17 = value_extractor(item.clone(), index.clone() as f64, data.clone());
   |

warning: unnecessary parentheses around block return value
   --> src/purryOrderRules.rs:206:120
    |
206 |     let _smelt_tmp_1 = ::std::rc::Rc::new(::std::cell::RefCell::new(|arg0: SmeltUnknown, arg1: SmeltUnknown| -> bool { (arg0 > arg1) }));
    |                                                                                                                        ^           ^
    |
help: remove these parentheses
    |
206 -     let _smelt_tmp_1 = ::std::rc::Rc::new(::std::cell::RefCell::new(|arg0: SmeltUnknown, arg1: SmeltUnknown| -> bool { (arg0 > arg1) }));
206 +     let _smelt_tmp_1 = ::std::rc::Rc::new(::std::cell::RefCell::new(|arg0: SmeltUnknown, arg1: SmeltUnknown| -> bool { arg0 > arg1 }));
    |

warning: unnecessary parentheses around block return value
   --> src/purryOrderRules.rs:207:120
    |
207 |     let _smelt_tmp_2 = ::std::rc::Rc::new(::std::cell::RefCell::new(|arg0: SmeltUnknown, arg1: SmeltUnknown| -> bool { (arg0 < arg1) }));
    |                                                                                                                        ^           ^
    |
help: remove these parentheses
    |
207 -     let _smelt_tmp_2 = ::std::rc::Rc::new(::std::cell::RefCell::new(|arg0: SmeltUnknown, arg1: SmeltUnknown| -> bool { (arg0 < arg1) }));
207 +     let _smelt_tmp_2 = ::std::rc::Rc::new(::std::cell::RefCell::new(|arg0: SmeltUnknown, arg1: SmeltUnknown| -> bool { arg0 < arg1 }));
    |

warning: unnecessary parentheses around `return` value
  --> src/randomBigInt.rs:87:12
   |
87 |     return ((result.clone() as f64).trunc() as i64);
   |            ^                                      ^
   |
help: remove these parentheses
   |
87 -     return ((result.clone() as f64).trunc() as i64);
87 +     return (result.clone() as f64).trunc() as i64;
   |

warning: unnecessary parentheses around function argument
  --> src/randomBigInt_test.rs:22:44
   |
22 |     let _smelt_tmp_1: i64 = random_big_int(((10.0 as f64).trunc() as i64), ((0.0 as f64).trunc() as i64))?;
   |                                            ^                            ^
   |
help: remove these parentheses
   |
22 -     let _smelt_tmp_1: i64 = random_big_int(((10.0 as f64).trunc() as i64), ((0.0 as f64).trunc() as i64))?;
22 +     let _smelt_tmp_1: i64 = random_big_int((10.0 as f64).trunc() as i64, ((0.0 as f64).trunc() as i64))?;
   |

warning: unnecessary parentheses around function argument
  --> src/randomBigInt_test.rs:22:76
   |
22 |     let _smelt_tmp_1: i64 = random_big_int(((10.0 as f64).trunc() as i64), ((0.0 as f64).trunc() as i64))?;
   |                                                                            ^                           ^
   |
help: remove these parentheses
   |
22 -     let _smelt_tmp_1: i64 = random_big_int(((10.0 as f64).trunc() as i64), ((0.0 as f64).trunc() as i64))?;
22 +     let _smelt_tmp_1: i64 = random_big_int(((10.0 as f64).trunc() as i64), (0.0 as f64).trunc() as i64)?;
   |

warning: unnecessary parentheses around function argument
  --> src/randomBigInt_test.rs:43:58
   |
43 |     let mut _smelt_tmp_1: SmeltUnknown = random_big_ints(((0.0 as f64).trunc() as i64), ((10.0 as f64).trunc() as i64))?;
   |                                                          ^                           ^
   |
help: remove these parentheses
   |
43 -     let mut _smelt_tmp_1: SmeltUnknown = random_big_ints(((0.0 as f64).trunc() as i64), ((10.0 as f64).trunc() as i64))?;
43 +     let mut _smelt_tmp_1: SmeltUnknown = random_big_ints((0.0 as f64).trunc() as i64, ((10.0 as f64).trunc() as i64))?;
   |

warning: unnecessary parentheses around function argument
  --> src/randomBigInt_test.rs:43:89
   |
43 |     let mut _smelt_tmp_1: SmeltUnknown = random_big_ints(((0.0 as f64).trunc() as i64), ((10.0 as f64).trunc() as i64))?;
   |                                                                                         ^                            ^
   |
help: remove these parentheses
   |
43 -     let mut _smelt_tmp_1: SmeltUnknown = random_big_ints(((0.0 as f64).trunc() as i64), ((10.0 as f64).trunc() as i64))?;
43 +     let mut _smelt_tmp_1: SmeltUnknown = random_big_ints(((0.0 as f64).trunc() as i64), (10.0 as f64).trunc() as i64)?;
   |

warning: unnecessary parentheses around function argument
  --> src/randomBigInt_test.rs:87:58
   |
87 |     let mut _smelt_tmp_3: SmeltUnknown = random_big_ints(((_smelt_tmp_1.clone() as f64).trunc() as i64), ((_smelt_tmp_2.clone() as f64).t...
   |                                                          ^                                            ^
   |
help: remove these parentheses
   |
87 -     let mut _smelt_tmp_3: SmeltUnknown = random_big_ints(((_smelt_tmp_1.clone() as f64).trunc() as i64), ((_smelt_tmp_2.clone() as f64).trunc() as i64))?;
87 +     let mut _smelt_tmp_3: SmeltUnknown = random_big_ints((_smelt_tmp_1.clone() as f64).trunc() as i64, ((_smelt_tmp_2.clone() as f64).trunc() as i64))?;
   |

warning: unnecessary parentheses around function argument
  --> src/randomBigInt_test.rs:87:106
   |
87 | ...melt_tmp_1.clone() as f64).trunc() as i64), ((_smelt_tmp_2.clone() as f64).trunc() as i64))?;
   |                                                ^                                            ^
   |
help: remove these parentheses
   |
87 -     let mut _smelt_tmp_3: SmeltUnknown = random_big_ints(((_smelt_tmp_1.clone() as f64).trunc() as i64), ((_smelt_tmp_2.clone() as f64).trunc() as i64))?;
87 +     let mut _smelt_tmp_3: SmeltUnknown = random_big_ints(((_smelt_tmp_1.clone() as f64).trunc() as i64), (_smelt_tmp_2.clone() as f64).trunc() as i64)?;
   |

warning: unnecessary parentheses around function argument
   --> src/randomBigInt_test.rs:124:58
    |
124 |     let mut _smelt_tmp_3: SmeltUnknown = random_big_ints(((10.0 as f64).trunc() as i64), ((10.0 as f64).trunc() as i64))?;
    |                                                          ^                            ^
    |
help: remove these parentheses
    |
124 -     let mut _smelt_tmp_3: SmeltUnknown = random_big_ints(((10.0 as f64).trunc() as i64), ((10.0 as f64).trunc() as i64))?;
124 +     let mut _smelt_tmp_3: SmeltUnknown = random_big_ints((10.0 as f64).trunc() as i64, ((10.0 as f64).trunc() as i64))?;
    |

warning: unnecessary parentheses around function argument
   --> src/randomBigInt_test.rs:124:90
    |
124 |     let mut _smelt_tmp_3: SmeltUnknown = random_big_ints(((10.0 as f64).trunc() as i64), ((10.0 as f64).trunc() as i64))?;
    |                                                                                          ^                            ^
    |
help: remove these parentheses
    |
124 -     let mut _smelt_tmp_3: SmeltUnknown = random_big_ints(((10.0 as f64).trunc() as i64), ((10.0 as f64).trunc() as i64))?;
124 +     let mut _smelt_tmp_3: SmeltUnknown = random_big_ints(((10.0 as f64).trunc() as i64), (10.0 as f64).trunc() as i64)?;
    |

warning: unnecessary parentheses around function argument
   --> src/randomBigInt_test.rs:154:58
    |
154 |     let mut _smelt_tmp_1: SmeltUnknown = random_big_ints(((9007199254740992.0 as f64).trunc() as i64), ((0.0 as f64).trunc() as i64))?;
    |                                                          ^                                          ^
    |
help: remove these parentheses
    |
154 -     let mut _smelt_tmp_1: SmeltUnknown = random_big_ints(((9007199254740992.0 as f64).trunc() as i64), ((0.0 as f64).trunc() as i64))?;
154 +     let mut _smelt_tmp_1: SmeltUnknown = random_big_ints((9007199254740992.0 as f64).trunc() as i64, ((0.0 as f64).trunc() as i64))?;
    |

warning: unnecessary parentheses around function argument
   --> src/randomBigInt_test.rs:154:104
    |
154 |     let mut _smelt_tmp_1: SmeltUnknown = random_big_ints(((9007199254740992.0 as f64).trunc() as i64), ((0.0 as f64).trunc() as i64))?;
    |                                                                                                        ^                           ^
    |
help: remove these parentheses
    |
154 -     let mut _smelt_tmp_1: SmeltUnknown = random_big_ints(((9007199254740992.0 as f64).trunc() as i64), ((0.0 as f64).trunc() as i64))?;
154 +     let mut _smelt_tmp_1: SmeltUnknown = random_big_ints(((9007199254740992.0 as f64).trunc() as i64), (0.0 as f64).trunc() as i64)?;
    |

warning: unnecessary parentheses around function argument
   --> src/randomBigInt_test.rs:196:58
    |
196 |     let mut _smelt_tmp_2: SmeltUnknown = random_big_ints(((0.0 as f64).trunc() as i64), ((_smelt_tmp_1.clone() as f64).trunc() as i64))?;
    |                                                          ^                           ^
    |
help: remove these parentheses
    |
196 -     let mut _smelt_tmp_2: SmeltUnknown = random_big_ints(((0.0 as f64).trunc() as i64), ((_smelt_tmp_1.clone() as f64).trunc() as i64))?;
196 +     let mut _smelt_tmp_2: SmeltUnknown = random_big_ints((0.0 as f64).trunc() as i64, ((_smelt_tmp_1.clone() as f64).trunc() as i64))?;
    |

warning: unnecessary parentheses around function argument
   --> src/randomBigInt_test.rs:196:89
    |
196 |     let mut _smelt_tmp_2: SmeltUnknown = random_big_ints(((0.0 as f64).trunc() as i64), ((_smelt_tmp_1.clone() as f64).trunc() as i64))?;
    |                                                                                         ^                                            ^
    |
help: remove these parentheses
    |
196 -     let mut _smelt_tmp_2: SmeltUnknown = random_big_ints(((0.0 as f64).trunc() as i64), ((_smelt_tmp_1.clone() as f64).trunc() as i64))?;
196 +     let mut _smelt_tmp_2: SmeltUnknown = random_big_ints(((0.0 as f64).trunc() as i64), (_smelt_tmp_1.clone() as f64).trunc() as i64)?;
    |

warning: unnecessary parentheses around function argument
   --> src/randomBigInt_test.rs:232:58
    |
232 |     let mut _smelt_tmp_3: SmeltUnknown = random_big_ints(((1.0 as f64).trunc() as i64), ((10.0 as f64).trunc() as i64))?;
    |                                                          ^                           ^
    |
help: remove these parentheses
    |
232 -     let mut _smelt_tmp_3: SmeltUnknown = random_big_ints(((1.0 as f64).trunc() as i64), ((10.0 as f64).trunc() as i64))?;
232 +     let mut _smelt_tmp_3: SmeltUnknown = random_big_ints((1.0 as f64).trunc() as i64, ((10.0 as f64).trunc() as i64))?;
    |

warning: unnecessary parentheses around function argument
   --> src/randomBigInt_test.rs:232:89
    |
232 |     let mut _smelt_tmp_3: SmeltUnknown = random_big_ints(((1.0 as f64).trunc() as i64), ((10.0 as f64).trunc() as i64))?;
    |                                                                                         ^                            ^
    |
help: remove these parentheses
    |
232 -     let mut _smelt_tmp_3: SmeltUnknown = random_big_ints(((1.0 as f64).trunc() as i64), ((10.0 as f64).trunc() as i64))?;
232 +     let mut _smelt_tmp_3: SmeltUnknown = random_big_ints(((1.0 as f64).trunc() as i64), (10.0 as f64).trunc() as i64)?;
    |

warning: unnecessary parentheses around function argument
   --> src/randomBigInt_test.rs:278:58
    |
278 |     let mut _smelt_tmp_5: SmeltUnknown = random_big_ints(((0.0 as f64).trunc() as i64), ((10.0 as f64).trunc() as i64))?;
    |                                                          ^                           ^
    |
help: remove these parentheses
    |
278 -     let mut _smelt_tmp_5: SmeltUnknown = random_big_ints(((0.0 as f64).trunc() as i64), ((10.0 as f64).trunc() as i64))?;
278 +     let mut _smelt_tmp_5: SmeltUnknown = random_big_ints((0.0 as f64).trunc() as i64, ((10.0 as f64).trunc() as i64))?;
    |

warning: unnecessary parentheses around function argument
   --> src/randomBigInt_test.rs:278:89
    |
278 |     let mut _smelt_tmp_5: SmeltUnknown = random_big_ints(((0.0 as f64).trunc() as i64), ((10.0 as f64).trunc() as i64))?;
    |                                                                                         ^                            ^
    |
help: remove these parentheses
    |
278 -     let mut _smelt_tmp_5: SmeltUnknown = random_big_ints(((0.0 as f64).trunc() as i64), ((10.0 as f64).trunc() as i64))?;
278 +     let mut _smelt_tmp_5: SmeltUnknown = random_big_ints(((0.0 as f64).trunc() as i64), (10.0 as f64).trunc() as i64)?;
    |

warning: unnecessary parentheses around function argument
   --> src/randomBigInt_test.rs:334:58
    |
334 |     let mut _smelt_tmp_7: SmeltUnknown = random_big_ints(((_smelt_tmp_5.clone() as f64).trunc() as i64), ((_smelt_tmp_6.clone() as f64).t...
    |                                                          ^                                            ^
    |
help: remove these parentheses
    |
334 -     let mut _smelt_tmp_7: SmeltUnknown = random_big_ints(((_smelt_tmp_5.clone() as f64).trunc() as i64), ((_smelt_tmp_6.clone() as f64).trunc() as i64))?;
334 +     let mut _smelt_tmp_7: SmeltUnknown = random_big_ints((_smelt_tmp_5.clone() as f64).trunc() as i64, ((_smelt_tmp_6.clone() as f64).trunc() as i64))?;
    |

warning: unnecessary parentheses around function argument
   --> src/randomBigInt_test.rs:334:106
    |
334 | ...melt_tmp_5.clone() as f64).trunc() as i64), ((_smelt_tmp_6.clone() as f64).trunc() as i64))?;
    |                                                ^                                            ^
    |
help: remove these parentheses
    |
334 -     let mut _smelt_tmp_7: SmeltUnknown = random_big_ints(((_smelt_tmp_5.clone() as f64).trunc() as i64), ((_smelt_tmp_6.clone() as f64).trunc() as i64))?;
334 +     let mut _smelt_tmp_7: SmeltUnknown = random_big_ints(((_smelt_tmp_5.clone() as f64).trunc() as i64), (_smelt_tmp_6.clone() as f64).trunc() as i64)?;
    |

warning: unnecessary parentheses around function argument
   --> src/randomBigInt_test.rs:383:58
    |
383 |     let mut _smelt_tmp_7: SmeltUnknown = random_big_ints(((10.0 as f64).trunc() as i64), ((10.0 as f64).trunc() as i64))?;
    |                                                          ^                            ^
    |
help: remove these parentheses
    |
383 -     let mut _smelt_tmp_7: SmeltUnknown = random_big_ints(((10.0 as f64).trunc() as i64), ((10.0 as f64).trunc() as i64))?;
383 +     let mut _smelt_tmp_7: SmeltUnknown = random_big_ints((10.0 as f64).trunc() as i64, ((10.0 as f64).trunc() as i64))?;
    |

warning: unnecessary parentheses around function argument
   --> src/randomBigInt_test.rs:383:90
    |
383 |     let mut _smelt_tmp_7: SmeltUnknown = random_big_ints(((10.0 as f64).trunc() as i64), ((10.0 as f64).trunc() as i64))?;
    |                                                                                          ^                            ^
    |
help: remove these parentheses
    |
383 -     let mut _smelt_tmp_7: SmeltUnknown = random_big_ints(((10.0 as f64).trunc() as i64), ((10.0 as f64).trunc() as i64))?;
383 +     let mut _smelt_tmp_7: SmeltUnknown = random_big_ints(((10.0 as f64).trunc() as i64), (10.0 as f64).trunc() as i64)?;
    |

warning: unnecessary parentheses around function argument
   --> src/randomBigInt_test.rs:425:58
    |
425 |     let mut _smelt_tmp_5: SmeltUnknown = random_big_ints(((9007199254740992.0 as f64).trunc() as i64), ((0.0 as f64).trunc() as i64))?;
    |                                                          ^                                          ^
    |
help: remove these parentheses
    |
425 -     let mut _smelt_tmp_5: SmeltUnknown = random_big_ints(((9007199254740992.0 as f64).trunc() as i64), ((0.0 as f64).trunc() as i64))?;
425 +     let mut _smelt_tmp_5: SmeltUnknown = random_big_ints((9007199254740992.0 as f64).trunc() as i64, ((0.0 as f64).trunc() as i64))?;
    |

warning: unnecessary parentheses around function argument
   --> src/randomBigInt_test.rs:425:104
    |
425 |     let mut _smelt_tmp_5: SmeltUnknown = random_big_ints(((9007199254740992.0 as f64).trunc() as i64), ((0.0 as f64).trunc() as i64))?;
    |                                                                                                        ^                           ^
    |
help: remove these parentheses
    |
425 -     let mut _smelt_tmp_5: SmeltUnknown = random_big_ints(((9007199254740992.0 as f64).trunc() as i64), ((0.0 as f64).trunc() as i64))?;
425 +     let mut _smelt_tmp_5: SmeltUnknown = random_big_ints(((9007199254740992.0 as f64).trunc() as i64), (0.0 as f64).trunc() as i64)?;
    |

warning: unnecessary parentheses around function argument
   --> src/randomBigInt_test.rs:479:58
    |
479 |     let mut _smelt_tmp_6: SmeltUnknown = random_big_ints(((0.0 as f64).trunc() as i64), ((_smelt_tmp_5.clone() as f64).trunc() as i64))?;
    |                                                          ^                           ^
    |
help: remove these parentheses
    |
479 -     let mut _smelt_tmp_6: SmeltUnknown = random_big_ints(((0.0 as f64).trunc() as i64), ((_smelt_tmp_5.clone() as f64).trunc() as i64))?;
479 +     let mut _smelt_tmp_6: SmeltUnknown = random_big_ints((0.0 as f64).trunc() as i64, ((_smelt_tmp_5.clone() as f64).trunc() as i64))?;
    |

warning: unnecessary parentheses around function argument
   --> src/randomBigInt_test.rs:479:89
    |
479 |     let mut _smelt_tmp_6: SmeltUnknown = random_big_ints(((0.0 as f64).trunc() as i64), ((_smelt_tmp_5.clone() as f64).trunc() as i64))?;
    |                                                                                         ^                                            ^
    |
help: remove these parentheses
    |
479 -     let mut _smelt_tmp_6: SmeltUnknown = random_big_ints(((0.0 as f64).trunc() as i64), ((_smelt_tmp_5.clone() as f64).trunc() as i64))?;
479 +     let mut _smelt_tmp_6: SmeltUnknown = random_big_ints(((0.0 as f64).trunc() as i64), (_smelt_tmp_5.clone() as f64).trunc() as i64)?;
    |

warning: unnecessary parentheses around function argument
   --> src/randomBigInt_test.rs:527:58
    |
527 |     let mut _smelt_tmp_7: SmeltUnknown = random_big_ints(((1.0 as f64).trunc() as i64), ((10.0 as f64).trunc() as i64))?;
    |                                                          ^                           ^
    |
help: remove these parentheses
    |
527 -     let mut _smelt_tmp_7: SmeltUnknown = random_big_ints(((1.0 as f64).trunc() as i64), ((10.0 as f64).trunc() as i64))?;
527 +     let mut _smelt_tmp_7: SmeltUnknown = random_big_ints((1.0 as f64).trunc() as i64, ((10.0 as f64).trunc() as i64))?;
    |

warning: unnecessary parentheses around function argument
   --> src/randomBigInt_test.rs:527:89
    |
527 |     let mut _smelt_tmp_7: SmeltUnknown = random_big_ints(((1.0 as f64).trunc() as i64), ((10.0 as f64).trunc() as i64))?;
    |                                                                                         ^                            ^
    |
help: remove these parentheses
    |
527 -     let mut _smelt_tmp_7: SmeltUnknown = random_big_ints(((1.0 as f64).trunc() as i64), ((10.0 as f64).trunc() as i64))?;
527 +     let mut _smelt_tmp_7: SmeltUnknown = random_big_ints(((1.0 as f64).trunc() as i64), (10.0 as f64).trunc() as i64)?;
    |

warning: unnecessary parentheses around `if` condition
  --> src/range.rs:48:195
   |
48 | ...let item = SmeltUnknown::Null; let index = index as f64; if (index == 0.0) { start.clone().clone() } else { (start.clone() + (index * ...
   |                                                                ^            ^
   |
help: remove these parentheses
   |
48 -     _smelt_tmp_16 = { let array_from_length = (length.clone() as f64).max(0.0).floor() as usize; (0..array_from_length).map(|index| { let item = SmeltUnknown::Null; let index = index as f64; if (index == 0.0) { start.clone().clone() } else { (start.clone() + (index * if let SmeltUnknown::Number(value) = step.clone().clone() { value } else { panic!("unknown is not number") })) } }).collect::<Vec<_>>() };
48 +     _smelt_tmp_16 = { let array_from_length = (length.clone() as f64).max(0.0).floor() as usize; (0..array_from_length).map(|index| { let item = SmeltUnknown::Null; let index = index as f64; if index == 0.0 { start.clone().clone() } else { (start.clone() + (index * if let SmeltUnknown::Number(value) = step.clone().clone() { value } else { panic!("unknown is not number") })) } }).collect::<Vec<_>>() };
   |

warning: unnecessary parentheses around block return value
  --> src/range.rs:48:243
   |
48 | ... { (start.clone() + (index * if let SmeltUnknown::Number(value) = step.clone().clone() { value } else { panic!("unknown is not number") })) } ...
   |       ^                                                                                                                                      ^
   |
help: remove these parentheses
   |
48 -     _smelt_tmp_16 = { let array_from_length = (length.clone() as f64).max(0.0).floor() as usize; (0..array_from_length).map(|index| { let item = SmeltUnknown::Null; let index = index as f64; if (index == 0.0) { start.clone().clone() } else { (start.clone() + (index * if let SmeltUnknown::Number(value) = step.clone().clone() { value } else { panic!("unknown is not number") })) } }).collect::<Vec<_>>() };
48 +     _smelt_tmp_16 = { let array_from_length = (length.clone() as f64).max(0.0).floor() as usize; (0..array_from_length).map(|index| { let item = SmeltUnknown::Null; let index = index as f64; if (index == 0.0) { start.clone().clone() } else { start.clone() + (index * if let SmeltUnknown::Number(value) = step.clone().clone() { value } else { panic!("unknown is not number") }) } }).collect::<Vec<_>>() };
   |

warning: unnecessary parentheses around assigned value
  --> src/rankBy_test.rs:39:132
   |
39 | ...t = left.clone(); let right = right.clone(); let ordering = (left - right); if ordering < 0.0 { std::cmp::Ordering::Less } else if ord...
   |                                                                ^            ^
   |
help: remove these parentheses
   |
39 -     let _smelt_tmp_6: Vec<f64> = { data.sort_by(|left, right| { let left = left.clone(); let right = right.clone(); let ordering = (left - right); if ordering < 0.0 { std::cmp::Ordering::Less } else if ordering > 0.0 { std::cmp::Ordering::Greater } else { std::cmp::Ordering::Equal } }); data.clone() };
39 +     let _smelt_tmp_6: Vec<f64> = { data.sort_by(|left, right| { let left = left.clone(); let right = right.clone(); let ordering = left - right; if ordering < 0.0 { std::cmp::Ordering::Less } else if ordering > 0.0 { std::cmp::Ordering::Greater } else { std::cmp::Ordering::Equal } }); data.clone() };
   |

warning: unnecessary parentheses around assigned value
  --> src/sample.rs:70:128
   |
70 | ...t = left.clone(); let right = right.clone(); let ordering = (left - right); if ordering < 0.0 { std::cmp::Ordering::Less } else if ord...
   |                                                                ^            ^
   |
help: remove these parentheses
   |
70 -     _smelt_tmp_22 = { _smelt_tmp_21.sort_by(|left, right| { let left = left.clone(); let right = right.clone(); let ordering = (left - right); if ordering < 0.0 { std::cmp::Ordering::Less } else if ordering > 0.0 { std::cmp::Ordering::Greater } else { std::cmp::Ordering::Equal } }); _smelt_tmp_21.clone() };
70 +     _smelt_tmp_22 = { _smelt_tmp_21.sort_by(|left, right| { let left = left.clone(); let right = right.clone(); let ordering = left - right; if ordering < 0.0 { std::cmp::Ordering::Less } else if ordering > 0.0 { std::cmp::Ordering::Greater } else { std::cmp::Ordering::Equal } }); _smelt_tmp_21.clone() };
   |

warning: unnecessary parentheses around closure body
  --> src/sample_test.rs:19:57
   |
19 |     return _smelt_tmp_2.clone().into_iter().map(|value| (value as f64)).collect::<Vec<_>>();
   |                                                         ^            ^
   |
help: remove these parentheses
   |
19 -     return _smelt_tmp_2.clone().into_iter().map(|value| (value as f64)).collect::<Vec<_>>();
19 +     return _smelt_tmp_2.clone().into_iter().map(|value| value as f64).collect::<Vec<_>>();
   |

warning: unnecessary parentheses around block return value
  --> src/sort_test.rs:12:101
   |
12 |     let _smelt_tmp_1 = ::std::rc::Rc::new(::std::cell::RefCell::new(|arg0: f64, arg1: f64| -> f64 { (arg0 - arg1) }));
   |                                                                                                     ^           ^
   |
help: remove these parentheses
   |
12 -     let _smelt_tmp_1 = ::std::rc::Rc::new(::std::cell::RefCell::new(|arg0: f64, arg1: f64| -> f64 { (arg0 - arg1) }));
12 +     let _smelt_tmp_1 = ::std::rc::Rc::new(::std::cell::RefCell::new(|arg0: f64, arg1: f64| -> f64 { arg0 - arg1 }));
   |

warning: unnecessary parentheses around block return value
  --> src/sort_test.rs:32:101
   |
32 |     let _smelt_tmp_1 = ::std::rc::Rc::new(::std::cell::RefCell::new(|arg0: f64, arg1: f64| -> f64 { (arg0 - arg1) }));
   |                                                                                                     ^           ^
   |
help: remove these parentheses
   |
32 -     let _smelt_tmp_1 = ::std::rc::Rc::new(::std::cell::RefCell::new(|arg0: f64, arg1: f64| -> f64 { (arg0 - arg1) }));
32 +     let _smelt_tmp_1 = ::std::rc::Rc::new(::std::cell::RefCell::new(|arg0: f64, arg1: f64| -> f64 { arg0 - arg1 }));
   |

warning: unnecessary parentheses around block return value
  --> src/sortedIndex.rs:18:41
   |
18 |     move |arg0: SmeltUnknown| -> bool { (arg0 < item.clone()) }
   |                                         ^                   ^
   |
help: remove these parentheses
   |
18 -     move |arg0: SmeltUnknown| -> bool { (arg0 < item.clone()) }
18 +     move |arg0: SmeltUnknown| -> bool { arg0 < item.clone() }
   |

warning: unnecessary parentheses around block return value
  --> src/sortedLastIndex.rs:18:41
   |
18 |     move |arg0: SmeltUnknown| -> bool { (arg0 <= item.clone()) }
   |                                         ^                    ^
   |
help: remove these parentheses
   |
18 -     move |arg0: SmeltUnknown| -> bool { (arg0 <= item.clone()) }
18 +     move |arg0: SmeltUnknown| -> bool { arg0 <= item.clone() }
   |

warning: unnecessary parentheses around method argument
  --> src/splitAt.rs:37:45
   |
37 |     _smelt_tmp_9 = _smelt_tmp_8.clone().max((0.0 as f64));
   |                                             ^          ^
   |
help: remove these parentheses
   |
37 -     _smelt_tmp_9 = _smelt_tmp_8.clone().max((0.0 as f64));
37 +     _smelt_tmp_9 = _smelt_tmp_8.clone().max(0.0 as f64);
   |

warning: unnecessary parentheses around function argument
  --> src/splitWhen.rs:23:223
   |
23 | ...e().clone(); predicate((item.clone()).into_smelt_unknown(), (index as f64), array.clone()) }).map_or(-1.0, |idx| idx as f64);
   |                                                                ^            ^
   |
help: remove these parentheses
   |
23 -     let _smelt_tmp_4: f64 = data.clone().iter().enumerate().position(|(index, item)| { let item = (*item).clone(); let index = index as f64; let array = data.clone().clone(); predicate((item.clone()).into_smelt_unknown(), (index as f64), array.clone()) }).map_or(-1.0, |idx| idx as f64);
23 +     let _smelt_tmp_4: f64 = data.clone().iter().enumerate().position(|(index, item)| { let item = (*item).clone(); let index = index as f64; let array = data.clone().clone(); predicate((item.clone()).into_smelt_unknown(), index as f64, array.clone()) }).map_or(-1.0, |idx| idx as f64);
   |

warning: unnecessary parentheses around function argument
  --> src/subtract_test.rs:40:54
   |
40 |     _smelt_tmp_2 = (&mut *_smelt_tmp_1.borrow_mut())(((10.0 as f64).trunc() as i64));
   |                                                      ^                            ^
   |
help: remove these parentheses
   |
40 -     _smelt_tmp_2 = (&mut *_smelt_tmp_1.borrow_mut())(((10.0 as f64).trunc() as i64));
40 +     _smelt_tmp_2 = (&mut *_smelt_tmp_1.borrow_mut())((10.0 as f64).trunc() as i64);
   |

warning: unnecessary parentheses around function argument
  --> src/subtract_test.rs:48:54
   |
48 |     _smelt_tmp_7 = (&mut *_smelt_tmp_6.borrow_mut())(((10.0 as f64).trunc() as i64));
   |                                                      ^                            ^
   |
help: remove these parentheses
   |
48 -     _smelt_tmp_7 = (&mut *_smelt_tmp_6.borrow_mut())(((10.0 as f64).trunc() as i64));
48 +     _smelt_tmp_7 = (&mut *_smelt_tmp_6.borrow_mut())((10.0 as f64).trunc() as i64);
   |

warning: unnecessary parentheses around function argument
  --> src/sumBy.rs:70:46
   |
70 |     _smelt_tmp_20 = callbackfn(item.clone(), (index.clone() as f64), array.clone());
   |                                              ^                    ^
   |
help: remove these parentheses
   |
70 -     _smelt_tmp_20 = callbackfn(item.clone(), (index.clone() as f64), array.clone());
70 +     _smelt_tmp_20 = callbackfn(item.clone(), index.clone() as f64, array.clone());
   |

warning: unnecessary parentheses around assigned value
  --> src/take.rs:31:110
   |
31 |     move |arg0: SmeltUnknown| -> ::std::collections::HashMap<String, SmeltUnknown> { { let _ = { remaining = (remaining.clone() - 1.0); r...
   |                                                                                                              ^                       ^
   |
help: remove these parentheses
   |
31 -     move |arg0: SmeltUnknown| -> ::std::collections::HashMap<String, SmeltUnknown> { { let _ = { remaining = (remaining.clone() - 1.0); remaining.clone() }; ::std::collections::HashMap::from([("done".to_owned(), SmeltUnknown::Bool((remaining.clone() <= 0.0))), ("has_next".to_owned(), SmeltUnknown::Bool(true)), ("next".to_owned(), (arg0.clone()).into_smelt_unknown())]) } }
31 +     move |arg0: SmeltUnknown| -> ::std::collections::HashMap<String, SmeltUnknown> { { let _ = { remaining = remaining.clone() - 1.0; remaining.clone() }; ::std::collections::HashMap::from([("done".to_owned(), SmeltUnknown::Bool((remaining.clone() <= 0.0))), ("has_next".to_owned(), SmeltUnknown::Bool(true)), ("next".to_owned(), (arg0.clone()).into_smelt_unknown())]) } }
   |

warning: unnecessary parentheses around function argument
  --> src/take.rs:31:232
   |
31 | ...HashMap::from([("done".to_owned(), SmeltUnknown::Bool((remaining.clone() <= 0.0))), ("has_next".to_owned(), SmeltUnknown::Bool(true)),...
   |                                                          ^                        ^
   |
help: remove these parentheses
   |
31 -     move |arg0: SmeltUnknown| -> ::std::collections::HashMap<String, SmeltUnknown> { { let _ = { remaining = (remaining.clone() - 1.0); remaining.clone() }; ::std::collections::HashMap::from([("done".to_owned(), SmeltUnknown::Bool((remaining.clone() <= 0.0))), ("has_next".to_owned(), SmeltUnknown::Bool(true)), ("next".to_owned(), (arg0.clone()).into_smelt_unknown())]) } }
31 +     move |arg0: SmeltUnknown| -> ::std::collections::HashMap<String, SmeltUnknown> { { let _ = { remaining = (remaining.clone() - 1.0); remaining.clone() }; ::std::collections::HashMap::from([("done".to_owned(), SmeltUnknown::Bool(remaining.clone() <= 0.0)), ("has_next".to_owned(), SmeltUnknown::Bool(true)), ("next".to_owned(), (arg0.clone()).into_smelt_unknown())]) } }
   |

warning: unnecessary parentheses around function argument
  --> src/takeWhile.rs:39:45
   |
39 |     _smelt_tmp_13 = predicate(item.clone(), (index.clone() as f64), data.clone());
   |                                             ^                    ^
   |
help: remove these parentheses
   |
39 -     _smelt_tmp_13 = predicate(item.clone(), (index.clone() as f64), data.clone());
39 +     _smelt_tmp_13 = predicate(item.clone(), index.clone() as f64, data.clone());
   |

warning: unnecessary parentheses around `if` condition
  --> src/toCamelCase.rs:44:130
   |
44 | ...ng { format!("{}{}", format!("{}{}", "".to_owned(), (if ((arg1 as f64) == 0.0) { (String::new().to_lowercase()).into_smelt_unknown() }...
   |                                                            ^                    ^
   |
help: remove these parentheses
   |
44 -     move |arg0: SmeltUnknown, arg1: i64, arg2: Vec<SmeltUnknown>| -> String { format!("{}{}", format!("{}{}", "".to_owned(), (if ((arg1 as f64) == 0.0) { (String::new().to_lowercase()).into_smelt_unknown() } else { (String::new().to_uppercase()).into_smelt_unknown() }).to_string()), (if preserve_consecutive_uppercase.clone().is_some() { (SmeltUnknown::String(match &arg0 { SmeltUnknown::String(value) => value.chars().skip((1.0 as i64).max(0) as usize).collect::<String>(), _ => String::new() })).into_smelt_unknown() } else { (if let SmeltUnknown::String(value) = SmeltUnknown::String(match &arg0 { SmeltUnknown::String(value) => value.chars().skip((1.0 as i64).max(0) as usize).collect::<String>(), _ => String::new() }).clone() { value } else { panic!("unknown is not string") }.to_lowercase()).into_smelt_unknown() }).to_string()) }
44 +     move |arg0: SmeltUnknown, arg1: i64, arg2: Vec<SmeltUnknown>| -> String { format!("{}{}", format!("{}{}", "".to_owned(), (if (arg1 as f64) == 0.0 { (String::new().to_lowercase()).into_smelt_unknown() } else { (String::new().to_uppercase()).into_smelt_unknown() }).to_string()), (if preserve_consecutive_uppercase.clone().is_some() { (SmeltUnknown::String(match &arg0 { SmeltUnknown::String(value) => value.chars().skip((1.0 as i64).max(0) as usize).collect::<String>(), _ => String::new() })).into_smelt_unknown() } else { (if let SmeltUnknown::String(value) = SmeltUnknown::String(match &arg0 { SmeltUnknown::String(value) => value.chars().skip((1.0 as i64).max(0) as usize).collect::<String>(), _ => String::new() }).clone() { value } else { panic!("unknown is not string") }.to_lowercase()).into_smelt_unknown() }).to_string()) }
   |

warning: unnecessary parentheses around `if` condition
  --> src/toCamelCase.rs:46:187
   |
46 | ...64; format!("{}{}", format!("{}{}", "".to_owned(), (if ((index as f64) == 0.0) { (String::new().to_lowercase()).into_smelt_unknown() }...
   |                                                           ^                     ^
   |
help: remove these parentheses
   |
46 -     _smelt_tmp_9 = _smelt_tmp_7.clone().iter().enumerate().map(|(index, item)| { let item = (*item).clone(); let index = index as f64; format!("{}{}", format!("{}{}", "".to_owned(), (if ((index as f64) == 0.0) { (String::new().to_lowercase()).into_smelt_unknown() } else { (String::new().to_uppercase()).into_smelt_unknown() }).to_string()), (if preserve_consecutive_uppercase.clone().is_some() { (SmeltUnknown::String(match &item { SmeltUnknown::String(value) => value.chars().skip((1.0 as i64).max(0) as usize).collect::<String>(), _ => String::new() })).into_smelt_unknown() } else { (if let SmeltUnknown::String(value) = SmeltUnknown::String(match &item { SmeltUnknown::String(value) => value.chars().skip((1.0 as i64).max(0) as usize).collect::<String>(), _ => String::new() }).clone() { value } else { panic!("unknown is not string") }.to_lowercase()).into_smelt_unknown() }).to_string()) }).collect::<Vec<_>>();
46 +     _smelt_tmp_9 = _smelt_tmp_7.clone().iter().enumerate().map(|(index, item)| { let item = (*item).clone(); let index = index as f64; format!("{}{}", format!("{}{}", "".to_owned(), (if (index as f64) == 0.0 { (String::new().to_lowercase()).into_smelt_unknown() } else { (String::new().to_uppercase()).into_smelt_unknown() }).to_string()), (if preserve_consecutive_uppercase.clone().is_some() { (SmeltUnknown::String(match &item { SmeltUnknown::String(value) => value.chars().skip((1.0 as i64).max(0) as usize).collect::<String>(), _ => String::new() })).into_smelt_unknown() } else { (if let SmeltUnknown::String(value) = SmeltUnknown::String(match &item { SmeltUnknown::String(value) => value.chars().skip((1.0 as i64).max(0) as usize).collect::<String>(), _ => String::new() }).clone() { value } else { panic!("unknown is not string") }.to_lowercase()).into_smelt_unknown() }).to_string()) }).collect::<Vec<_>>();
   |

warning: unnecessary parentheses around `if` condition
  --> src/uniqueWith_test.rs:44:124
   |
44 | ...|arg0: SmeltUnknown, arg1: SmeltUnknown| -> bool { if ((() == ()) || (() == ())) { false } else { (SmeltUnknown::Null == SmeltUnknown:...
   |                                                          ^                        ^
   |
help: remove these parentheses
   |
44 -     let _smelt_tmp_12 = ::std::rc::Rc::new(::std::cell::RefCell::new(|arg0: SmeltUnknown, arg1: SmeltUnknown| -> bool { if ((() == ()) || (() == ())) { false } else { (SmeltUnknown::Null == SmeltUnknown::Null) } }));
44 +     let _smelt_tmp_12 = ::std::rc::Rc::new(::std::cell::RefCell::new(|arg0: SmeltUnknown, arg1: SmeltUnknown| -> bool { if (() == ()) || (() == ()) { false } else { (SmeltUnknown::Null == SmeltUnknown::Null) } }));
   |

warning: unnecessary parentheses around block return value
  --> src/uniqueWith_test.rs:44:168
   |
44 | ...f ((() == ()) || (() == ())) { false } else { (SmeltUnknown::Null == SmeltUnknown::Null) } }));
   |                                                  ^                                        ^
   |
help: remove these parentheses
   |
44 -     let _smelt_tmp_12 = ::std::rc::Rc::new(::std::cell::RefCell::new(|arg0: SmeltUnknown, arg1: SmeltUnknown| -> bool { if ((() == ()) || (() == ())) { false } else { (SmeltUnknown::Null == SmeltUnknown::Null) } }));
44 +     let _smelt_tmp_12 = ::std::rc::Rc::new(::std::cell::RefCell::new(|arg0: SmeltUnknown, arg1: SmeltUnknown| -> bool { if ((() == ()) || (() == ())) { false } else { SmeltUnknown::Null == SmeltUnknown::Null } }));
   |

warning: unnecessary parentheses around block return value
   --> src/when_test.rs:135:91
    |
135 |     let _smelt_tmp_1 = ::std::rc::Rc::new(::std::cell::RefCell::new(|arg0: f64| -> bool { ((arg0 % 2.0) == 0.0) }));
    |                                                                                           ^                   ^
    |
help: remove these parentheses
    |
135 -     let _smelt_tmp_1 = ::std::rc::Rc::new(::std::cell::RefCell::new(|arg0: f64| -> bool { ((arg0 % 2.0) == 0.0) }));
135 +     let _smelt_tmp_1 = ::std::rc::Rc::new(::std::cell::RefCell::new(|arg0: f64| -> bool { (arg0 % 2.0) == 0.0 }));
    |

warning: unnecessary parentheses around block return value
   --> src/when_test.rs:194:91
    |
194 |     let _smelt_tmp_1 = ::std::rc::Rc::new(::std::cell::RefCell::new(|arg0: f64| -> bool { ((arg0 % 2.0) == 0.0) }));
    |                                                                                           ^                   ^
    |
help: remove these parentheses
    |
194 -     let _smelt_tmp_1 = ::std::rc::Rc::new(::std::cell::RefCell::new(|arg0: f64| -> bool { ((arg0 % 2.0) == 0.0) }));
194 +     let _smelt_tmp_1 = ::std::rc::Rc::new(::std::cell::RefCell::new(|arg0: f64| -> bool { (arg0 % 2.0) == 0.0 }));
    |

warning: unnecessary parentheses around assigned value
  --> src/withPrecision.rs:27:21
   |
27 |     _smelt_tmp_11 = (exponent.clone().parse::<i64>().expect("int() parse failed") as f64);
   |                     ^                                                                   ^
   |
help: remove these parentheses
   |
27 -     _smelt_tmp_11 = (exponent.clone().parse::<i64>().expect("int() parse failed") as f64);
27 +     _smelt_tmp_11 = exponent.clone().parse::<i64>().expect("int() parse failed") as f64;
   |

warning: unreachable statement
   --> src/isDeepEqual.rs:305:5
    |
301 |     return false;
    |     ------------ any code following this expression is unreachable
...
305 |     return false;
    |     ^^^^^^^^^^^^^ unreachable statement
    |
    = note: `#[warn(unreachable_code)]` (part of `#[warn(unused)]`) on by default

warning: unreachable statement
   --> src/randomBigInt_test.rs:250:5
    |
246 |     return Err(std::io::Error::new(std::io::ErrorKind::Other, format!("{}", "expect(...).toHaveLength(...) failed".to_owned())).into());
    |     ----------------------------------------------------------------------------------------------------------------------------------- any code following this expression is unreachable
...
250 |     return Ok(());
    |     ^^^^^^^^^^^^^^ unreachable statement

warning: unreachable statement
   --> src/randomBigInt_test.rs:549:5
    |
541 |     return Err(std::io::Error::new(std::io::ErrorKind::Other, format!("{}", "expect(...).toHaveLength(...) failed".to_owned())).into());
    |     ----------------------------------------------------------------------------------------------------------------------------------- any code following this expression is unreachable
...
549 |     return Ok(());
    |     ^^^^^^^^^^^^^^ unreachable statement

warning: unreachable statement
  --> src/sample.rs:85:5
   |
76 |     return _smelt_tmp_24.clone();
   |     ---------------------------- any code following this expression is unreachable
...
85 |     return Vec::new();
   |     ^^^^^^^^^^^^^^^^^^ unreachable statement

warning: variable does not need to be mutable
 --> src/addProp_test.rs:8:9
  |
8 |     let mut actual: SmeltUnknown;
  |         ----^^^^^^
  |         |
  |         help: remove this `mut`
  |
  = note: `#[warn(unused_mut)]` (part of `#[warn(unused)]`) on by default

warning: variable does not need to be mutable
  --> src/addProp_test.rs:26:9
   |
26 |     let mut actual: SmeltUnknown;
   |         ----^^^^^^
   |         |
   |         help: remove this `mut`

warning: variable does not need to be mutable
  --> src/ceil_test.rs:94:9
   |
94 |     let mut did_throw: bool = false;
   |         ----^^^^^^^^^
   |         |
   |         help: remove this `mut`

warning: variable does not need to be mutable
   --> src/ceil_test.rs:105:9
    |
105 |     let mut did_throw: bool = false;
    |         ----^^^^^^^^^
    |         |
    |         help: remove this `mut`

warning: variable does not need to be mutable
   --> src/ceil_test.rs:115:9
    |
115 |     let mut did_throw: bool = false;
    |         ----^^^^^^^^^
    |         |
    |         help: remove this `mut`

warning: variable does not need to be mutable
   --> src/ceil_test.rs:129:9
    |
129 |     let mut did_throw: bool = false;
    |         ----^^^^^^^^^
    |         |
    |         help: remove this `mut`

warning: value assigned to `precision` is never read
   --> src/ceil_test.rs:158:5
    |
158 |     precision = _smelt_tmp_6.get({ let len =...") }).cloned().expect("index out of bounds").clone();
    |     ^^^^^^^^^^^^^^^^^^^^^^^^^^^^^^^^^^^^^^^^...^^^^^^^^^^^^^^^^^^^^^^^^^^^^^^^^^^^^^^^^^^^^^^^^^^^^
    |
    = help: maybe it is overwritten before being read?
    = note: `#[warn(unused_assignments)]` (part of `#[warn(unused)]`) on by default

warning: value assigned to `precision` is never read
   --> src/ceil_test.rs:187:5
    |
187 |     precision = _smelt_tmp_6.get({ let len =...") }).cloned().expect("index out of bounds").clone();
    |     ^^^^^^^^^^^^^^^^^^^^^^^^^^^^^^^^^^^^^^^^...^^^^^^^^^^^^^^^^^^^^^^^^^^^^^^^^^^^^^^^^^^^^^^^^^^^^
    |
    = help: maybe it is overwritten before being read?

warning: value assigned to `precision` is never read
   --> src/ceil_test.rs:216:5
    |
216 |     precision = _smelt_tmp_6.get({ let len =...") }).cloned().expect("index out of bounds").clone();
    |     ^^^^^^^^^^^^^^^^^^^^^^^^^^^^^^^^^^^^^^^^...^^^^^^^^^^^^^^^^^^^^^^^^^^^^^^^^^^^^^^^^^^^^^^^^^^^^
    |
    = help: maybe it is overwritten before being read?

warning: variable does not need to be mutable
   --> src/ceil_test.rs:309:9
    |
309 |     let mut did_throw: bool = false;
    |         ----^^^^^^^^^
    |         |
    |         help: remove this `mut`

warning: variable does not need to be mutable
   --> src/ceil_test.rs:322:9
    |
322 |     let mut did_throw: bool = false;
    |         ----^^^^^^^^^
    |         |
    |         help: remove this `mut`

warning: variable does not need to be mutable
   --> src/ceil_test.rs:334:9
    |
334 |     let mut did_throw: bool = false;
    |         ----^^^^^^^^^
    |         |
    |         help: remove this `mut`

warning: variable does not need to be mutable
   --> src/ceil_test.rs:351:9
    |
351 |     let mut did_throw: bool = false;
    |         ----^^^^^^^^^
    |         |
    |         help: remove this `mut`

warning: value assigned to `precision` is never read
   --> src/ceil_test.rs:384:5
    |
384 |     precision = _smelt_tmp_7.get({ let len =...") }).cloned().expect("index out of bounds").clone();
    |     ^^^^^^^^^^^^^^^^^^^^^^^^^^^^^^^^^^^^^^^^...^^^^^^^^^^^^^^^^^^^^^^^^^^^^^^^^^^^^^^^^^^^^^^^^^^^^
    |
    = help: maybe it is overwritten before being read?

warning: value assigned to `precision` is never read
   --> src/ceil_test.rs:415:5
    |
415 |     precision = _smelt_tmp_7.get({ let len =...") }).cloned().expect("index out of bounds").clone();
    |     ^^^^^^^^^^^^^^^^^^^^^^^^^^^^^^^^^^^^^^^^...^^^^^^^^^^^^^^^^^^^^^^^^^^^^^^^^^^^^^^^^^^^^^^^^^^^^
    |
    = help: maybe it is overwritten before being read?

warning: value assigned to `precision` is never read
   --> src/ceil_test.rs:446:5
    |
446 |     precision = _smelt_tmp_7.get({ let len =...") }).cloned().expect("index out of bounds").clone();
    |     ^^^^^^^^^^^^^^^^^^^^^^^^^^^^^^^^^^^^^^^^...^^^^^^^^^^^^^^^^^^^^^^^^^^^^^^^^^^^^^^^^^^^^^^^^^^^^
    |
    = help: maybe it is overwritten before being read?

warning: variable does not need to be mutable
   --> src/chunk_test.rs:118:9
    |
118 |     let mut did_throw: bool = false;
    |         ----^^^^^^^^^
    |         |
    |         help: remove this `mut`

warning: variable does not need to be mutable
   --> src/chunk_test.rs:131:9
    |
131 |     let mut did_throw: bool = false;
    |         ----^^^^^^^^^
    |         |
    |         help: remove this `mut`

warning: variable does not need to be mutable
   --> src/chunk_test.rs:141:9
    |
141 |     let mut result: SmeltUnknown;
    |         ----^^^^^^
    |         |
    |         help: remove this `mut`

warning: variable does not need to be mutable
   --> src/chunk_test.rs:189:9
    |
189 |     let mut result: SmeltUnknown;
    |         ----^^^^^^
    |         |
    |         help: remove this `mut`

warning: variable does not need to be mutable
  --> src/clone.rs:16:9
   |
16 |     let mut prototype: SmeltUnknown;
   |         ----^^^^^^^^^
   |         |
   |         help: remove this `mut`

warning: variable does not need to be mutable
  --> src/clone.rs:17:9
   |
17 |     let mut idx: f64;
   |         ----^^^
   |         |
   |         help: remove this `mut`

warning: variable does not need to be mutable
   --> src/clone_test.rs:105:9
    |
105 |     let mut cloned: ::std::collections::HashMap<String, SmeltUnknown>;
    |         ----^^^^^^
    |         |
    |         help: remove this `mut`

warning: variable does not need to be mutable
   --> src/clone_test.rs:146:9
    |
146 |     let mut cloned: ::std::collections::HashMap<String, ::std::collections::HashMap<String, ::std::collections::HashMap<String, String>>>;
    |         ----^^^^^^
    |         |
    |         help: remove this `mut`

warning: variable does not need to be mutable
   --> src/clone_test.rs:190:9
    |
190 |     let mut cloned: SmeltUnknown;
    |         ----^^^^^^
    |         |
    |         help: remove this `mut`

warning: variable does not need to be mutable
   --> src/clone_test.rs:339:9
    |
339 |     let mut cloned: Vec<f64>;
    |         ----^^^^^^
    |         |
    |         help: remove this `mut`

warning: variable does not need to be mutable
   --> src/clone_test.rs:382:9
    |
382 |     let mut cloned: SmeltUnknown;
    |         ----^^^^^^
    |         |
    |         help: remove this `mut`

warning: variable does not need to be mutable
   --> src/clone_test.rs:669:9
    |
669 |     let mut cloned: Vec<::std::collections::HashMap<String, ::std::rc::Rc<::std::cell::RefCell<dyn FnMut(f64) -> f64>>>>;
    |         ----^^^^^^
    |         |
    |         help: remove this `mut`

warning: variable does not need to be mutable
   --> src/clone_test.rs:716:9
    |
716 |     let mut cloned: i64;
    |         ----^^^^^^
    |         |
    |         help: remove this `mut`

warning: variable does not need to be mutable
   --> src/clone_test.rs:751:9
    |
751 |     let mut cloned: String;
    |         ----^^^^^^
    |         |
    |         help: remove this `mut`

warning: variable does not need to be mutable
   --> src/clone_test.rs:807:9
    |
807 |     let mut cloned: String;
    |         ----^^^^^^
    |         |
    |         help: remove this `mut`

warning: variable does not need to be mutable
   --> src/clone_test.rs:863:9
    |
863 |     let mut cloned: String;
    |         ----^^^^^^
    |         |
    |         help: remove this `mut`

warning: variable does not need to be mutable
   --> src/clone_test.rs:919:9
    |
919 |     let mut cloned: String;
    |         ----^^^^^^
    |         |
    |         help: remove this `mut`

warning: variable does not need to be mutable
   --> src/clone_test.rs:975:9
    |
975 |     let mut cloned: String;
    |         ----^^^^^^
    |         |
    |         help: remove this `mut`

warning: variable does not need to be mutable
    --> src/clone_test.rs:1031:9
     |
1031 |     let mut cloned: String;
     |         ----^^^^^^
     |         |
     |         help: remove this `mut`

warning: variable does not need to be mutable
    --> src/clone_test.rs:1087:9
     |
1087 |     let mut cloned: String;
     |         ----^^^^^^
     |         |
     |         help: remove this `mut`

warning: variable does not need to be mutable
    --> src/clone_test.rs:1143:9
     |
1143 |     let mut cloned: String;
     |         ----^^^^^^
     |         |
     |         help: remove this `mut`

warning: variable does not need to be mutable
    --> src/clone_test.rs:1199:9
     |
1199 |     let mut cloned: String;
     |         ----^^^^^^
     |         |
     |         help: remove this `mut`

warning: variable does not need to be mutable
    --> src/clone_test.rs:1255:9
     |
1255 |     let mut cloned: String;
     |         ----^^^^^^
     |         |
     |         help: remove this `mut`

warning: variable does not need to be mutable
    --> src/clone_test.rs:1311:9
     |
1311 |     let mut cloned: SmeltUnknown;
     |         ----^^^^^^
     |         |
     |         help: remove this `mut`

warning: variable does not need to be mutable
    --> src/clone_test.rs:1367:9
     |
1367 |     let mut cloned: Vec<Vec<SmeltUnknown>>;
     |         ----^^^^^^
     |         |
     |         help: remove this `mut`

warning: variable does not need to be mutable
    --> src/clone_test.rs:1400:9
     |
1400 |     let mut cloned: Vec<::std::collections::HashMap<String, ::std::collections::HashMap<String, f64>>>;
     |         ----^^^^^^
     |         |
     |         help: remove this `mut`

warning: variable does not need to be mutable
 --> src/concat_test.rs:8:9
  |
8 |     let mut actual: Vec<SmeltUnknown>;
  |         ----^^^^^^
  |         |
  |         help: remove this `mut`

warning: variable does not need to be mutable
  --> src/concat_test.rs:27:9
   |
27 |     let mut actual: Vec<SmeltUnknown>;
   |         ----^^^^^^
   |         |
   |         help: remove this `mut`

warning: variable does not need to be mutable
  --> src/conditional.rs:20:9
   |
20 |     let mut current: SmeltUnknown;
   |         ----^^^^^^^
   |         |
   |         help: remove this `mut`

warning: variable does not need to be mutable
  --> src/conditional.rs:21:9
   |
21 |     let mut when: ::std::rc::Rc<::std::cell::RefCell<dyn FnMut(SmeltUnknown) -> bool>>;
   |         ----^^^^
   |         |
   |         help: remove this `mut`

warning: variable does not need to be mutable
  --> src/conditional.rs:22:9
   |
22 |     let mut then: ::std::rc::Rc<::std::cell::RefCell<dyn FnMut(SmeltUnknown) -> SmeltUnknown>>;
   |         ----^^^^
   |         |
   |         help: remove this `mut`

warning: variable does not need to be mutable
  --> src/conditional.rs:56:9
   |
56 |     let mut when: SmeltUnknown;
   |         ----^^^^
   |         |
   |         help: remove this `mut`

warning: variable does not need to be mutable
  --> src/conditional.rs:57:9
   |
57 |     let mut then: SmeltUnknown;
   |         ----^^^^
   |         |
   |         help: remove this `mut`

warning: variable does not need to be mutable
  --> src/conditional.rs:58:9
   |
58 |     let mut rest: Vec<SmeltUnknown>;
   |         ----^^^^
   |         |
   |         help: remove this `mut`

warning: variable does not need to be mutable
   --> src/conditional_test.rs:125:9
    |
125 |     let mut did_throw: bool = false;
    |         ----^^^^^^^^^
    |         |
    |         help: remove this `mut`

warning: variable does not need to be mutable
   --> src/conditional_test.rs:136:9
    |
136 |     let mut value: SmeltUnknown;
    |         ----^^^^^
    |         |
    |         help: remove this `mut`

warning: variable does not need to be mutable
 --> src/constant_test.rs:8:9
  |
8 |     let mut one: ::std::rc::Rc<::std::cell::RefCell<dyn FnMut(Vec<SmeltUnknown>) -> SmeltUnknown>>;
  |         ----^^^
  |         |
  |         help: remove this `mut`

warning: variable does not need to be mutable
  --> src/constant_test.rs:26:9
   |
26 |     let mut empty_obj: ::std::rc::Rc<::std::cell::RefCell<dyn FnMut(Vec<SmeltUnknown>) -> SmeltUnknown>>;
   |         ----^^^^^^^^^
   |         |
   |         help: remove this `mut`

warning: variable does not need to be mutable
  --> src/constant_test.rs:27:9
   |
27 |     let mut first_invocation: SmeltUnknown;
   |         ----^^^^^^^^^^^^^^^^
   |         |
   |         help: remove this `mut`

warning: variable does not need to be mutable
  --> src/constant_test.rs:91:9
   |
91 |     let mut one: ::std::rc::Rc<::std::cell::RefCell<dyn FnMut(Vec<SmeltUnknown>) -> SmeltUnknown>>;
   |         ----^^^
   |         |
   |         help: remove this `mut`

warning: variable does not need to be mutable
   --> src/constant_test.rs:151:9
    |
151 |     let mut one: ::std::rc::Rc<::std::cell::RefCell<dyn FnMut(Vec<SmeltUnknown>) -> SmeltUnknown>>;
    |         ----^^^
    |         |
    |         help: remove this `mut`

warning: variable does not need to be mutable
 --> src/countBy.rs:7:104
  |
7 |     let _smelt_tmp_1 = ::std::rc::Rc::new(::std::cell::RefCell::new(|closure_arg_0: Vec<SmeltUnknown>, mut closure_arg_1: ::std::rc::Rc<:...
  |                                                                                                        ----^^^^^^^^^^^^^
  |                                                                                                        |
  |                                                                                                        help: remove this `mut`

warning: variable does not need to be mutable
  --> src/countBy.rs:34:9
   |
34 |     let mut out: ::std::collections::HashMap<SmeltUnknown, f64> = _smelt_tmp_8.clone();
   |         ----^^^
   |         |
   |         help: remove this `mut`

warning: variable does not need to be mutable
  --> src/debounce.rs:59:9
   |
59 |     let mut timeout_id: SmeltUnknown;
   |         ----^^^^^^^^^^
   |         |
   |         help: remove this `mut`

warning: variable does not need to be mutable
  --> src/debounce.rs:60:9
   |
60 |     let mut args: Vec<SmeltUnknown>;
   |         ----^^^^
   |         |
   |         help: remove this `mut`

warning: variable does not need to be mutable
   --> src/debounce.rs:107:9
    |
107 |     let mut timeout_id: SmeltUnknown;
    |         ----^^^^^^^^^^
    |         |
    |         help: remove this `mut`

warning: variable does not need to be mutable
   --> src/debounce.rs:165:9
    |
165 |     let mut timeout_id: SmeltUnknown;
    |         ----^^^^^^^^^^
    |         |
    |         help: remove this `mut`

warning: variable does not need to be mutable
   --> src/debounce.rs:211:9
    |
211 |     let mut timeout_id: SmeltUnknown;
    |         ----^^^^^^^^^^
    |         |
    |         help: remove this `mut`

warning: variable does not need to be mutable
   --> src/debounce.rs:212:9
    |
212 |     let mut timeout_id_1: SmeltUnknown;
    |         ----^^^^^^^^^^^^
    |         |
    |         help: remove this `mut`

warning: variable does not need to be mutable
 --> src/debounce.rs:7:9
  |
7 |     let mut handle_invoke: ::std::rc::Rc<::std::cell::RefCell<dyn FnMut() -> ()>>;
  |         ----^^^^^^^^^^^^^
  |         |
  |         help: remove this `mut`

warning: variable does not need to be mutable
 --> src/debounce.rs:8:9
  |
8 |     let mut handle_cool_down_end: ::std::rc::Rc<::std::cell::RefCell<dyn FnMut() -> ()>>;
  |         ----^^^^^^^^^^^^^^^^^^^^
  |         |
  |         help: remove this `mut`

warning: variable does not need to be mutable
 --> src/debounce.rs:9:9
  |
9 |     let mut handle_debounced_call: ::std::rc::Rc<::std::cell::RefCell<dyn FnMut(Vec<SmeltUnknown>) -> ()>>;
  |         ----^^^^^^^^^^^^^^^^^^^^^
  |         |
  |         help: remove this `mut`

warning: value assigned to `timeout_id` is never read
   --> src/debounce.rs:218:5
    |
218 |     timeout_id = (*smelt_capture_cool_down_timeout_id).clone().clone().map_or(SmeltUnknown::Null, |value| value);
    |     ^^^^^^^^^^
    |
    = help: maybe it is overwritten before being read?

warning: value assigned to `timeout_id_1` is never read
   --> src/debounce.rs:235:5
    |
235 |     timeout_id_1 = (*smelt_capture_max_wait_timeout_id).clone().clone().map_or(SmeltUnknown::Null, |value| value);
    |     ^^^^^^^^^^^^
    |
    = help: maybe it is overwritten before being read?

warning: value assigned to `timeout_id_1` is never read
   --> src/debounce.rs:223:5
    |
223 |     timeout_id_1 = (*smelt_capture_max_wait_timeout_id).clone().clone().map_or(SmeltUnknown::Null, |value| value);
    |     ^^^^^^^^^^^^
    |
    = help: maybe it is overwritten before being read?

warning: value assigned to `timeout_id` is never read
   --> src/debounce.rs:195:5
    |
195 |     timeout_id = (*smelt_capture_cool_down_timeout_id).clone().clone().map_or(SmeltUnknown::Null, |value| value);
    |     ^^^^^^^^^^
    |
    = help: maybe it is overwritten before being read?

warning: value assigned to `timeout_id` is never read
   --> src/debounce.rs:190:5
    |
190 |     timeout_id = (*smelt_capture_cool_down_timeout_id).clone().clone().map_or(SmeltUnknown::Null, |value| value);
    |     ^^^^^^^^^^
    |
    = help: maybe it is overwritten before being read?

warning: value assigned to `timeout_id` is never read
   --> src/debounce.rs:116:5
    |
116 |     timeout_id = (*smelt_capture_cool_down_timeout_id).clone().clone().map_or(SmeltUnknown::Null, |value| value);
    |     ^^^^^^^^^^
    |
    = help: maybe it is overwritten before being read?

warning: value assigned to `timeout_id` is never read
  --> src/debounce.rs:68:5
   |
68 |     timeout_id = (*smelt_capture_max_wait_timeout_id).clone().clone().map_or(SmeltUnknown::Null, |value| value);
   |     ^^^^^^^^^^
   |
   = help: maybe it is overwritten before being read?

warning: variable does not need to be mutable
  --> src/debounce_test.rs:13:9
   |
13 |     let mut debouncer: SmeltUnknown;
   |         ----^^^^^^^^^
   |         |
   |         help: remove this `mut`

warning: value assigned to `debouncer` is never read
  --> src/debounce_test.rs:53:5
   |
53 |     debouncer = _smelt_tmp_3.clone();
   |     ^^^^^^^^^
   |
   = help: maybe it is overwritten before being read?

warning: variable does not need to be mutable
   --> src/debounce_test.rs:105:9
    |
105 |     let mut debouncer: SmeltUnknown;
    |         ----^^^^^^^^^
    |         |
    |         help: remove this `mut`

warning: value assigned to `debouncer` is never read
   --> src/debounce_test.rs:119:5
    |
119 |     debouncer = _smelt_tmp_3.clone();
    |     ^^^^^^^^^
    |
    = help: maybe it is overwritten before being read?

warning: variable does not need to be mutable
   --> src/debounce_test.rs:144:9
    |
144 |     let mut debouncer: SmeltUnknown;
    |         ----^^^^^^^^^
    |         |
    |         help: remove this `mut`

warning: value assigned to `debouncer` is never read
   --> src/debounce_test.rs:161:5
    |
161 |     debouncer = _smelt_tmp_3.clone();
    |     ^^^^^^^^^
    |
    = help: maybe it is overwritten before being read?

warning: variable does not need to be mutable
   --> src/debounce_test.rs:181:9
    |
181 |     let mut debouncer: SmeltUnknown;
    |         ----^^^^^^^^^
    |         |
    |         help: remove this `mut`

warning: value assigned to `debouncer` is never read
   --> src/debounce_test.rs:197:5
    |
197 |     debouncer = _smelt_tmp_3.clone();
    |     ^^^^^^^^^
    |
    = help: maybe it is overwritten before being read?

warning: variable does not need to be mutable
   --> src/debounce_test.rs:216:9
    |
216 |     let mut with_leading: SmeltUnknown;
    |         ----^^^^^^^^^^^^
    |         |
    |         help: remove this `mut`

warning: variable does not need to be mutable
   --> src/debounce_test.rs:217:9
    |
217 |     let mut with_leading_and_trailing: SmeltUnknown;
    |         ----^^^^^^^^^^^^^^^^^^^^^^^^^
    |         |
    |         help: remove this `mut`

warning: value assigned to `with_leading` is never read
   --> src/debounce_test.rs:248:5
    |
248 |     with_leading = _smelt_tmp_5.clone();
    |     ^^^^^^^^^^^^
    |
    = help: maybe it is overwritten before being read?

warning: value assigned to `with_leading_and_trailing` is never read
   --> src/debounce_test.rs:257:5
    |
257 |     with_leading_and_trailing = _smelt_tmp_13.clone();
    |     ^^^^^^^^^^^^^^^^^^^^^^^^^
    |
    = help: maybe it is overwritten before being read?

warning: variable does not need to be mutable
   --> src/debounce_test.rs:283:9
    |
283 |     let mut debouncer: SmeltUnknown;
    |         ----^^^^^^^^^
    |         |
    |         help: remove this `mut`

warning: value assigned to `debouncer` is never read
   --> src/debounce_test.rs:301:5
    |
301 |     debouncer = _smelt_tmp_3.clone();
    |     ^^^^^^^^^
    |
    = help: maybe it is overwritten before being read?

warning: variable does not need to be mutable
   --> src/debounce_test.rs:329:9
    |
329 |     let mut with_trailing: SmeltUnknown;
    |         ----^^^^^^^^^^^^^
    |         |
    |         help: remove this `mut`

warning: value assigned to `with_trailing` is never read
   --> src/debounce_test.rs:345:5
    |
345 |     with_trailing = _smelt_tmp_3.clone();
    |     ^^^^^^^^^^^^^
    |
    = help: maybe it is overwritten before being read?

warning: variable does not need to be mutable
   --> src/debounce_test.rs:364:9
    |
364 |     let mut debouncer: SmeltUnknown;
    |         ----^^^^^^^^^
    |         |
    |         help: remove this `mut`

warning: value assigned to `debouncer` is never read
   --> src/debounce_test.rs:394:5
    |
394 |     debouncer = _smelt_tmp_3.clone();
    |     ^^^^^^^^^
    |
    = help: maybe it is overwritten before being read?

warning: variable does not need to be mutable
   --> src/debounce_test.rs:428:9
    |
428 |     let mut with_max_wait: SmeltUnknown;
    |         ----^^^^^^^^^^^^^
    |         |
    |         help: remove this `mut`

warning: variable does not need to be mutable
   --> src/debounce_test.rs:429:9
    |
429 |     let mut without_max_wait: SmeltUnknown;
    |         ----^^^^^^^^^^^^^^^^
    |         |
    |         help: remove this `mut`

warning: variable does not need to be mutable
   --> src/debounce_test.rs:430:9
    |
430 |     let mut start: i64;
    |         ----^^^^^
    |         |
    |         help: remove this `mut`

warning: value assigned to `with_max_wait` is never read
   --> src/debounce_test.rs:454:5
    |
454 |     with_max_wait = _smelt_tmp_6.clone();
    |     ^^^^^^^^^^^^^
    |
    = help: maybe it is overwritten before being read?

warning: value assigned to `without_max_wait` is never read
   --> src/debounce_test.rs:457:5
    |
457 |     without_max_wait = _smelt_tmp_8.clone();
    |     ^^^^^^^^^^^^^^^^
    |
    = help: maybe it is overwritten before being read?

warning: variable does not need to be mutable
   --> src/debounce_test.rs:486:9
    |
486 |     let mut debouncer: SmeltUnknown;
    |         ----^^^^^^^^^
    |         |
    |         help: remove this `mut`

warning: value assigned to `debouncer` is never read
   --> src/debounce_test.rs:497:5
    |
497 |     debouncer = _smelt_tmp_3.clone();
    |     ^^^^^^^^^
    |
    = help: maybe it is overwritten before being read?

warning: variable does not need to be mutable
   --> src/debounce_test.rs:511:9
    |
511 |     let mut debouncer: SmeltUnknown;
    |         ----^^^^^^^^^
    |         |
    |         help: remove this `mut`

warning: value assigned to `debouncer` is never read
   --> src/debounce_test.rs:529:5
    |
529 |     debouncer = _smelt_tmp_3.clone();
    |     ^^^^^^^^^
    |
    = help: maybe it is overwritten before being read?

warning: variable does not need to be mutable
   --> src/debounce_test.rs:551:9
    |
551 |     let mut debouncer: SmeltUnknown;
    |         ----^^^^^^^^^
    |         |
    |         help: remove this `mut`

warning: value assigned to `debouncer` is never read
   --> src/debounce_test.rs:574:5
    |
574 |     debouncer = _smelt_tmp_3.clone();
    |     ^^^^^^^^^
    |
    = help: maybe it is overwritten before being read?

warning: variable does not need to be mutable
   --> src/debounce_test.rs:601:9
    |
601 |     let mut debouncer: SmeltUnknown;
    |         ----^^^^^^^^^
    |         |
    |         help: remove this `mut`

warning: variable does not need to be mutable
   --> src/debounce_test.rs:602:9
    |
602 |     let mut did_throw: bool;
    |         ----^^^^^^^^^
    |         |
    |         help: remove this `mut`

warning: value assigned to `debouncer` is never read
   --> src/debounce_test.rs:615:5
    |
615 |     debouncer = _smelt_tmp_4.clone();
    |     ^^^^^^^^^
    |
    = help: maybe it is overwritten before being read?

warning: variable does not need to be mutable
   --> src/debounce_test.rs:643:9
    |
643 |     let mut debouncer: SmeltUnknown;
    |         ----^^^^^^^^^
    |         |
    |         help: remove this `mut`

warning: value assigned to `debouncer` is never read
   --> src/debounce_test.rs:683:5
    |
683 |     debouncer = _smelt_tmp_3.clone();
    |     ^^^^^^^^^
    |
    = help: maybe it is overwritten before being read?

warning: variable does not need to be mutable
   --> src/debounce_test.rs:744:9
    |
744 |     let mut debouncer: SmeltUnknown;
    |         ----^^^^^^^^^
    |         |
    |         help: remove this `mut`

warning: variable does not need to be mutable
   --> src/debounce_test.rs:745:9
    |
745 |     let mut did_throw: bool;
    |         ----^^^^^^^^^
    |         |
    |         help: remove this `mut`

warning: value assigned to `debouncer` is never read
   --> src/debounce_test.rs:758:5
    |
758 |     debouncer = _smelt_tmp_4.clone();
    |     ^^^^^^^^^
    |
    = help: maybe it is overwritten before being read?

warning: variable does not need to be mutable
   --> src/debounce_test.rs:786:9
    |
786 |     let mut debouncer: SmeltUnknown;
    |         ----^^^^^^^^^
    |         |
    |         help: remove this `mut`

warning: value assigned to `debouncer` is never read
   --> src/debounce_test.rs:800:5
    |
800 |     debouncer = _smelt_tmp_3.clone();
    |     ^^^^^^^^^
    |
    = help: maybe it is overwritten before being read?

warning: variable does not need to be mutable
   --> src/debounce_test.rs:825:9
    |
825 |     let mut debouncer: SmeltUnknown;
    |         ----^^^^^^^^^
    |         |
    |         help: remove this `mut`

warning: variable does not need to be mutable
   --> src/debounce_test.rs:862:9
    |
862 |     let mut debouncer: SmeltUnknown;
    |         ----^^^^^^^^^
    |         |
    |         help: remove this `mut`

warning: variable does not need to be mutable
   --> src/debounce_test.rs:913:9
    |
913 |     let mut debouncer: SmeltUnknown;
    |         ----^^^^^^^^^
    |         |
    |         help: remove this `mut`

warning: variable does not need to be mutable
   --> src/debounce_test.rs:964:9
    |
964 |     let mut debouncer: SmeltUnknown;
    |         ----^^^^^^^^^
    |         |
    |         help: remove this `mut`

warning: value assigned to `debouncer` is never read
   --> src/debounce_test.rs:979:5
    |
979 |     debouncer = _smelt_tmp_3.clone();
    |     ^^^^^^^^^
    |
    = help: maybe it is overwritten before being read?

warning: variable does not need to be mutable
    --> src/debounce_test.rs:1008:9
     |
1008 |     let mut debouncer: SmeltUnknown;
     |         ----^^^^^^^^^
     |         |
     |         help: remove this `mut`

warning: value assigned to `debouncer` is never read
    --> src/debounce_test.rs:1024:5
     |
1024 |     debouncer = _smelt_tmp_3.clone();
     |     ^^^^^^^^^
     |
     = help: maybe it is overwritten before being read?

warning: variable does not need to be mutable
    --> src/debounce_test.rs:1055:9
     |
1055 |     let mut debouncer: SmeltUnknown;
     |         ----^^^^^^^^^
     |         |
     |         help: remove this `mut`

warning: value assigned to `debouncer` is never read
    --> src/debounce_test.rs:1067:5
     |
1067 |     debouncer = _smelt_tmp_3.clone();
     |     ^^^^^^^^^
     |
     = help: maybe it is overwritten before being read?

warning: variable does not need to be mutable
    --> src/debounce_test.rs:1091:9
     |
1091 |     let mut did_throw: bool = false;
     |         ----^^^^^^^^^
     |         |
     |         help: remove this `mut`

warning: variable does not need to be mutable
  --> src/differenceWith_test.rs:96:9
   |
96 |     let mut counter: ::std::collections::HashMap<String, SmeltUnknown>;
   |         ----^^^^^^^
   |         |
   |         help: remove this `mut`

warning: variable does not need to be mutable
  --> src/differenceWith_test.rs:97:9
   |
97 |     let mut result: Vec<SmeltUnknown>;
   |         ----^^^^^^
   |         |
   |         help: remove this `mut`

warning: variable does not need to be mutable
  --> src/difference_test.rs:42:9
   |
42 |     let mut result: Vec<f64>;
   |         ----^^^^^^
   |         |
   |         help: remove this `mut`

warning: variable does not need to be mutable
   --> src/difference_test.rs:233:9
    |
233 |     let mut result: SmeltUnknown;
    |         ----^^^^^^
    |         |
    |         help: remove this `mut`

warning: variable does not need to be mutable
 --> src/doNothing_test.rs:8:9
  |
8 |     let mut does_nothing: ::std::rc::Rc<::std::cell::RefCell<dyn FnMut(Vec<SmeltUnknown>) -> ()>>;
  |         ----^^^^^^^^^^^^
  |         |
  |         help: remove this `mut`

warning: variable does not need to be mutable
 --> src/doNothing_test.rs:9:9
  |
9 |     let mut did_throw: bool;
  |         ----^^^^^^^^^
  |         |
  |         help: remove this `mut`

warning: variable does not need to be mutable
  --> src/doNothing_test.rs:24:9
   |
24 |     let mut does_nothing: ::std::rc::Rc<::std::cell::RefCell<dyn FnMut(Vec<SmeltUnknown>) -> ()>>;
   |         ----^^^^^^^^^^^^
   |         |
   |         help: remove this `mut`

warning: variable does not need to be mutable
  --> src/doNothing_test.rs:25:9
   |
25 |     let mut did_throw: bool;
   |         ----^^^^^^^^^
   |         |
   |         help: remove this `mut`

warning: variable does not need to be mutable
  --> src/doNothing_test.rs:26:9
   |
26 |     let mut did_throw_1: bool;
   |         ----^^^^^^^^^^^
   |         |
   |         help: remove this `mut`

warning: variable does not need to be mutable
  --> src/doNothing_test.rs:27:9
   |
27 |     let mut did_throw_2: bool;
   |         ----^^^^^^^^^^^
   |         |
   |         help: remove this `mut`

warning: variable does not need to be mutable
  --> src/doNothing_test.rs:28:9
   |
28 |     let mut did_throw_3: bool;
   |         ----^^^^^^^^^^^
   |         |
   |         help: remove this `mut`

warning: variable does not need to be mutable
  --> src/doNothing_test.rs:29:9
   |
29 |     let mut did_throw_4: bool;
   |         ----^^^^^^^^^^^
   |         |
   |         help: remove this `mut`

warning: variable does not need to be mutable
  --> src/drop.rs:17:9
   |
17 |     let mut left: f64;
   |         ----^^^^
   |         |
   |         help: remove this `mut`

warning: variable does not need to be mutable
 --> src/dropFirstBy.rs:7:104
  |
7 |     let _smelt_tmp_1 = ::std::rc::Rc::new(::std::cell::RefCell::new(|closure_arg_0: Vec<SmeltUnknown>, mut closure_arg_1: ::std::rc::Rc<:...
  |                                                                                                        ----^^^^^^^^^^^^^
  |                                                                                                        |
  |                                                                                                        help: remove this `mut`

warning: variable does not need to be mutable
  --> src/dropFirstBy.rs:16:9
   |
16 |     let mut heap: Vec<SmeltUnknown>;
   |         ----^^^^
   |         |
   |         help: remove this `mut`

warning: variable does not need to be mutable
  --> src/dropFirstBy.rs:18:9
   |
18 |     let mut rest: Vec<SmeltUnknown>;
   |         ----^^^^
   |         |
   |         help: remove this `mut`

warning: variable does not need to be mutable
  --> src/dropFirstBy_test.rs:89:9
   |
89 |     let mut result: Vec<SmeltUnknown>;
   |         ----^^^^^^
   |         |
   |         help: remove this `mut`

warning: variable does not need to be mutable
   --> src/dropFirstBy_test.rs:225:9
    |
225 |     let mut result: Vec<f64>;
    |         ----^^^^^^
    |         |
    |         help: remove this `mut`

warning: variable does not need to be mutable
 --> src/dropLastWhile.rs:7:99
  |
7 |     let _smelt_tmp_1 = ::std::rc::Rc::new(::std::cell::RefCell::new(|closure_arg_0: SmeltUnknown, mut closure_arg_1: ::std::rc::Rc<::std:...
  |                                                                                                   ----^^^^^^^^^^^^^
  |                                                                                                   |
  |                                                                                                   help: remove this `mut`

warning: value assigned to `i` is never read
  --> src/dropLastWhile.rs:56:5
   |
56 |     i = _smelt_tmp_10.clone();
   |     ^^^^^^^^^^^^^^^^^^^^^^^^^
   |
   = help: maybe it is overwritten before being read?

warning: variable does not need to be mutable
  --> src/dropLastWhile_test.rs:80:9
   |
80 |     let mut result: Vec<SmeltUnknown>;
   |         ----^^^^^^
   |         |
   |         help: remove this `mut`

warning: variable does not need to be mutable
   --> src/dropLastWhile_test.rs:194:9
    |
194 |     let mut result: Vec<SmeltUnknown>;
    |         ----^^^^^^
    |         |
    |         help: remove this `mut`

warning: variable does not need to be mutable
   --> src/dropLast_test.rs:111:9
    |
111 |     let mut result: Vec<SmeltUnknown>;
    |         ----^^^^^^
    |         |
    |         help: remove this `mut`

warning: variable does not need to be mutable
 --> src/dropWhile.rs:7:99
  |
7 |     let _smelt_tmp_1 = ::std::rc::Rc::new(::std::cell::RefCell::new(|closure_arg_0: SmeltUnknown, mut closure_arg_1: ::std::rc::Rc<::std:...
  |                                                                                                   ----^^^^^^^^^^^^^
  |                                                                                                   |
  |                                                                                                   help: remove this `mut`

warning: variable does not need to be mutable
  --> src/dropWhile.rs:17:9
   |
17 |     let mut index: i64;
   |         ----^^^^^
   |         |
   |         help: remove this `mut`

warning: variable does not need to be mutable
  --> src/dropWhile.rs:18:9
   |
18 |     let mut item: SmeltUnknown;
   |         ----^^^^
   |         |
   |         help: remove this `mut`

warning: variable does not need to be mutable
  --> src/dropWhile_test.rs:80:9
   |
80 |     let mut result: Vec<SmeltUnknown>;
   |         ----^^^^^^
   |         |
   |         help: remove this `mut`

warning: variable does not need to be mutable
   --> src/dropWhile_test.rs:194:9
    |
194 |     let mut result: Vec<SmeltUnknown>;
    |         ----^^^^^^
    |         |
    |         help: remove this `mut`

warning: variable does not need to be mutable
  --> src/drop_test.rs:81:9
   |
81 |     let mut result: SmeltUnknown;
   |         ----^^^^^^
   |         |
   |         help: remove this `mut`

warning: variable does not need to be mutable
  --> src/evolve.rs:39:27
   |
39 |     _smelt_tmp_11 = { let mut assigned = _smelt_tmp_10.clone().clone(); assigned };
   |                           ----^^^^^^^^
   |                           |
   |                           help: remove this `mut`

warning: variable does not need to be mutable
  --> src/evolve_test.rs:74:9
   |
74 |     let mut result: SmeltUnknown;
   |         ----^^^^^^
   |         |
   |         help: remove this `mut`

warning: variable does not need to be mutable
   --> src/evolve_test.rs:351:9
    |
351 |     let mut result: SmeltUnknown;
    |         ----^^^^^^
    |         |
    |         help: remove this `mut`

warning: variable does not need to be mutable
   --> src/evolve_test.rs:525:9
    |
525 |     let mut sum: ::std::rc::Rc<::std::cell::RefCell<dyn FnMut(Vec<SmeltUnknown>) -> SmeltUnknown>>;
    |         ----^^^
    |         |
    |         help: remove this `mut`

warning: value assigned to `sum` is never read
   --> src/evolve_test.rs:529:5
    |
529 |     sum = ::std::rc::Rc::new(::std::cell::RefCell::new(move |smelt_args: Vec<SmeltUnknown>| (&mut *_smelt_tmp_3.borrow_mut())(if let Smel...
    |     ^^^
    |
    = help: maybe it is overwritten before being read?

warning: variable does not need to be mutable
 --> src/filter.rs:7:104
  |
7 |     let _smelt_tmp_1 = ::std::rc::Rc::new(::std::cell::RefCell::new(|closure_arg_0: Vec<SmeltUnknown>, mut closure_arg_1: ::std::rc::Rc<:...
  |                                                                                                        ----^^^^^^^^^^^^^
  |                                                                                                        |
  |                                                                                                        help: remove this `mut`

warning: variable does not need to be mutable
  --> src/filter_test.rs:13:9
   |
13 |     let mut result: Vec<SmeltUnknown>;
   |         ----^^^^^^
   |         |
   |         help: remove this `mut`

warning: variable does not need to be mutable
  --> src/filter_test.rs:34:9
   |
34 |     let mut result: Vec<SmeltUnknown>;
   |         ----^^^^^^
   |         |
   |         help: remove this `mut`

warning: variable does not need to be mutable
  --> src/filter_test.rs:58:9
   |
58 |     let mut result: Vec<SmeltUnknown>;
   |         ----^^^^^^
   |         |
   |         help: remove this `mut`

warning: variable does not need to be mutable
  --> src/filter_test.rs:79:9
   |
79 |     let mut result: ::std::collections::HashMap<String, f64>;
   |         ----^^^^^^
   |         |
   |         help: remove this `mut`

warning: value assigned to `result` is never read
  --> src/filter_test.rs:98:5
   |
98 |     result = _smelt_tmp_9.clone();
   |     ^^^^^^
   |
   = help: maybe it is overwritten before being read?

warning: variable does not need to be mutable
   --> src/filter_test.rs:115:9
    |
115 |     let mut result: ::std::collections::HashMap<String, f64>;
    |         ----^^^^^^
    |         |
    |         help: remove this `mut`

warning: value assigned to `result` is never read
   --> src/filter_test.rs:137:5
    |
137 |     result = _smelt_tmp_9.clone();
    |     ^^^^^^
    |
    = help: maybe it is overwritten before being read?

warning: variable does not need to be mutable
   --> src/filter_test.rs:154:9
    |
154 |     let mut result: ::std::collections::HashMap<String, ()>;
    |         ----^^^^^^
    |         |
    |         help: remove this `mut`

warning: value assigned to `result` is never read
   --> src/filter_test.rs:173:5
    |
173 |     result = _smelt_tmp_9.clone();
    |     ^^^^^^
    |
    = help: maybe it is overwritten before being read?

warning: variable does not need to be mutable
 --> src/find.rs:7:104
  |
7 |     let _smelt_tmp_1 = ::std::rc::Rc::new(::std::cell::RefCell::new(|closure_arg_0: Vec<SmeltUnknown>, mut closure_arg_1: ::std::rc::Rc<:...
  |                                                                                                        ----^^^^^^^^^^^^^
  |                                                                                                        |
  |                                                                                                        help: remove this `mut`

warning: variable does not need to be mutable
 --> src/findIndex.rs:7:104
  |
7 |     let _smelt_tmp_1 = ::std::rc::Rc::new(::std::cell::RefCell::new(|closure_arg_0: Vec<SmeltUnknown>, mut closure_arg_1: ::std::rc::Rc<:...
  |                                                                                                        ----^^^^^^^^^^^^^
  |                                                                                                        |
  |                                                                                                        help: remove this `mut`

warning: variable does not need to be mutable
 --> src/findLast.rs:7:104
  |
7 |     let _smelt_tmp_1 = ::std::rc::Rc::new(::std::cell::RefCell::new(|closure_arg_0: Vec<SmeltUnknown>, mut closure_arg_1: ::std::rc::Rc<:...
  |                                                                                                        ----^^^^^^^^^^^^^
  |                                                                                                        |
  |                                                                                                        help: remove this `mut`

warning: variable does not need to be mutable
  --> src/findLast.rs:16:9
   |
16 |     let mut item: SmeltUnknown;
   |         ----^^^^
   |         |
   |         help: remove this `mut`

warning: value assigned to `i` is never read
  --> src/findLast.rs:33:5
   |
33 |     i = _smelt_tmp_8.clone();
   |     ^^^^^^^^^^^^^^^^^^^^^^^^
   |
   = help: maybe it is overwritten before being read?

warning: variable does not need to be mutable
 --> src/findLastIndex.rs:7:104
  |
7 |     let _smelt_tmp_1 = ::std::rc::Rc::new(::std::cell::RefCell::new(|closure_arg_0: Vec<SmeltUnknown>, mut closure_arg_1: ::std::rc::Rc<:...
  |                                                                                                        ----^^^^^^^^^^^^^
  |                                                                                                        |
  |                                                                                                        help: remove this `mut`

warning: value assigned to `i` is never read
  --> src/findLastIndex.rs:33:5
   |
33 |     i = _smelt_tmp_7.clone();
   |     ^^^^^^^^^^^^^^^^^^^^^^^^
   |
   = help: maybe it is overwritten before being read?

warning: variable does not need to be mutable
  --> src/find_test.rs:54:9
   |
54 |     let mut actual: SmeltUnknown;
   |         ----^^^^^^
   |         |
   |         help: remove this `mut`

warning: variable does not need to be mutable
  --> src/find_test.rs:98:9
   |
98 |     let mut actual: SmeltUnknown;
   |         ----^^^^^^
   |         |
   |         help: remove this `mut`

warning: variable does not need to be mutable
 --> src/firstBy.rs:7:104
  |
7 |     let _smelt_tmp_1 = ::std::rc::Rc::new(::std::cell::RefCell::new(|closure_arg_0: Vec<SmeltUnknown>, mut closure_arg_1: ::std::rc::Rc<:...
  |                                                                                                        ----^^^^^^^^^^^^^
  |                                                                                                        |
  |                                                                                                        help: remove this `mut`

warning: variable does not need to be mutable
  --> src/firstBy.rs:17:9
   |
17 |     let mut rest: Vec<SmeltUnknown>;
   |         ----^^^^
   |         |
   |         help: remove this `mut`

warning: variable does not need to be mutable
  --> src/first_test.rs:45:9
   |
45 |     let mut counter: ::std::collections::HashMap<String, SmeltUnknown>;
   |         ----^^^^^^^
   |         |
   |         help: remove this `mut`

warning: variable does not need to be mutable
  --> src/first_test.rs:46:9
   |
46 |     let mut result: SmeltUnknown;
   |         ----^^^^^^
   |         |
   |         help: remove this `mut`

warning: variable does not need to be mutable
  --> src/first_test.rs:83:9
   |
83 |     let mut counter: ::std::collections::HashMap<String, SmeltUnknown>;
   |         ----^^^^^^^
   |         |
   |         help: remove this `mut`

warning: variable does not need to be mutable
  --> src/first_test.rs:84:9
   |
84 |     let mut result: SmeltUnknown;
   |         ----^^^^^^
   |         |
   |         help: remove this `mut`

warning: variable does not need to be mutable
   --> src/first_test.rs:133:9
    |
133 |     let mut counter: ::std::collections::HashMap<String, SmeltUnknown>;
    |         ----^^^^^^^
    |         |
    |         help: remove this `mut`

warning: variable does not need to be mutable
   --> src/first_test.rs:134:9
    |
134 |     let mut result: SmeltUnknown;
    |         ----^^^^^^
    |         |
    |         help: remove this `mut`

warning: variable does not need to be mutable
   --> src/first_test.rs:171:9
    |
171 |     let mut counter: ::std::collections::HashMap<String, SmeltUnknown>;
    |         ----^^^^^^^
    |         |
    |         help: remove this `mut`

warning: variable does not need to be mutable
   --> src/first_test.rs:172:9
    |
172 |     let mut result: SmeltUnknown;
    |         ----^^^^^^
    |         |
    |         help: remove this `mut`

warning: variable does not need to be mutable
   --> src/first_test.rs:221:9
    |
221 |     let mut counter1: ::std::collections::HashMap<String, SmeltUnknown>;
    |         ----^^^^^^^^
    |         |
    |         help: remove this `mut`

warning: variable does not need to be mutable
   --> src/first_test.rs:222:9
    |
222 |     let mut counter2: ::std::collections::HashMap<String, SmeltUnknown>;
    |         ----^^^^^^^^
    |         |
    |         help: remove this `mut`

warning: variable does not need to be mutable
   --> src/first_test.rs:223:9
    |
223 |     let mut result: SmeltUnknown;
    |         ----^^^^^^
    |         |
    |         help: remove this `mut`

warning: variable does not need to be mutable
   --> src/first_test.rs:300:9
    |
300 |     let mut result: SmeltUnknown;
    |         ----^^^^^^
    |         |
    |         help: remove this `mut`

warning: variable does not need to be mutable
   --> src/first_test.rs:319:9
    |
319 |     let mut result: SmeltUnknown;
    |         ----^^^^^^
    |         |
    |         help: remove this `mut`

warning: variable does not need to be mutable
   --> src/first_test.rs:338:9
    |
338 |     let mut result: SmeltUnknown;
    |         ----^^^^^^
    |         |
    |         help: remove this `mut`

warning: variable does not need to be mutable
   --> src/first_test.rs:357:9
    |
357 |     let mut result: SmeltUnknown;
    |         ----^^^^^^
    |         |
    |         help: remove this `mut`

warning: variable does not need to be mutable
   --> src/first_test.rs:376:9
    |
376 |     let mut result: SmeltUnknown;
    |         ----^^^^^^
    |         |
    |         help: remove this `mut`

warning: variable does not need to be mutable
   --> src/first_test.rs:395:9
    |
395 |     let mut result: SmeltUnknown;
    |         ----^^^^^^
    |         |
    |         help: remove this `mut`

warning: variable does not need to be mutable
   --> src/first_test.rs:414:9
    |
414 |     let mut result: SmeltUnknown;
    |         ----^^^^^^
    |         |
    |         help: remove this `mut`

warning: variable does not need to be mutable
   --> src/first_test.rs:433:9
    |
433 |     let mut result: SmeltUnknown;
    |         ----^^^^^^
    |         |
    |         help: remove this `mut`

warning: variable does not need to be mutable
   --> src/first_test.rs:452:9
    |
452 |     let mut result: SmeltUnknown;
    |         ----^^^^^^
    |         |
    |         help: remove this `mut`

warning: variable does not need to be mutable
   --> src/first_test.rs:471:9
    |
471 |     let mut result: SmeltUnknown;
    |         ----^^^^^^
    |         |
    |         help: remove this `mut`

warning: variable does not need to be mutable
   --> src/first_test.rs:490:9
    |
490 |     let mut result: SmeltUnknown;
    |         ----^^^^^^
    |         |
    |         help: remove this `mut`

warning: variable does not need to be mutable
   --> src/first_test.rs:509:9
    |
509 |     let mut result: SmeltUnknown;
    |         ----^^^^^^
    |         |
    |         help: remove this `mut`

warning: variable does not need to be mutable
   --> src/first_test.rs:528:9
    |
528 |     let mut result: SmeltUnknown;
    |         ----^^^^^^
    |         |
    |         help: remove this `mut`

warning: variable does not need to be mutable
   --> src/first_test.rs:547:9
    |
547 |     let mut result: SmeltUnknown;
    |         ----^^^^^^
    |         |
    |         help: remove this `mut`

warning: variable does not need to be mutable
   --> src/first_test.rs:566:9
    |
566 |     let mut result: SmeltUnknown;
    |         ----^^^^^^
    |         |
    |         help: remove this `mut`

warning: variable does not need to be mutable
   --> src/first_test.rs:585:9
    |
585 |     let mut result: SmeltUnknown;
    |         ----^^^^^^
    |         |
    |         help: remove this `mut`

warning: variable does not need to be mutable
 --> src/flatMap.rs:7:104
  |
7 |     let _smelt_tmp_1 = ::std::rc::Rc::new(::std::cell::RefCell::new(|closure_arg_0: Vec<SmeltUnknown>, mut closure_arg_1: ::std::rc::Rc<:...
  |                                                                                                        ----^^^^^^^^^^^^^
  |                                                                                                        |
  |                                                                                                        help: remove this `mut`

warning: variable does not need to be mutable
 --> src/flatMap_test.rs:8:9
  |
8 |     let mut result: Vec<SmeltUnknown>;
  |         ----^^^^^^
  |         |
  |         help: remove this `mut`

warning: variable does not need to be mutable
  --> src/flatMap_test.rs:29:9
   |
29 |     let mut result: Vec<SmeltUnknown>;
   |         ----^^^^^^
   |         |
   |         help: remove this `mut`

warning: variable does not need to be mutable
  --> src/flatMap_test.rs:50:9
   |
50 |     let mut result: Vec<SmeltUnknown>;
   |         ----^^^^^^
   |         |
   |         help: remove this `mut`

warning: variable does not need to be mutable
  --> src/flatMap_test.rs:74:9
   |
74 |     let mut result: Vec<SmeltUnknown>;
   |         ----^^^^^^
   |         |
   |         help: remove this `mut`

warning: variable does not need to be mutable
   --> src/flatMap_test.rs:122:9
    |
122 |     let mut counter1: ::std::collections::HashMap<String, SmeltUnknown>;
    |         ----^^^^^^^^
    |         |
    |         help: remove this `mut`

warning: variable does not need to be mutable
   --> src/flatMap_test.rs:123:9
    |
123 |     let mut counter2: ::std::collections::HashMap<String, SmeltUnknown>;
    |         ----^^^^^^^^
    |         |
    |         help: remove this `mut`

warning: variable does not need to be mutable
   --> src/flatMap_test.rs:124:9
    |
124 |     let mut result: Option<SmeltUnknown>;
    |         ----^^^^^^
    |         |
    |         help: remove this `mut`

warning: variable does not need to be mutable
   --> src/flat_test.rs:159:9
    |
159 |     let mut result: SmeltUnknown;
    |         ----^^^^^^
    |         |
    |         help: remove this `mut`

warning: variable does not need to be mutable
   --> src/flat_test.rs:187:9
    |
187 |     let mut result: SmeltUnknown;
    |         ----^^^^^^
    |         |
    |         help: remove this `mut`

warning: variable does not need to be mutable
   --> src/flat_test.rs:502:9
    |
502 |     let mut result: SmeltUnknown;
    |         ----^^^^^^
    |         |
    |         help: remove this `mut`

warning: variable does not need to be mutable
   --> src/flat_test.rs:670:9
    |
670 |     let mut counter1: ::std::collections::HashMap<String, SmeltUnknown>;
    |         ----^^^^^^^^
    |         |
    |         help: remove this `mut`

warning: variable does not need to be mutable
   --> src/flat_test.rs:671:9
    |
671 |     let mut counter2: ::std::collections::HashMap<String, SmeltUnknown>;
    |         ----^^^^^^^^
    |         |
    |         help: remove this `mut`

warning: variable does not need to be mutable
   --> src/flat_test.rs:672:9
    |
672 |     let mut result: Option<SmeltUnknown>;
    |         ----^^^^^^
    |         |
    |         help: remove this `mut`

warning: variable does not need to be mutable
   --> src/flat_test.rs:774:9
    |
774 |     let mut counter1: ::std::collections::HashMap<String, SmeltUnknown>;
    |         ----^^^^^^^^
    |         |
    |         help: remove this `mut`

warning: variable does not need to be mutable
   --> src/flat_test.rs:775:9
    |
775 |     let mut counter2: ::std::collections::HashMap<String, SmeltUnknown>;
    |         ----^^^^^^^^
    |         |
    |         help: remove this `mut`

warning: variable does not need to be mutable
   --> src/flat_test.rs:776:9
    |
776 |     let mut result: Option<SmeltUnknown>;
    |         ----^^^^^^
    |         |
    |         help: remove this `mut`

warning: variable does not need to be mutable
  --> src/floor_test.rs:94:9
   |
94 |     let mut did_throw: bool = false;
   |         ----^^^^^^^^^
   |         |
   |         help: remove this `mut`

warning: variable does not need to be mutable
   --> src/floor_test.rs:105:9
    |
105 |     let mut did_throw: bool = false;
    |         ----^^^^^^^^^
    |         |
    |         help: remove this `mut`

warning: variable does not need to be mutable
   --> src/floor_test.rs:115:9
    |
115 |     let mut did_throw: bool = false;
    |         ----^^^^^^^^^
    |         |
    |         help: remove this `mut`

warning: variable does not need to be mutable
   --> src/floor_test.rs:129:9
    |
129 |     let mut did_throw: bool = false;
    |         ----^^^^^^^^^
    |         |
    |         help: remove this `mut`

warning: value assigned to `precision` is never read
   --> src/floor_test.rs:158:5
    |
158 |     precision = _smelt_tmp_6.get({ let len =...") }).cloned().expect("index out of bounds").clone();
    |     ^^^^^^^^^^^^^^^^^^^^^^^^^^^^^^^^^^^^^^^^...^^^^^^^^^^^^^^^^^^^^^^^^^^^^^^^^^^^^^^^^^^^^^^^^^^^^
    |
    = help: maybe it is overwritten before being read?

warning: value assigned to `precision` is never read
   --> src/floor_test.rs:187:5
    |
187 |     precision = _smelt_tmp_6.get({ let len =...") }).cloned().expect("index out of bounds").clone();
    |     ^^^^^^^^^^^^^^^^^^^^^^^^^^^^^^^^^^^^^^^^...^^^^^^^^^^^^^^^^^^^^^^^^^^^^^^^^^^^^^^^^^^^^^^^^^^^^
    |
    = help: maybe it is overwritten before being read?

warning: value assigned to `precision` is never read
   --> src/floor_test.rs:216:5
    |
216 |     precision = _smelt_tmp_6.get({ let len =...") }).cloned().expect("index out of bounds").clone();
    |     ^^^^^^^^^^^^^^^^^^^^^^^^^^^^^^^^^^^^^^^^...^^^^^^^^^^^^^^^^^^^^^^^^^^^^^^^^^^^^^^^^^^^^^^^^^^^^
    |
    = help: maybe it is overwritten before being read?

warning: variable does not need to be mutable
   --> src/floor_test.rs:309:9
    |
309 |     let mut did_throw: bool = false;
    |         ----^^^^^^^^^
    |         |
    |         help: remove this `mut`

warning: variable does not need to be mutable
   --> src/floor_test.rs:322:9
    |
322 |     let mut did_throw: bool = false;
    |         ----^^^^^^^^^
    |         |
    |         help: remove this `mut`

warning: variable does not need to be mutable
   --> src/floor_test.rs:334:9
    |
334 |     let mut did_throw: bool = false;
    |         ----^^^^^^^^^
    |         |
    |         help: remove this `mut`

warning: variable does not need to be mutable
   --> src/floor_test.rs:351:9
    |
351 |     let mut did_throw: bool = false;
    |         ----^^^^^^^^^
    |         |
    |         help: remove this `mut`

warning: value assigned to `precision` is never read
   --> src/floor_test.rs:383:5
    |
383 |     precision = _smelt_tmp_7.get({ let len =...") }).cloned().expect("index out of bounds").clone();
    |     ^^^^^^^^^^^^^^^^^^^^^^^^^^^^^^^^^^^^^^^^...^^^^^^^^^^^^^^^^^^^^^^^^^^^^^^^^^^^^^^^^^^^^^^^^^^^^
    |
    = help: maybe it is overwritten before being read?

warning: value assigned to `precision` is never read
   --> src/floor_test.rs:414:5
    |
414 |     precision = _smelt_tmp_7.get({ let len =...") }).cloned().expect("index out of bounds").clone();
    |     ^^^^^^^^^^^^^^^^^^^^^^^^^^^^^^^^^^^^^^^^...^^^^^^^^^^^^^^^^^^^^^^^^^^^^^^^^^^^^^^^^^^^^^^^^^^^^
    |
    = help: maybe it is overwritten before being read?

warning: value assigned to `precision` is never read
   --> src/floor_test.rs:445:5
    |
445 |     precision = _smelt_tmp_7.get({ let len =...") }).cloned().expect("index out of bounds").clone();
    |     ^^^^^^^^^^^^^^^^^^^^^^^^^^^^^^^^^^^^^^^^...^^^^^^^^^^^^^^^^^^^^^^^^^^^^^^^^^^^^^^^^^^^^^^^^^^^^
    |
    = help: maybe it is overwritten before being read?

warning: variable does not need to be mutable
 --> src/forEach.rs:7:104
  |
7 |     let _smelt_tmp_1 = ::std::rc::Rc::new(::std::cell::RefCell::new(|closure_arg_0: Vec<SmeltUnknown>, mut closure_arg_1: ::std::rc::Rc<:...
  |                                                                                                        ----^^^^^^^^^^^^^
  |                                                                                                        |
  |                                                                                                        help: remove this `mut`

warning: variable does not need to be mutable
 --> src/forEachObj.rs:7:99
  |
7 |     let _smelt_tmp_1 = ::std::rc::Rc::new(::std::cell::RefCell::new(|closure_arg_0: SmeltUnknown, mut closure_arg_1: ::std::rc::Rc<::std:...
  |                                                                                                   ----^^^^^^^^^^^^^
  |                                                                                                   |
  |                                                                                                   help: remove this `mut`

warning: variable does not need to be mutable
  --> src/forEach_test.rs:48:9
   |
48 |     let mut result: SmeltUnknown;
   |         ----^^^^^^
   |         |
   |         help: remove this `mut`

warning: variable does not need to be mutable
  --> src/forEach_test.rs:98:9
   |
98 |     let mut result: SmeltUnknown;
   |         ----^^^^^^
   |         |
   |         help: remove this `mut`

warning: variable does not need to be mutable
   --> src/forEach_test.rs:157:9
    |
157 |     let mut result: Vec<SmeltUnknown>;
    |         ----^^^^^^
    |         |
    |         help: remove this `mut`

warning: variable does not need to be mutable
 --> src/fromKeys.rs:7:99
  |
7 |     let _smelt_tmp_1 = ::std::rc::Rc::new(::std::cell::RefCell::new(|closure_arg_0: SmeltUnknown, mut closure_arg_1: ::std::rc::Rc<::std:...
  |                                                                                                   ----^^^^^^^^^^^^^
  |                                                                                                   |
  |                                                                                                   help: remove this `mut`

warning: variable does not need to be mutable
  --> src/fromKeys.rs:25:9
   |
25 |     let mut result: SmeltUnknown = SmeltUnknown::Object(_smelt_tmp_6.clone());
   |         ----^^^^^^
   |         |
   |         help: remove this `mut`

warning: value assigned to `key` is never read
  --> src/fromKeys.rs:36:5
   |
36 |     key = _smelt_tmp_12.clone();
   |     ^^^
   |
   = help: maybe it is overwritten before being read?

warning: variable does not need to be mutable
  --> src/funnel.rs:74:9
   |
74 |     let mut now: i64;
   |         ----^^^
   |         |
   |         help: remove this `mut`

warning: variable does not need to be mutable
  --> src/funnel.rs:75:9
   |
75 |     let mut burst_remaining_ms: f64;
   |         ----^^^^^^^^^^^^^^^^^^
   |         |
   |         help: remove this `mut`

warning: value assigned to `burst_remaining_ms` is never read
   --> src/funnel.rs:211:5
    |
211 |     burst_remaining_ms = _smelt_tmp_36.clone();
    |     ^^^^^^^^^^^^^^^^^^^^^^^^^^^^^^^^^^^^^^^^^^
    |
    = help: maybe it is overwritten before being read?

warning: value assigned to `burst_remaining_ms` is never read
   --> src/funnel.rs:194:5
    |
194 |     burst_remaining_ms = _smelt_tmp_36.clone();
    |     ^^^^^^^^^^^^^^^^^^^^^^^^^^^^^^^^^^^^^^^^^^
    |
    = help: maybe it is overwritten before being read?

warning: value assigned to `burst_remaining_ms` is never read
   --> src/funnel.rs:150:5
    |
150 |     burst_remaining_ms = _smelt_tmp_36.clone();
    |     ^^^^^^^^^^^^^^^^^^^^^^^^^^^^^^^^^^^^^^^^^^
    |
    = help: maybe it is overwritten before being read?

warning: value assigned to `burst_remaining_ms` is never read
   --> src/funnel.rs:133:5
    |
133 |     burst_remaining_ms = _smelt_tmp_36.clone();
    |     ^^^^^^^^^^^^^^^^^^^^^^^^^^^^^^^^^^^^^^^^^^
    |
    = help: maybe it is overwritten before being read?

warning: variable does not need to be mutable
 --> src/funnel_lodash_debounce_test.rs:7:9
  |
7 |     let mut call: ::std::rc::Rc<::std::cell::RefCell<dyn FnMut(Vec<SmeltUnknown>) -> ()>>;
  |         ----^^^^
  |         |
  |         help: remove this `mut`

warning: variable does not need to be mutable
 --> src/funnel_lodash_debounce_test.rs:9:9
  |
9 |     let mut rest: ::std::collections::HashMap<String, SmeltUnknown>;
  |         ----^^^^
  |         |
  |         help: remove this `mut`

warning: value assigned to `rest` is never read
  --> src/funnel_lodash_debounce_test.rs:82:5
   |
82 |     rest = _smelt_tmp_26.clone();
   |     ^^^^
   |
   = help: maybe it is overwritten before being read?

warning: variable does not need to be mutable
  --> src/funnel_lodash_debounce_test.rs:96:9
   |
96 |     let mut debounced: ::std::rc::Rc<::std::cell::RefCell<dyn FnMut(Vec<SmeltUnknown>) -> ()>>;
   |         ----^^^^^^^^^
   |         |
   |         help: remove this `mut`

warning: variable does not need to be mutable
   --> src/funnel_lodash_debounce_test.rs:166:9
    |
166 |     let mut debounced: ::std::rc::Rc<::std::cell::RefCell<dyn FnMut(Vec<SmeltUnknown>) -> ()>>;
    |         ----^^^^^^^^^
    |         |
    |         help: remove this `mut`

warning: variable does not need to be mutable
   --> src/funnel_lodash_debounce_test.rs:201:9
    |
201 |     let mut debounced: ::std::rc::Rc<::std::cell::RefCell<dyn FnMut(Vec<SmeltUnknown>) -> ()>>;
    |         ----^^^^^^^^^
    |         |
    |         help: remove this `mut`

warning: variable does not need to be mutable
   --> src/funnel_lodash_debounce_test.rs:237:9
    |
237 |     let mut with_leading: ::std::rc::Rc<::std::cell::RefCell<dyn FnMut(Vec<SmeltUnknown>) -> ()>>;
    |         ----^^^^^^^^^^^^
    |         |
    |         help: remove this `mut`

warning: variable does not need to be mutable
   --> src/funnel_lodash_debounce_test.rs:238:9
    |
238 |     let mut with_leading_and_trailing: ::std::rc::Rc<::std::cell::RefCell<dyn FnMut(Vec<SmeltUnknown>) -> ()>>;
    |         ----^^^^^^^^^^^^^^^^^^^^^^^^^
    |         |
    |         help: remove this `mut`

warning: variable does not need to be mutable
   --> src/funnel_lodash_debounce_test.rs:315:9
    |
315 |     let mut with_trailing: ::std::rc::Rc<::std::cell::RefCell<dyn FnMut(Vec<SmeltUnknown>) -> ()>>;
    |         ----^^^^^^^^^^^^^
    |         |
    |         help: remove this `mut`

warning: variable does not need to be mutable
   --> src/funnel_lodash_debounce_test.rs:316:9
    |
316 |     let mut without_trailing: ::std::rc::Rc<::std::cell::RefCell<dyn FnMut(Vec<SmeltUnknown>) -> ()>>;
    |         ----^^^^^^^^^^^^^^^^
    |         |
    |         help: remove this `mut`

warning: variable does not need to be mutable
   --> src/funnel_lodash_debounce_test.rs:379:9
    |
379 |     let mut debounced: ::std::rc::Rc<::std::cell::RefCell<dyn FnMut(Vec<SmeltUnknown>) -> ()>>;
    |         ----^^^^^^^^^
    |         |
    |         help: remove this `mut`

warning: variable does not need to be mutable
   --> src/funnel_lodash_debounce_test.rs:447:9
    |
447 |     let mut with_max_wait: ::std::rc::Rc<::std::cell::RefCell<dyn FnMut(Vec<SmeltUnknown>) -> ()>>;
    |         ----^^^^^^^^^^^^^
    |         |
    |         help: remove this `mut`

warning: variable does not need to be mutable
   --> src/funnel_lodash_debounce_test.rs:448:9
    |
448 |     let mut without_max_wait: ::std::rc::Rc<::std::cell::RefCell<dyn FnMut(Vec<SmeltUnknown>) -> ()>>;
    |         ----^^^^^^^^^^^^^^^^
    |         |
    |         help: remove this `mut`

warning: variable does not need to be mutable
   --> src/funnel_lodash_debounce_test.rs:449:9
    |
449 |     let mut end: i64;
    |         ----^^^
    |         |
    |         help: remove this `mut`

warning: variable does not need to be mutable
   --> src/funnel_lodash_debounce_test.rs:526:9
    |
526 |     let mut debounced: ::std::rc::Rc<::std::cell::RefCell<dyn FnMut(Vec<SmeltUnknown>) -> ()>>;
    |         ----^^^^^^^^^
    |         |
    |         help: remove this `mut`

warning: variable does not need to be mutable
   --> src/funnel_lodash_debounce_test.rs:575:9
    |
575 |     let mut debounced: ::std::rc::Rc<::std::cell::RefCell<dyn FnMut(Vec<SmeltUnknown>) -> ()>>;
    |         ----^^^^^^^^^
    |         |
    |         help: remove this `mut`

warning: variable does not need to be mutable
   --> src/funnel_lodash_debounce_test.rs:619:9
    |
619 |     let mut debounced: ::std::rc::Rc<::std::cell::RefCell<dyn FnMut(Vec<SmeltUnknown>) -> ()>>;
    |         ----^^^^^^^^^
    |         |
    |         help: remove this `mut`

warning: variable does not need to be mutable
   --> src/funnel_lodash_debounce_test.rs:670:9
    |
670 |     let mut debounced: ::std::rc::Rc<::std::cell::RefCell<dyn FnMut(Vec<SmeltUnknown>) -> ()>>;
    |         ----^^^^^^^^^
    |         |
    |         help: remove this `mut`

warning: variable does not need to be mutable
   --> src/funnel_lodash_debounce_test.rs:695:9
    |
695 |     let mut debounced: ::std::rc::Rc<::std::cell::RefCell<dyn FnMut(Vec<SmeltUnknown>) -> ()>>;
    |         ----^^^^^^^^^
    |         |
    |         help: remove this `mut`

warning: variable does not need to be mutable
   --> src/funnel_lodash_debounce_test.rs:753:9
    |
753 |     let mut debounced: ::std::rc::Rc<::std::cell::RefCell<dyn FnMut(Vec<SmeltUnknown>) -> ()>>;
    |         ----^^^^^^^^^
    |         |
    |         help: remove this `mut`

warning: variable does not need to be mutable
   --> src/funnel_lodash_debounce_test.rs:783:9
    |
783 |     let mut debounced: ::std::rc::Rc<::std::cell::RefCell<dyn FnMut(Vec<SmeltUnknown>) -> ()>>;
    |         ----^^^^^^^^^
    |         |
    |         help: remove this `mut`

warning: variable does not need to be mutable
   --> src/funnel_lodash_debounce_test.rs:837:9
    |
837 |     let mut debounced: ::std::rc::Rc<::std::cell::RefCell<dyn FnMut(Vec<SmeltUnknown>) -> ()>>;
    |         ----^^^^^^^^^
    |         |
    |         help: remove this `mut`

warning: variable does not need to be mutable
   --> src/funnel_lodash_debounce_test.rs:877:9
    |
877 |     let mut debounced: ::std::rc::Rc<::std::cell::RefCell<dyn FnMut(Vec<SmeltUnknown>) -> ()>>;
    |         ----^^^^^^^^^
    |         |
    |         help: remove this `mut`

warning: value assigned to `debounced` is never read
   --> src/funnel_lodash_debounce_test.rs:896:5
    |
896 |     debounced = ::std::rc::Rc::new(::std::cell::RefCell::new(move |smelt_args: Vec<SmeltUnknown>| (&mut *_smelt_tmp_2.borrow_mut())(match...
    |     ^^^^^^^^^
    |
    = help: maybe it is overwritten before being read?

warning: variable does not need to be mutable
 --> src/funnel_lodash_debounce_with_cached_value_test.rs:7:9
  |
7 |     let mut call: ::std::rc::Rc<::std::cell::RefCell<dyn FnMut(Vec<SmeltUnknown>) -> ()>>;
  |         ----^^^^
  |         |
  |         help: remove this `mut`

warning: variable does not need to be mutable
 --> src/funnel_lodash_debounce_with_cached_value_test.rs:8:9
  |
8 |     let mut flush: ::std::rc::Rc<::std::cell::RefCell<dyn FnMut() -> ()>>;
  |         ----^^^^^
  |         |
  |         help: remove this `mut`

warning: variable does not need to be mutable
 --> src/funnel_lodash_debounce_with_cached_value_test.rs:9:9
  |
9 |     let mut cancel: ::std::rc::Rc<::std::cell::RefCell<dyn FnMut() -> ()>>;
  |         ----^^^^^^
  |         |
  |         help: remove this `mut`

warning: value assigned to `call` is never read
  --> src/funnel_lodash_debounce_with_cached_value_test.rs:81:5
   |
81 |     call = if let SmeltUnknown::Function(smelt_function) = match _smelt_tmp_26.clone() { SmeltUnknown::Object(map) => map.get("call").clo...
   |     ^^^^
   |
   = help: maybe it is overwritten before being read?

warning: value assigned to `cancel` is never read
  --> src/funnel_lodash_debounce_with_cached_value_test.rs:83:5
   |
83 |     cancel = if let SmeltUnknown::Function(smelt_function) = match _smelt_tmp_26.clone() { SmeltUnknown::Object(map) => map.get("cancel")...
   |     ^^^^^^
   |
   = help: maybe it is overwritten before being read?

warning: variable does not need to be mutable
  --> src/funnel_lodash_debounce_with_cached_value_test.rs:96:9
   |
96 |     let mut debounced: ::std::rc::Rc<::std::cell::RefCell<dyn FnMut(Vec<SmeltUnknown>) -> Option<SmeltUnknown>>>;
   |         ----^^^^^^^^^
   |         |
   |         help: remove this `mut`

warning: variable does not need to be mutable
   --> src/funnel_lodash_debounce_with_cached_value_test.rs:215:9
    |
215 |     let mut debounced: ::std::rc::Rc<::std::cell::RefCell<dyn FnMut(Vec<SmeltUnknown>) -> Option<SmeltUnknown>>>;
    |         ----^^^^^^^^^
    |         |
    |         help: remove this `mut`

warning: variable does not need to be mutable
   --> src/funnel_lodash_debounce_with_cached_value_test.rs:260:9
    |
260 |     let mut debounced: ::std::rc::Rc<::std::cell::RefCell<dyn FnMut(Vec<SmeltUnknown>) -> Option<SmeltUnknown>>>;
    |         ----^^^^^^^^^
    |         |
    |         help: remove this `mut`

warning: variable does not need to be mutable
   --> src/funnel_lodash_debounce_with_cached_value_test.rs:316:9
    |
316 |     let mut debounced: ::std::rc::Rc<::std::cell::RefCell<dyn FnMut(Vec<SmeltUnknown>) -> Option<SmeltUnknown>>>;
    |         ----^^^^^^^^^
    |         |
    |         help: remove this `mut`

warning: variable does not need to be mutable
   --> src/funnel_lodash_debounce_with_cached_value_test.rs:363:9
    |
363 |     let mut debounced: ::std::rc::Rc<::std::cell::RefCell<dyn FnMut(Vec<SmeltUnknown>) -> Option<SmeltUnknown>>>;
    |         ----^^^^^^^^^
    |         |
    |         help: remove this `mut`

warning: variable does not need to be mutable
   --> src/funnel_lodash_debounce_with_cached_value_test.rs:414:9
    |
414 |     let mut debounced: ::std::rc::Rc<::std::cell::RefCell<dyn FnMut(Vec<SmeltUnknown>) -> Option<SmeltUnknown>>>;
    |         ----^^^^^^^^^
    |         |
    |         help: remove this `mut`

warning: variable does not need to be mutable
   --> src/funnel_lodash_debounce_with_cached_value_test.rs:453:9
    |
453 |     let mut debounced: ::std::rc::Rc<::std::cell::RefCell<dyn FnMut(Vec<SmeltUnknown>) -> Option<SmeltUnknown>>>;
    |         ----^^^^^^^^^
    |         |
    |         help: remove this `mut`

warning: value assigned to `debounced` is never read
   --> src/funnel_lodash_debounce_with_cached_value_test.rs:469:5
    |
469 |     debounced = ::std::rc::Rc::new(::std::cell::RefCell::new(move |smelt_args: Vec<SmeltUnknown>| (&mut *_smelt_tmp_2.borrow_mut())(match...
    |     ^^^^^^^^^
    |
    = help: maybe it is overwritten before being read?

warning: variable does not need to be mutable
   --> src/funnel_lodash_debounce_with_cached_value_test.rs:493:9
    |
493 |     let mut debounced: ::std::rc::Rc<::std::cell::RefCell<dyn FnMut(Vec<SmeltUnknown>) -> Option<SmeltUnknown>>>;
    |         ----^^^^^^^^^
    |         |
    |         help: remove this `mut`

warning: variable does not need to be mutable
 --> src/funnel_lodash_throttle_test.rs:7:9
  |
7 |     let mut call: ::std::rc::Rc<::std::cell::RefCell<dyn FnMut(Vec<SmeltUnknown>) -> ()>>;
  |         ----^^^^
  |         |
  |         help: remove this `mut`

warning: variable does not need to be mutable
 --> src/funnel_lodash_throttle_test.rs:9:9
  |
9 |     let mut rest: ::std::collections::HashMap<String, SmeltUnknown>;
  |         ----^^^^
  |         |
  |         help: remove this `mut`

warning: value assigned to `rest` is never read
  --> src/funnel_lodash_throttle_test.rs:68:5
   |
68 |     rest = _smelt_tmp_21.clone();
   |     ^^^^
   |
   = help: maybe it is overwritten before being read?

warning: variable does not need to be mutable
  --> src/funnel_lodash_throttle_test.rs:76:9
   |
76 |     let mut throttled: ::std::rc::Rc<::std::cell::RefCell<dyn FnMut(Vec<SmeltUnknown>) -> ()>>;
   |         ----^^^^^^^^^
   |         |
   |         help: remove this `mut`

warning: variable does not need to be mutable
  --> src/funnel_lodash_throttle_test.rs:77:9
   |
77 |     let mut call_count: f64;
   |         ----^^^^^^^^^^
   |         |
   |         help: remove this `mut`

warning: variable does not need to be mutable
   --> src/funnel_lodash_throttle_test.rs:125:9
    |
125 |     let mut throttled: ::std::rc::Rc<::std::cell::RefCell<dyn FnMut(Vec<SmeltUnknown>) -> ()>>;
    |         ----^^^^^^^^^
    |         |
    |         help: remove this `mut`

warning: variable does not need to be mutable
   --> src/funnel_lodash_throttle_test.rs:162:9
    |
162 |     let mut throttled: ::std::rc::Rc<::std::cell::RefCell<dyn FnMut(Vec<SmeltUnknown>) -> ()>>;
    |         ----^^^^^^^^^
    |         |
    |         help: remove this `mut`

warning: variable does not need to be mutable
   --> src/funnel_lodash_throttle_test.rs:197:9
    |
197 |     let mut throttled: ::std::rc::Rc<::std::cell::RefCell<dyn FnMut(Vec<SmeltUnknown>) -> ()>>;
    |         ----^^^^^^^^^
    |         |
    |         help: remove this `mut`

warning: variable does not need to be mutable
   --> src/funnel_lodash_throttle_test.rs:198:9
    |
198 |     let mut end: i64;
    |         ----^^^
    |         |
    |         help: remove this `mut`

warning: variable does not need to be mutable
   --> src/funnel_lodash_throttle_test.rs:232:9
    |
232 |     let mut throttled: ::std::rc::Rc<::std::cell::RefCell<dyn FnMut(Vec<SmeltUnknown>) -> ()>>;
    |         ----^^^^^^^^^
    |         |
    |         help: remove this `mut`

warning: variable does not need to be mutable
   --> src/funnel_lodash_throttle_test.rs:233:9
    |
233 |     let mut end: i64;
    |         ----^^^
    |         |
    |         help: remove this `mut`

warning: variable does not need to be mutable
   --> src/funnel_lodash_throttle_test.rs:271:9
    |
271 |     let mut throttled: ::std::rc::Rc<::std::cell::RefCell<dyn FnMut(Vec<SmeltUnknown>) -> ()>>;
    |         ----^^^^^^^^^
    |         |
    |         help: remove this `mut`

warning: variable does not need to be mutable
   --> src/funnel_lodash_throttle_test.rs:330:9
    |
330 |     let mut throttled: ::std::rc::Rc<::std::cell::RefCell<dyn FnMut(Vec<SmeltUnknown>) -> ()>>;
    |         ----^^^^^^^^^
    |         |
    |         help: remove this `mut`

warning: variable does not need to be mutable
   --> src/funnel_lodash_throttle_test.rs:368:9
    |
368 |     let mut with_leading: ::std::rc::Rc<::std::cell::RefCell<dyn FnMut(Vec<SmeltUnknown>) -> ()>>;
    |         ----^^^^^^^^^^^^
    |         |
    |         help: remove this `mut`

warning: variable does not need to be mutable
   --> src/funnel_lodash_throttle_test.rs:369:9
    |
369 |     let mut without_leading: ::std::rc::Rc<::std::cell::RefCell<dyn FnMut(Vec<SmeltUnknown>) -> ()>>;
    |         ----^^^^^^^^^^^^^^^
    |         |
    |         help: remove this `mut`

warning: variable does not need to be mutable
   --> src/funnel_lodash_throttle_test.rs:407:9
    |
407 |     let mut with_trailing: ::std::rc::Rc<::std::cell::RefCell<dyn FnMut(Vec<SmeltUnknown>) -> ()>>;
    |         ----^^^^^^^^^^^^^
    |         |
    |         help: remove this `mut`

warning: variable does not need to be mutable
   --> src/funnel_lodash_throttle_test.rs:408:9
    |
408 |     let mut without_trailing: ::std::rc::Rc<::std::cell::RefCell<dyn FnMut(Vec<SmeltUnknown>) -> ()>>;
    |         ----^^^^^^^^^^^^^^^^
    |         |
    |         help: remove this `mut`

warning: variable does not need to be mutable
   --> src/funnel_lodash_throttle_test.rs:478:9
    |
478 |     let mut throttled: ::std::rc::Rc<::std::cell::RefCell<dyn FnMut(Vec<SmeltUnknown>) -> ()>>;
    |         ----^^^^^^^^^
    |         |
    |         help: remove this `mut`

warning: variable does not need to be mutable
   --> src/funnel_lodash_throttle_test.rs:515:9
    |
515 |     let mut throttled: ::std::rc::Rc<::std::cell::RefCell<dyn FnMut(Vec<SmeltUnknown>) -> ()>>;
    |         ----^^^^^^^^^
    |         |
    |         help: remove this `mut`

warning: variable does not need to be mutable
   --> src/funnel_lodash_throttle_test.rs:540:9
    |
540 |     let mut throttled: ::std::rc::Rc<::std::cell::RefCell<dyn FnMut(Vec<SmeltUnknown>) -> ()>>;
    |         ----^^^^^^^^^
    |         |
    |         help: remove this `mut`

warning: variable does not need to be mutable
   --> src/funnel_lodash_throttle_test.rs:598:9
    |
598 |     let mut throttled: ::std::rc::Rc<::std::cell::RefCell<dyn FnMut(Vec<SmeltUnknown>) -> ()>>;
    |         ----^^^^^^^^^
    |         |
    |         help: remove this `mut`

warning: variable does not need to be mutable
   --> src/funnel_lodash_throttle_test.rs:628:9
    |
628 |     let mut throttled: ::std::rc::Rc<::std::cell::RefCell<dyn FnMut(Vec<SmeltUnknown>) -> ()>>;
    |         ----^^^^^^^^^
    |         |
    |         help: remove this `mut`

warning: variable does not need to be mutable
   --> src/funnel_lodash_throttle_test.rs:682:9
    |
682 |     let mut throttled: ::std::rc::Rc<::std::cell::RefCell<dyn FnMut(Vec<SmeltUnknown>) -> ()>>;
    |         ----^^^^^^^^^
    |         |
    |         help: remove this `mut`

warning: variable does not need to be mutable
   --> src/funnel_lodash_throttle_test.rs:722:9
    |
722 |     let mut throttled: ::std::rc::Rc<::std::cell::RefCell<dyn FnMut(Vec<SmeltUnknown>) -> ()>>;
    |         ----^^^^^^^^^
    |         |
    |         help: remove this `mut`

warning: value assigned to `throttled` is never read
   --> src/funnel_lodash_throttle_test.rs:741:5
    |
741 |     throttled = ::std::rc::Rc::new(::std::cell::RefCell::new(move |smelt_args: Vec<SmeltUnknown>| (&mut *_smelt_tmp_2.borrow_mut())(match...
    |     ^^^^^^^^^
    |
    = help: maybe it is overwritten before being read?

warning: variable does not need to be mutable
   --> src/funnel_lodash_throttle_test.rs:763:9
    |
763 |     let mut throttled: ::std::rc::Rc<::std::cell::RefCell<dyn FnMut(Vec<SmeltUnknown>) -> ()>>;
    |         ----^^^^^^^^^
    |         |
    |         help: remove this `mut`

warning: variable does not need to be mutable
 --> src/funnel_lodash_throttle_with_cached_value_test.rs:7:9
  |
7 |     let mut call: ::std::rc::Rc<::std::cell::RefCell<dyn FnMut(Vec<SmeltUnknown>) -> ()>>;
  |         ----^^^^
  |         |
  |         help: remove this `mut`

warning: variable does not need to be mutable
 --> src/funnel_lodash_throttle_with_cached_value_test.rs:8:9
  |
8 |     let mut flush: ::std::rc::Rc<::std::cell::RefCell<dyn FnMut() -> ()>>;
  |         ----^^^^^
  |         |
  |         help: remove this `mut`

warning: variable does not need to be mutable
 --> src/funnel_lodash_throttle_with_cached_value_test.rs:9:9
  |
9 |     let mut cancel: ::std::rc::Rc<::std::cell::RefCell<dyn FnMut() -> ()>>;
  |         ----^^^^^^
  |         |
  |         help: remove this `mut`

warning: value assigned to `call` is never read
  --> src/funnel_lodash_throttle_with_cached_value_test.rs:67:5
   |
67 |     call = if let SmeltUnknown::Function(smelt_function) = match _smelt_tmp_21.clone() { SmeltUnknown::Object(map) => map.get("call").clo...
   |     ^^^^
   |
   = help: maybe it is overwritten before being read?

warning: value assigned to `cancel` is never read
  --> src/funnel_lodash_throttle_with_cached_value_test.rs:69:5
   |
69 |     cancel = if let SmeltUnknown::Function(smelt_function) = match _smelt_tmp_21.clone() { SmeltUnknown::Object(map) => map.get("cancel")...
   |     ^^^^^^
   |
   = help: maybe it is overwritten before being read?

warning: variable does not need to be mutable
  --> src/funnel_lodash_throttle_with_cached_value_test.rs:82:9
   |
82 |     let mut throttled: ::std::rc::Rc<::std::cell::RefCell<dyn FnMut(Vec<SmeltUnknown>) -> Option<SmeltUnknown>>>;
   |         ----^^^^^^^^^
   |         |
   |         help: remove this `mut`

warning: variable does not need to be mutable
  --> src/funnel_lodash_throttle_with_cached_value_test.rs:83:9
   |
83 |     let mut result_c: Option<SmeltUnknown>;
   |         ----^^^^^^^^
   |         |
   |         help: remove this `mut`

warning: variable does not need to be mutable
  --> src/funnel_lodash_throttle_with_cached_value_test.rs:84:9
   |
84 |     let mut result_d: Option<SmeltUnknown>;
   |         ----^^^^^^^^
   |         |
   |         help: remove this `mut`

warning: variable does not need to be mutable
   --> src/funnel_lodash_throttle_with_cached_value_test.rs:164:9
    |
164 |     let mut with_leading: ::std::rc::Rc<::std::cell::RefCell<dyn FnMut(Vec<SmeltUnknown>) -> Option<SmeltUnknown>>>;
    |         ----^^^^^^^^^^^^
    |         |
    |         help: remove this `mut`

warning: variable does not need to be mutable
   --> src/funnel_lodash_throttle_with_cached_value_test.rs:165:9
    |
165 |     let mut without_leading: ::std::rc::Rc<::std::cell::RefCell<dyn FnMut(Vec<SmeltUnknown>) -> Option<SmeltUnknown>>>;
    |         ----^^^^^^^^^^^^^^^
    |         |
    |         help: remove this `mut`

warning: variable does not need to be mutable
   --> src/funnel_lodash_throttle_with_cached_value_test.rs:201:9
    |
201 |     let mut with_trailing: ::std::rc::Rc<::std::cell::RefCell<dyn FnMut(Vec<SmeltUnknown>) -> Option<SmeltUnknown>>>;
    |         ----^^^^^^^^^^^^^
    |         |
    |         help: remove this `mut`

warning: variable does not need to be mutable
   --> src/funnel_lodash_throttle_with_cached_value_test.rs:202:9
    |
202 |     let mut without_trailing: ::std::rc::Rc<::std::cell::RefCell<dyn FnMut(Vec<SmeltUnknown>) -> Option<SmeltUnknown>>>;
    |         ----^^^^^^^^^^^^^^^^
    |         |
    |         help: remove this `mut`

warning: variable does not need to be mutable
   --> src/funnel_lodash_throttle_with_cached_value_test.rs:285:9
    |
285 |     let mut throttled: ::std::rc::Rc<::std::cell::RefCell<dyn FnMut(Vec<SmeltUnknown>) -> Option<SmeltUnknown>>>;
    |         ----^^^^^^^^^
    |         |
    |         help: remove this `mut`

warning: variable does not need to be mutable
   --> src/funnel_lodash_throttle_with_cached_value_test.rs:336:9
    |
336 |     let mut throttled: ::std::rc::Rc<::std::cell::RefCell<dyn FnMut(Vec<SmeltUnknown>) -> Option<SmeltUnknown>>>;
    |         ----^^^^^^^^^
    |         |
    |         help: remove this `mut`

warning: variable does not need to be mutable
   --> src/funnel_lodash_throttle_with_cached_value_test.rs:375:9
    |
375 |     let mut throttled: ::std::rc::Rc<::std::cell::RefCell<dyn FnMut(Vec<SmeltUnknown>) -> Option<SmeltUnknown>>>;
    |         ----^^^^^^^^^
    |         |
    |         help: remove this `mut`

warning: value assigned to `throttled` is never read
   --> src/funnel_lodash_throttle_with_cached_value_test.rs:391:5
    |
391 |     throttled = ::std::rc::Rc::new(::std::cell::RefCell::new(move |smelt_args: Vec<SmeltUnknown>| (&mut *_smelt_tmp_2.borrow_mut())(match...
    |     ^^^^^^^^^
    |
    = help: maybe it is overwritten before being read?

warning: variable does not need to be mutable
   --> src/funnel_lodash_throttle_with_cached_value_test.rs:415:9
    |
415 |     let mut throttled: ::std::rc::Rc<::std::cell::RefCell<dyn FnMut(Vec<SmeltUnknown>) -> Option<SmeltUnknown>>>;
    |         ----^^^^^^^^^
    |         |
    |         help: remove this `mut`

warning: variable does not need to be mutable
  --> src/funnel_reference_batch_test.rs:14:49
   |
14 |     let _smelt_tmp_3: Vec<SmeltUnknown> = { let mut smelt_callback = |arg0: SmeltUnknown, arg1: i64, arg2: Vec<SmeltUnknown>| -> SmeltUnk...
   |                                                 ----^^^^^^^^^^^^^^
   |                                                 |
   |                                                 help: remove this `mut`

warning: variable does not need to be mutable
 --> src/funnel_reference_batch_test.rs:7:9
  |
7 |     let mut batch_funnel: SmeltUnknown;
  |         ----^^^^^^^^^^^^
  |         |
  |         help: remove this `mut`

warning: value assigned to `batch_funnel` is never read
  --> src/funnel_reference_batch_test.rs:28:5
   |
28 |     batch_funnel = _smelt_tmp_7.clone();
   |     ^^^^^^^^^^^^
   |
   = help: maybe it is overwritten before being read?

warning: variable does not need to be mutable
  --> src/funnel_reference_batch_test.rs:41:9
   |
41 |     let mut count_letters_api: ::std::collections::HashMap<String, ::std::rc::Rc<::std::cell::RefCell<dyn FnMut(Vec<SmeltUnknown>) -> ::s...
   |         ----^^^^^^^^^^^^^^^^^
   |         |
   |         help: remove this `mut`

warning: variable does not need to be mutable
  --> src/funnel_reference_batch_test.rs:42:9
   |
42 |     let mut prepared: Vec<::std::pin::Pin<Box<dyn ::std::future::Future<Output = SmeltUnknown>>>>;
   |         ----^^^^^^^^
   |         |
   |         help: remove this `mut`

warning: variable does not need to be mutable
  --> src/funnel_reference_batch_test.rs:43:9
   |
43 |     let mut short_result: SmeltUnknown;
   |         ----^^^^^^^^^^^^
   |         |
   |         help: remove this `mut`

warning: variable does not need to be mutable
  --> src/funnel_reference_batch_test.rs:44:9
   |
44 |     let mut medium_result: SmeltUnknown;
   |         ----^^^^^^^^^^^^^
   |         |
   |         help: remove this `mut`

warning: variable does not need to be mutable
  --> src/funnel_reference_batch_test.rs:45:9
   |
45 |     let mut long_result: SmeltUnknown;
   |         ----^^^^^^^^^^^
   |         |
   |         help: remove this `mut`

warning: variable does not need to be mutable
   --> src/funnel_reference_batch_test.rs:166:9
    |
166 |     let mut count_letters_api: ::std::collections::HashMap<String, ::std::rc::Rc<::std::cell::RefCell<dyn FnMut(Vec<SmeltUnknown>) -> ::s...
    |         ----^^^^^^^^^^^^^^^^^
    |         |
    |         help: remove this `mut`

warning: variable does not need to be mutable
   --> src/funnel_reference_batch_test.rs:167:9
    |
167 |     let mut prepared: Vec<::std::pin::Pin<Box<dyn ::std::future::Future<Output = SmeltUnknown>>>>;
    |         ----^^^^^^^^
    |         |
    |         help: remove this `mut`

warning: variable does not need to be mutable
   --> src/funnel_reference_batch_test.rs:168:9
    |
168 |     let mut short_result: SmeltUnknown;
    |         ----^^^^^^^^^^^^
    |         |
    |         help: remove this `mut`

warning: variable does not need to be mutable
   --> src/funnel_reference_batch_test.rs:169:9
    |
169 |     let mut medium_result: SmeltUnknown;
    |         ----^^^^^^^^^^^^^
    |         |
    |         help: remove this `mut`

warning: variable does not need to be mutable
   --> src/funnel_reference_batch_test.rs:170:9
    |
170 |     let mut long_result: SmeltUnknown;
    |         ----^^^^^^^^^^^
    |         |
    |         help: remove this `mut`

warning: variable does not need to be mutable
   --> src/funnel_reference_batch_test.rs:272:9
    |
272 |     let mut failing_api: ::std::collections::HashMap<String, ::std::rc::Rc<::std::cell::RefCell<dyn FnMut(Vec<SmeltUnknown>) -> ::std::pi...
    |         ----^^^^^^^^^^^
    |         |
    |         help: remove this `mut`

warning: value assigned to `failing_api` is never read
   --> src/funnel_reference_batch_test.rs:290:5
    |
290 |     failing_api = _smelt_tmp_3.clone();
    |     ^^^^^^^^^^^
    |
    = help: maybe it is overwritten before being read?

warning: variable does not need to be mutable
 --> src/funnel_remeda_debounce_test.rs:8:9
  |
8 |     let mut debouncing_funnel: SmeltUnknown;
  |         ----^^^^^^^^^^^^^^^^^
  |         |
  |         help: remove this `mut`

warning: variable does not need to be mutable
   --> src/funnel_remeda_debounce_test.rs:131:9
    |
131 |     let mut debouncer: SmeltUnknown;
    |         ----^^^^^^^^^
    |         |
    |         help: remove this `mut`

warning: value assigned to `debouncer` is never read
   --> src/funnel_remeda_debounce_test.rs:171:5
    |
171 |     debouncer = _smelt_tmp_3.clone();
    |     ^^^^^^^^^
    |
    = help: maybe it is overwritten before being read?

warning: variable does not need to be mutable
   --> src/funnel_remeda_debounce_test.rs:223:9
    |
223 |     let mut debouncer: SmeltUnknown;
    |         ----^^^^^^^^^
    |         |
    |         help: remove this `mut`

warning: value assigned to `debouncer` is never read
   --> src/funnel_remeda_debounce_test.rs:237:5
    |
237 |     debouncer = _smelt_tmp_3.clone();
    |     ^^^^^^^^^
    |
    = help: maybe it is overwritten before being read?

warning: variable does not need to be mutable
   --> src/funnel_remeda_debounce_test.rs:262:9
    |
262 |     let mut debouncer: SmeltUnknown;
    |         ----^^^^^^^^^
    |         |
    |         help: remove this `mut`

warning: value assigned to `debouncer` is never read
   --> src/funnel_remeda_debounce_test.rs:279:5
    |
279 |     debouncer = _smelt_tmp_3.clone();
    |     ^^^^^^^^^
    |
    = help: maybe it is overwritten before being read?

warning: variable does not need to be mutable
   --> src/funnel_remeda_debounce_test.rs:299:9
    |
299 |     let mut debouncer: SmeltUnknown;
    |         ----^^^^^^^^^
    |         |
    |         help: remove this `mut`

warning: value assigned to `debouncer` is never read
   --> src/funnel_remeda_debounce_test.rs:315:5
    |
315 |     debouncer = _smelt_tmp_3.clone();
    |     ^^^^^^^^^
    |
    = help: maybe it is overwritten before being read?

warning: variable does not need to be mutable
   --> src/funnel_remeda_debounce_test.rs:334:9
    |
334 |     let mut with_leading: SmeltUnknown;
    |         ----^^^^^^^^^^^^
    |         |
    |         help: remove this `mut`

warning: variable does not need to be mutable
   --> src/funnel_remeda_debounce_test.rs:335:9
    |
335 |     let mut with_leading_and_trailing: SmeltUnknown;
    |         ----^^^^^^^^^^^^^^^^^^^^^^^^^
    |         |
    |         help: remove this `mut`

warning: value assigned to `with_leading` is never read
   --> src/funnel_remeda_debounce_test.rs:366:5
    |
366 |     with_leading = _smelt_tmp_5.clone();
    |     ^^^^^^^^^^^^
    |
    = help: maybe it is overwritten before being read?

warning: value assigned to `with_leading_and_trailing` is never read
   --> src/funnel_remeda_debounce_test.rs:375:5
    |
375 |     with_leading_and_trailing = _smelt_tmp_13.clone();
    |     ^^^^^^^^^^^^^^^^^^^^^^^^^
    |
    = help: maybe it is overwritten before being read?

warning: variable does not need to be mutable
   --> src/funnel_remeda_debounce_test.rs:401:9
    |
401 |     let mut debouncer: SmeltUnknown;
    |         ----^^^^^^^^^
    |         |
    |         help: remove this `mut`

warning: value assigned to `debouncer` is never read
   --> src/funnel_remeda_debounce_test.rs:419:5
    |
419 |     debouncer = _smelt_tmp_3.clone();
    |     ^^^^^^^^^
    |
    = help: maybe it is overwritten before being read?

warning: variable does not need to be mutable
   --> src/funnel_remeda_debounce_test.rs:447:9
    |
447 |     let mut with_trailing: SmeltUnknown;
    |         ----^^^^^^^^^^^^^
    |         |
    |         help: remove this `mut`

warning: value assigned to `with_trailing` is never read
   --> src/funnel_remeda_debounce_test.rs:463:5
    |
463 |     with_trailing = _smelt_tmp_3.clone();
    |     ^^^^^^^^^^^^^
    |
    = help: maybe it is overwritten before being read?

warning: variable does not need to be mutable
   --> src/funnel_remeda_debounce_test.rs:482:9
    |
482 |     let mut debouncer: SmeltUnknown;
    |         ----^^^^^^^^^
    |         |
    |         help: remove this `mut`

warning: value assigned to `debouncer` is never read
   --> src/funnel_remeda_debounce_test.rs:512:5
    |
512 |     debouncer = _smelt_tmp_3.clone();
    |     ^^^^^^^^^
    |
    = help: maybe it is overwritten before being read?

warning: variable does not need to be mutable
   --> src/funnel_remeda_debounce_test.rs:546:9
    |
546 |     let mut with_max_wait: SmeltUnknown;
    |         ----^^^^^^^^^^^^^
    |         |
    |         help: remove this `mut`

warning: variable does not need to be mutable
   --> src/funnel_remeda_debounce_test.rs:547:9
    |
547 |     let mut without_max_wait: SmeltUnknown;
    |         ----^^^^^^^^^^^^^^^^
    |         |
    |         help: remove this `mut`

warning: variable does not need to be mutable
   --> src/funnel_remeda_debounce_test.rs:548:9
    |
548 |     let mut start: i64;
    |         ----^^^^^
    |         |
    |         help: remove this `mut`

warning: value assigned to `with_max_wait` is never read
   --> src/funnel_remeda_debounce_test.rs:572:5
    |
572 |     with_max_wait = _smelt_tmp_6.clone();
    |     ^^^^^^^^^^^^^
    |
    = help: maybe it is overwritten before being read?

warning: value assigned to `without_max_wait` is never read
   --> src/funnel_remeda_debounce_test.rs:575:5
    |
575 |     without_max_wait = _smelt_tmp_8.clone();
    |     ^^^^^^^^^^^^^^^^
    |
    = help: maybe it is overwritten before being read?

warning: variable does not need to be mutable
   --> src/funnel_remeda_debounce_test.rs:604:9
    |
604 |     let mut debouncer: SmeltUnknown;
    |         ----^^^^^^^^^
    |         |
    |         help: remove this `mut`

warning: value assigned to `debouncer` is never read
   --> src/funnel_remeda_debounce_test.rs:615:5
    |
615 |     debouncer = _smelt_tmp_3.clone();
    |     ^^^^^^^^^
    |
    = help: maybe it is overwritten before being read?

warning: variable does not need to be mutable
   --> src/funnel_remeda_debounce_test.rs:629:9
    |
629 |     let mut debouncer: SmeltUnknown;
    |         ----^^^^^^^^^
    |         |
    |         help: remove this `mut`

warning: value assigned to `debouncer` is never read
   --> src/funnel_remeda_debounce_test.rs:647:5
    |
647 |     debouncer = _smelt_tmp_3.clone();
    |     ^^^^^^^^^
    |
    = help: maybe it is overwritten before being read?

warning: variable does not need to be mutable
   --> src/funnel_remeda_debounce_test.rs:669:9
    |
669 |     let mut debouncer: SmeltUnknown;
    |         ----^^^^^^^^^
    |         |
    |         help: remove this `mut`

warning: value assigned to `debouncer` is never read
   --> src/funnel_remeda_debounce_test.rs:692:5
    |
692 |     debouncer = _smelt_tmp_3.clone();
    |     ^^^^^^^^^
    |
    = help: maybe it is overwritten before being read?

warning: variable does not need to be mutable
   --> src/funnel_remeda_debounce_test.rs:719:9
    |
719 |     let mut debouncer: SmeltUnknown;
    |         ----^^^^^^^^^
    |         |
    |         help: remove this `mut`

warning: variable does not need to be mutable
   --> src/funnel_remeda_debounce_test.rs:720:9
    |
720 |     let mut did_throw: bool;
    |         ----^^^^^^^^^
    |         |
    |         help: remove this `mut`

warning: value assigned to `debouncer` is never read
   --> src/funnel_remeda_debounce_test.rs:733:5
    |
733 |     debouncer = _smelt_tmp_4.clone();
    |     ^^^^^^^^^
    |
    = help: maybe it is overwritten before being read?

warning: variable does not need to be mutable
   --> src/funnel_remeda_debounce_test.rs:761:9
    |
761 |     let mut debouncer: SmeltUnknown;
    |         ----^^^^^^^^^
    |         |
    |         help: remove this `mut`

warning: value assigned to `debouncer` is never read
   --> src/funnel_remeda_debounce_test.rs:801:5
    |
801 |     debouncer = _smelt_tmp_3.clone();
    |     ^^^^^^^^^
    |
    = help: maybe it is overwritten before being read?

warning: variable does not need to be mutable
   --> src/funnel_remeda_debounce_test.rs:862:9
    |
862 |     let mut debouncer: SmeltUnknown;
    |         ----^^^^^^^^^
    |         |
    |         help: remove this `mut`

warning: variable does not need to be mutable
   --> src/funnel_remeda_debounce_test.rs:863:9
    |
863 |     let mut did_throw: bool;
    |         ----^^^^^^^^^
    |         |
    |         help: remove this `mut`

warning: value assigned to `debouncer` is never read
   --> src/funnel_remeda_debounce_test.rs:876:5
    |
876 |     debouncer = _smelt_tmp_4.clone();
    |     ^^^^^^^^^
    |
    = help: maybe it is overwritten before being read?

warning: variable does not need to be mutable
   --> src/funnel_remeda_debounce_test.rs:904:9
    |
904 |     let mut debouncer: SmeltUnknown;
    |         ----^^^^^^^^^
    |         |
    |         help: remove this `mut`

warning: value assigned to `debouncer` is never read
   --> src/funnel_remeda_debounce_test.rs:918:5
    |
918 |     debouncer = _smelt_tmp_3.clone();
    |     ^^^^^^^^^
    |
    = help: maybe it is overwritten before being read?

warning: variable does not need to be mutable
   --> src/funnel_remeda_debounce_test.rs:943:9
    |
943 |     let mut debouncer: SmeltUnknown;
    |         ----^^^^^^^^^
    |         |
    |         help: remove this `mut`

warning: variable does not need to be mutable
   --> src/funnel_remeda_debounce_test.rs:980:9
    |
980 |     let mut debouncer: SmeltUnknown;
    |         ----^^^^^^^^^
    |         |
    |         help: remove this `mut`

warning: variable does not need to be mutable
    --> src/funnel_remeda_debounce_test.rs:1031:9
     |
1031 |     let mut debouncer: SmeltUnknown;
     |         ----^^^^^^^^^
     |         |
     |         help: remove this `mut`

warning: variable does not need to be mutable
    --> src/funnel_remeda_debounce_test.rs:1082:9
     |
1082 |     let mut debouncer: SmeltUnknown;
     |         ----^^^^^^^^^
     |         |
     |         help: remove this `mut`

warning: value assigned to `debouncer` is never read
    --> src/funnel_remeda_debounce_test.rs:1097:5
     |
1097 |     debouncer = _smelt_tmp_3.clone();
     |     ^^^^^^^^^
     |
     = help: maybe it is overwritten before being read?

warning: variable does not need to be mutable
    --> src/funnel_remeda_debounce_test.rs:1126:9
     |
1126 |     let mut debouncer: SmeltUnknown;
     |         ----^^^^^^^^^
     |         |
     |         help: remove this `mut`

warning: value assigned to `debouncer` is never read
    --> src/funnel_remeda_debounce_test.rs:1142:5
     |
1142 |     debouncer = _smelt_tmp_3.clone();
     |     ^^^^^^^^^
     |
     = help: maybe it is overwritten before being read?

warning: variable does not need to be mutable
    --> src/funnel_remeda_debounce_test.rs:1173:9
     |
1173 |     let mut debouncer: SmeltUnknown;
     |         ----^^^^^^^^^
     |         |
     |         help: remove this `mut`

warning: value assigned to `debouncer` is never read
    --> src/funnel_remeda_debounce_test.rs:1185:5
     |
1185 |     debouncer = _smelt_tmp_3.clone();
     |     ^^^^^^^^^
     |
     = help: maybe it is overwritten before being read?

warning: variable does not need to be mutable
    --> src/funnel_remeda_debounce_test.rs:1209:9
     |
1209 |     let mut did_throw: bool = false;
     |         ----^^^^^^^^^
     |         |
     |         help: remove this `mut`

warning: variable does not need to be mutable
 --> src/funnel_test.rs:8:9
  |
8 |     let mut foo: SmeltUnknown;
  |         ----^^^
  |         |
  |         help: remove this `mut`

warning: value assigned to `foo` is never read
  --> src/funnel_test.rs:23:5
   |
23 |     foo = _smelt_tmp_3.clone();
   |     ^^^
   |
   = help: maybe it is overwritten before being read?

warning: variable does not need to be mutable
  --> src/funnel_test.rs:39:9
   |
39 |     let mut foo: SmeltUnknown;
   |         ----^^^
   |         |
   |         help: remove this `mut`

warning: value assigned to `foo` is never read
  --> src/funnel_test.rs:68:5
   |
68 |     foo = _smelt_tmp_3.clone();
   |     ^^^
   |
   = help: maybe it is overwritten before being read?

warning: variable does not need to be mutable
  --> src/funnel_test.rs:99:9
   |
99 |     let mut foo: SmeltUnknown;
   |         ----^^^
   |         |
   |         help: remove this `mut`

warning: value assigned to `foo` is never read
   --> src/funnel_test.rs:116:5
    |
116 |     foo = _smelt_tmp_4.clone();
    |     ^^^
    |
    = help: maybe it is overwritten before being read?

warning: variable does not need to be mutable
   --> src/funnel_test.rs:132:9
    |
132 |     let mut foo: SmeltUnknown;
    |         ----^^^
    |         |
    |         help: remove this `mut`

warning: value assigned to `foo` is never read
   --> src/funnel_test.rs:157:5
    |
157 |     foo = _smelt_tmp_5.clone();
    |     ^^^
    |
    = help: maybe it is overwritten before being read?

warning: variable does not need to be mutable
   --> src/funnel_test.rs:183:9
    |
183 |     let mut foo: SmeltUnknown;
    |         ----^^^
    |         |
    |         help: remove this `mut`

warning: value assigned to `foo` is never read
   --> src/funnel_test.rs:197:5
    |
197 |     foo = _smelt_tmp_4.clone();
    |     ^^^
    |
    = help: maybe it is overwritten before being read?

warning: variable does not need to be mutable
   --> src/funnel_test.rs:211:9
    |
211 |     let mut foo: SmeltUnknown;
    |         ----^^^
    |         |
    |         help: remove this `mut`

warning: value assigned to `foo` is never read
   --> src/funnel_test.rs:228:5
    |
228 |     foo = _smelt_tmp_4.clone();
    |     ^^^
    |
    = help: maybe it is overwritten before being read?

warning: variable does not need to be mutable
   --> src/funnel_test.rs:245:9
    |
245 |     let mut foo: SmeltUnknown;
    |         ----^^^
    |         |
    |         help: remove this `mut`

warning: value assigned to `foo` is never read
   --> src/funnel_test.rs:276:5
    |
276 |     foo = _smelt_tmp_4.clone();
    |     ^^^
    |
    = help: maybe it is overwritten before being read?

warning: variable does not need to be mutable
   --> src/funnel_test.rs:307:9
    |
307 |     let mut foo: SmeltUnknown;
    |         ----^^^
    |         |
    |         help: remove this `mut`

warning: value assigned to `foo` is never read
   --> src/funnel_test.rs:347:5
    |
347 |     foo = _smelt_tmp_4.clone();
    |     ^^^
    |
    = help: maybe it is overwritten before being read?

warning: variable does not need to be mutable
   --> src/funnel_test.rs:385:9
    |
385 |     let mut foo: SmeltUnknown;
    |         ----^^^
    |         |
    |         help: remove this `mut`

warning: value assigned to `foo` is never read
   --> src/funnel_test.rs:439:5
    |
439 |     foo = _smelt_tmp_4.clone();
    |     ^^^
    |
    = help: maybe it is overwritten before being read?

warning: variable does not need to be mutable
   --> src/funnel_test.rs:492:9
    |
492 |     let mut foo: SmeltUnknown;
    |         ----^^^
    |         |
    |         help: remove this `mut`

warning: value assigned to `foo` is never read
   --> src/funnel_test.rs:537:5
    |
537 |     foo = _smelt_tmp_4.clone();
    |     ^^^
    |
    = help: maybe it is overwritten before being read?

warning: variable does not need to be mutable
   --> src/funnel_test.rs:581:9
    |
581 |     let mut foo: SmeltUnknown;
    |         ----^^^
    |         |
    |         help: remove this `mut`

warning: value assigned to `foo` is never read
   --> src/funnel_test.rs:621:5
    |
621 |     foo = _smelt_tmp_4.clone();
    |     ^^^
    |
    = help: maybe it is overwritten before being read?

warning: variable does not need to be mutable
   --> src/funnel_test.rs:659:9
    |
659 |     let mut foo: SmeltUnknown;
    |         ----^^^
    |         |
    |         help: remove this `mut`

warning: value assigned to `foo` is never read
   --> src/funnel_test.rs:719:5
    |
719 |     foo = _smelt_tmp_4.clone();
    |     ^^^
    |
    = help: maybe it is overwritten before being read?

warning: variable does not need to be mutable
   --> src/funnel_test.rs:778:9
    |
778 |     let mut foo: SmeltUnknown;
    |         ----^^^
    |         |
    |         help: remove this `mut`

warning: value assigned to `foo` is never read
   --> src/funnel_test.rs:826:5
    |
826 |     foo = _smelt_tmp_4.clone();
    |     ^^^
    |
    = help: maybe it is overwritten before being read?

warning: variable does not need to be mutable
   --> src/funnel_test.rs:873:9
    |
873 |     let mut foo: SmeltUnknown;
    |         ----^^^
    |         |
    |         help: remove this `mut`

warning: value assigned to `foo` is never read
   --> src/funnel_test.rs:918:5
    |
918 |     foo = _smelt_tmp_4.clone();
    |     ^^^
    |
    = help: maybe it is overwritten before being read?

warning: variable does not need to be mutable
   --> src/funnel_test.rs:963:9
    |
963 |     let mut foo: SmeltUnknown;
    |         ----^^^
    |         |
    |         help: remove this `mut`

warning: value assigned to `foo` is never read
   --> src/funnel_test.rs:997:5
    |
997 |     foo = _smelt_tmp_5.clone();
    |     ^^^
    |
    = help: maybe it is overwritten before being read?

warning: variable does not need to be mutable
    --> src/funnel_test.rs:1030:9
     |
1030 |     let mut foo: SmeltUnknown;
     |         ----^^^
     |         |
     |         help: remove this `mut`

warning: value assigned to `foo` is never read
    --> src/funnel_test.rs:1074:5
     |
1074 |     foo = _smelt_tmp_5.clone();
     |     ^^^
     |
     = help: maybe it is overwritten before being read?

warning: variable does not need to be mutable
    --> src/funnel_test.rs:1116:9
     |
1116 |     let mut foo: SmeltUnknown;
     |         ----^^^
     |         |
     |         help: remove this `mut`

warning: value assigned to `foo` is never read
    --> src/funnel_test.rs:1166:5
     |
1166 |     foo = _smelt_tmp_5.clone();
     |     ^^^
     |
     = help: maybe it is overwritten before being read?

warning: variable does not need to be mutable
    --> src/funnel_test.rs:1215:9
     |
1215 |     let mut foo: SmeltUnknown;
     |         ----^^^
     |         |
     |         help: remove this `mut`

warning: value assigned to `foo` is never read
    --> src/funnel_test.rs:1264:5
     |
1264 |     foo = _smelt_tmp_4.clone();
     |     ^^^
     |
     = help: maybe it is overwritten before being read?

warning: variable does not need to be mutable
    --> src/funnel_test.rs:1312:9
     |
1312 |     let mut foo: SmeltUnknown;
     |         ----^^^
     |         |
     |         help: remove this `mut`

warning: value assigned to `foo` is never read
    --> src/funnel_test.rs:1362:5
     |
1362 |     foo = _smelt_tmp_5.clone();
     |     ^^^
     |
     = help: maybe it is overwritten before being read?

warning: variable does not need to be mutable
    --> src/funnel_test.rs:1410:9
     |
1410 |     let mut foo: SmeltUnknown;
     |         ----^^^
     |         |
     |         help: remove this `mut`

warning: value assigned to `foo` is never read
    --> src/funnel_test.rs:1453:5
     |
1453 |     foo = _smelt_tmp_4.clone();
     |     ^^^
     |
     = help: maybe it is overwritten before being read?

warning: variable does not need to be mutable
    --> src/funnel_test.rs:1495:9
     |
1495 |     let mut foo: SmeltUnknown;
     |         ----^^^
     |         |
     |         help: remove this `mut`

warning: value assigned to `foo` is never read
    --> src/funnel_test.rs:1544:5
     |
1544 |     foo = _smelt_tmp_4.clone();
     |     ^^^
     |
     = help: maybe it is overwritten before being read?

warning: variable does not need to be mutable
    --> src/funnel_test.rs:1592:9
     |
1592 |     let mut foo: SmeltUnknown;
     |         ----^^^
     |         |
     |         help: remove this `mut`

warning: value assigned to `foo` is never read
    --> src/funnel_test.rs:1630:5
     |
1630 |     foo = _smelt_tmp_4.clone();
     |     ^^^
     |
     = help: maybe it is overwritten before being read?

warning: variable does not need to be mutable
    --> src/funnel_test.rs:1666:9
     |
1666 |     let mut foo: SmeltUnknown;
     |         ----^^^
     |         |
     |         help: remove this `mut`

warning: value assigned to `foo` is never read
    --> src/funnel_test.rs:1709:5
     |
1709 |     foo = _smelt_tmp_4.clone();
     |     ^^^
     |
     = help: maybe it is overwritten before being read?

warning: variable does not need to be mutable
    --> src/funnel_test.rs:1751:9
     |
1751 |     let mut foo: SmeltUnknown;
     |         ----^^^
     |         |
     |         help: remove this `mut`

warning: value assigned to `foo` is never read
    --> src/funnel_test.rs:1811:5
     |
1811 |     foo = _smelt_tmp_4.clone();
     |     ^^^
     |
     = help: maybe it is overwritten before being read?

warning: variable does not need to be mutable
    --> src/funnel_test.rs:1870:9
     |
1870 |     let mut foo: SmeltUnknown;
     |         ----^^^
     |         |
     |         help: remove this `mut`

warning: value assigned to `foo` is never read
    --> src/funnel_test.rs:1918:5
     |
1918 |     foo = _smelt_tmp_4.clone();
     |     ^^^
     |
     = help: maybe it is overwritten before being read?

warning: variable does not need to be mutable
    --> src/funnel_test.rs:1965:9
     |
1965 |     let mut foo: SmeltUnknown;
     |         ----^^^
     |         |
     |         help: remove this `mut`

warning: value assigned to `foo` is never read
    --> src/funnel_test.rs:2004:5
     |
2004 |     foo = _smelt_tmp_4.clone();
     |     ^^^
     |
     = help: maybe it is overwritten before being read?

warning: variable does not need to be mutable
    --> src/funnel_test.rs:2042:9
     |
2042 |     let mut foo: SmeltUnknown;
     |         ----^^^
     |         |
     |         help: remove this `mut`

warning: value assigned to `foo` is never read
    --> src/funnel_test.rs:2070:5
     |
2070 |     foo = _smelt_tmp_4.clone();
     |     ^^^
     |
     = help: maybe it is overwritten before being read?

warning: variable does not need to be mutable
    --> src/funnel_test.rs:2096:9
     |
2096 |     let mut foo: SmeltUnknown;
     |         ----^^^
     |         |
     |         help: remove this `mut`

warning: value assigned to `foo` is never read
    --> src/funnel_test.rs:2122:5
     |
2122 |     foo = _smelt_tmp_4.clone();
     |     ^^^
     |
     = help: maybe it is overwritten before being read?

warning: variable does not need to be mutable
    --> src/funnel_test.rs:2146:9
     |
2146 |     let mut foo: SmeltUnknown;
     |         ----^^^
     |         |
     |         help: remove this `mut`

warning: value assigned to `foo` is never read
    --> src/funnel_test.rs:2167:5
     |
2167 |     foo = _smelt_tmp_4.clone();
     |     ^^^
     |
     = help: maybe it is overwritten before being read?

warning: variable does not need to be mutable
    --> src/funnel_test.rs:2186:9
     |
2186 |     let mut foo: SmeltUnknown;
     |         ----^^^
     |         |
     |         help: remove this `mut`

warning: value assigned to `foo` is never read
    --> src/funnel_test.rs:2219:5
     |
2219 |     foo = _smelt_tmp_4.clone();
     |     ^^^
     |
     = help: maybe it is overwritten before being read?

warning: variable does not need to be mutable
    --> src/funnel_test.rs:2250:9
     |
2250 |     let mut foo: SmeltUnknown;
     |         ----^^^
     |         |
     |         help: remove this `mut`

warning: value assigned to `foo` is never read
    --> src/funnel_test.rs:2294:5
     |
2294 |     foo = _smelt_tmp_4.clone();
     |     ^^^
     |
     = help: maybe it is overwritten before being read?

warning: variable does not need to be mutable
    --> src/funnel_test.rs:2336:9
     |
2336 |     let mut foo: SmeltUnknown;
     |         ----^^^
     |         |
     |         help: remove this `mut`

warning: value assigned to `foo` is never read
    --> src/funnel_test.rs:2386:5
     |
2386 |     foo = _smelt_tmp_4.clone();
     |     ^^^
     |
     = help: maybe it is overwritten before being read?

warning: variable does not need to be mutable
    --> src/funnel_test.rs:2434:9
     |
2434 |     let mut foo: SmeltUnknown;
     |         ----^^^
     |         |
     |         help: remove this `mut`

warning: value assigned to `foo` is never read
    --> src/funnel_test.rs:2463:5
     |
2463 |     foo = _smelt_tmp_4.clone();
     |     ^^^
     |
     = help: maybe it is overwritten before being read?

warning: variable does not need to be mutable
    --> src/funnel_test.rs:2490:9
     |
2490 |     let mut foo: SmeltUnknown;
     |         ----^^^
     |         |
     |         help: remove this `mut`

warning: value assigned to `foo` is never read
    --> src/funnel_test.rs:2522:5
     |
2522 |     foo = _smelt_tmp_5.clone();
     |     ^^^
     |
     = help: maybe it is overwritten before being read?

warning: variable does not need to be mutable
    --> src/funnel_test.rs:2552:9
     |
2552 |     let mut foo: SmeltUnknown;
     |         ----^^^
     |         |
     |         help: remove this `mut`

warning: value assigned to `foo` is never read
    --> src/funnel_test.rs:2570:5
     |
2570 |     foo = _smelt_tmp_4.clone();
     |     ^^^
     |
     = help: maybe it is overwritten before being read?

warning: variable does not need to be mutable
    --> src/funnel_test.rs:2586:9
     |
2586 |     let mut foo: SmeltUnknown;
     |         ----^^^
     |         |
     |         help: remove this `mut`

warning: value assigned to `foo` is never read
    --> src/funnel_test.rs:2605:5
     |
2605 |     foo = _smelt_tmp_5.clone();
     |     ^^^
     |
     = help: maybe it is overwritten before being read?

warning: variable does not need to be mutable
    --> src/funnel_test.rs:2622:9
     |
2622 |     let mut foo: SmeltUnknown;
     |         ----^^^
     |         |
     |         help: remove this `mut`

warning: variable does not need to be mutable
    --> src/funnel_test.rs:2658:9
     |
2658 |     let mut foo: SmeltUnknown;
     |         ----^^^
     |         |
     |         help: remove this `mut`

warning: variable does not need to be mutable
    --> src/funnel_test.rs:2699:9
     |
2699 |     let mut foo: SmeltUnknown;
     |         ----^^^
     |         |
     |         help: remove this `mut`

warning: value assigned to `foo` is never read
    --> src/funnel_test.rs:2750:5
     |
2750 |     foo = _smelt_tmp_5.clone();
     |     ^^^
     |
     = help: maybe it is overwritten before being read?

warning: variable does not need to be mutable
    --> src/funnel_test.rs:2799:9
     |
2799 |     let mut foo: SmeltUnknown;
     |         ----^^^
     |         |
     |         help: remove this `mut`

warning: value assigned to `foo` is never read
    --> src/funnel_test.rs:2853:5
     |
2853 |     foo = _smelt_tmp_5.clone();
     |     ^^^
     |
     = help: maybe it is overwritten before being read?

warning: variable does not need to be mutable
 --> src/groupBy.rs:7:104
  |
7 |     let _smelt_tmp_1 = ::std::rc::Rc::new(::std::cell::RefCell::new(|closure_arg_0: Vec<SmeltUnknown>, mut closure_arg_1: ::std::rc::Rc<:...
  |                                                                                                        ----^^^^^^^^^^^^^
  |                                                                                                        |
  |                                                                                                        help: remove this `mut`

warning: variable does not need to be mutable
  --> src/groupBy_test.rs:83:9
   |
83 |     let mut result: ::std::collections::HashMap<SmeltUnknown, Vec<f64>>;
   |         ----^^^^^^
   |         |
   |         help: remove this `mut`

warning: variable does not need to be mutable
   --> src/groupBy_test.rs:112:9
    |
112 |     let mut result: ::std::collections::HashMap<SmeltUnknown, Vec<String>>;
    |         ----^^^^^^
    |         |
    |         help: remove this `mut`

warning: variable does not need to be mutable
  --> src/hasSubObject.rs:17:9
   |
17 |     let mut key: String;
   |         ----^^^
   |         |
   |         help: remove this `mut`

warning: variable does not need to be mutable
  --> src/hasSubObject.rs:18:9
   |
18 |     let mut value: SmeltUnknown;
   |         ----^^^^^
   |         |
   |         help: remove this `mut`

warning: variable does not need to be mutable
  --> src/heap.rs:22:9
   |
22 |     let mut head: SmeltUnknown;
   |         ----^^^^
   |         |
   |         help: remove this `mut`

warning: variable does not need to be mutable
  --> src/heap.rs:46:9
   |
46 |     let mut first_child_index: f64;
   |         ----^^^^^^^^^^^^^^^^^
   |         |
   |         help: remove this `mut`

warning: variable does not need to be mutable
  --> src/heap.rs:48:9
   |
48 |     let mut second_child_index: f64;
   |         ----^^^^^^^^^^^^^^^^^^
   |         |
   |         help: remove this `mut`

warning: value assigned to `current_index` is never read
  --> src/heap.rs:95:5
   |
95 |     current_index = swap_index.clone();
   |     ^^^^^^^^^^^^^^^^^^^^^^^^^^^^^^^^^^
   |
   = help: maybe it is overwritten before being read?

warning: variable does not need to be mutable
 --> src/identity_test.rs:8:9
  |
8 |     let mut id: ::std::rc::Rc<::std::cell::RefCell<dyn FnMut(SmeltUnknown, Vec<SmeltUnknown>) -> SmeltUnknown>>;
  |         ----^^
  |         |
  |         help: remove this `mut`

warning: variable does not need to be mutable
  --> src/identity_test.rs:26:9
   |
26 |     let mut id: ::std::rc::Rc<::std::cell::RefCell<dyn FnMut(SmeltUnknown, Vec<SmeltUnknown>) -> SmeltUnknown>>;
   |         ----^^
   |         |
   |         help: remove this `mut`

warning: variable does not need to be mutable
  --> src/identity_test.rs:74:9
   |
74 |     let mut id: ::std::rc::Rc<::std::cell::RefCell<dyn FnMut(SmeltUnknown, Vec<SmeltUnknown>) -> SmeltUnknown>>;
   |         ----^^
   |         |
   |         help: remove this `mut`

warning: variable does not need to be mutable
 --> src/indexBy.rs:7:104
  |
7 |     let _smelt_tmp_1 = ::std::rc::Rc::new(::std::cell::RefCell::new(|closure_arg_0: Vec<SmeltUnknown>, mut closure_arg_1: ::std::rc::Rc<:...
  |                                                                                                        ----^^^^^^^^^^^^^
  |                                                                                                        |
  |                                                                                                        help: remove this `mut`

warning: variable does not need to be mutable
  --> src/intersection.rs:13:9
   |
13 |     let mut remaining: ::std::collections::HashMap<SmeltUnknown, f64>;
   |         ----^^^^^^^^^
   |         |
   |         help: remove this `mut`

warning: variable does not need to be mutable
  --> src/intersection.rs:49:9
   |
49 |     let mut remaining = remaining.clone();
   |         ----^^^^^^^^^
   |         |
   |         help: remove this `mut`

warning: variable does not need to be mutable
  --> src/intersectionWith_test.rs:79:9
   |
79 |     let mut counter: ::std::collections::HashMap<String, SmeltUnknown>;
   |         ----^^^^^^^
   |         |
   |         help: remove this `mut`

warning: variable does not need to be mutable
  --> src/intersectionWith_test.rs:80:9
   |
80 |     let mut result: Vec<SmeltUnknown>;
   |         ----^^^^^^
   |         |
   |         help: remove this `mut`

warning: variable does not need to be mutable
   --> src/intersection_test.rs:195:9
    |
195 |     let mut result: Vec<SmeltUnknown>;
    |         ----^^^^^^
    |         |
    |         help: remove this `mut`

warning: variable does not need to be mutable
   --> src/intersection_test.rs:221:9
    |
221 |     let mut result: SmeltUnknown;
    |         ----^^^^^^
    |         |
    |         help: remove this `mut`

warning: variable does not need to be mutable
  --> src/isDeepEqual.rs:17:9
   |
17 |     let mut key: String;
   |         ----^^^
   |         |
   |         help: remove this `mut`

warning: variable does not need to be mutable
  --> src/isDeepEqual.rs:18:9
   |
18 |     let mut value: SmeltUnknown;
   |         ----^^^^^
   |         |
   |         help: remove this `mut`

warning: variable does not need to be mutable
   --> src/isDeepEqual.rs:160:9
    |
160 |     let mut index: i64;
    |         ----^^^^^
    |         |
    |         help: remove this `mut`

warning: variable does not need to be mutable
   --> src/isDeepEqual.rs:161:9
    |
161 |     let mut item: SmeltUnknown;
    |         ----^^^^
    |         |
    |         help: remove this `mut`

warning: variable does not need to be mutable
   --> src/isDeepEqual.rs:197:9
    |
197 |     let mut key: SmeltUnknown;
    |         ----^^^
    |         |
    |         help: remove this `mut`

warning: variable does not need to be mutable
   --> src/isDeepEqual.rs:198:9
    |
198 |     let mut value: SmeltUnknown;
    |         ----^^^^^
    |         |
    |         help: remove this `mut`

warning: variable does not need to be mutable
   --> src/isDeepEqual.rs:243:9
    |
243 |     let mut data_item: SmeltUnknown;
    |         ----^^^^^^^^^
    |         |
    |         help: remove this `mut`

warning: variable does not need to be mutable
  --> src/isDeepEqual_test.rs:20:81
   |
20 |     let _smelt_tmp_4: ::std::collections::HashMap<String, SmeltUnknown> = { let mut assigned = _smelt_tmp_3.clone().clone(); assigned };
   |                                                                                 ----^^^^^^^^
   |                                                                                 |
   |                                                                                 help: remove this `mut`

warning: variable does not need to be mutable
    --> src/isDeepEqual_test.rs:1064:9
     |
1064 |     let mut null_proto_object: SmeltUnknown;
     |         ----^^^^^^^^^^^^^^^^^
     |         |
     |         help: remove this `mut`

warning: variable does not need to be mutable
    --> src/isDeepEqual_test.rs:1110:9
     |
1110 |     let mut null_proto_object: SmeltUnknown;
     |         ----^^^^^^^^^^^^^^^^^
     |         |
     |         help: remove this `mut`

warning: variable does not need to be mutable
    --> src/isDeepEqual_test.rs:1135:9
     |
1135 |     let mut null_proto_object: SmeltUnknown;
     |         ----^^^^^^^^^^^^^^^^^
     |         |
     |         help: remove this `mut`

warning: variable does not need to be mutable
    --> src/isDeepEqual_test.rs:1183:9
     |
1183 |     let mut null_proto_object: SmeltUnknown;
     |         ----^^^^^^^^^^^^^^^^^
     |         |
     |         help: remove this `mut`

warning: variable does not need to be mutable
 --> src/isIncludedIn.rs:7:9
  |
7 |     let mut as_set: ::std::collections::HashSet<SmeltUnknown>;
  |         ----^^^^^^
  |         |
  |         help: remove this `mut`

warning: variable does not need to be mutable
  --> src/isIncludedIn.rs:19:9
   |
19 |     let mut as_set = as_set.clone();
   |         ----^^^^^^
   |         |
   |         help: remove this `mut`

warning: variable does not need to be mutable
   --> src/isIncludedIn_test.rs:236:9
    |
236 |     let mut is_included_in_container: ::std::rc::Rc<::std::cell::RefCell<dyn FnMut(SmeltUnknown) -> bool>>;
    |         ----^^^^^^^^^^^^^^^^^^^^^^^^
    |         |
    |         help: remove this `mut`

warning: variable does not need to be mutable
   --> src/isIncludedIn_test.rs:261:9
    |
261 |     let mut is_included_in_container1: ::std::rc::Rc<::std::cell::RefCell<dyn FnMut(SmeltUnknown) -> bool>>;
    |         ----^^^^^^^^^^^^^^^^^^^^^^^^^
    |         |
    |         help: remove this `mut`

warning: variable does not need to be mutable
   --> src/isIncludedIn_test.rs:262:9
    |
262 |     let mut is_included_in_container2: ::std::rc::Rc<::std::cell::RefCell<dyn FnMut(SmeltUnknown) -> bool>>;
    |         ----^^^^^^^^^^^^^^^^^^^^^^^^^
    |         |
    |         help: remove this `mut`

warning: variable does not need to be mutable
   --> src/isIncludedIn_test.rs:307:9
    |
307 |     let mut is_included_in_container: ::std::rc::Rc<::std::cell::RefCell<dyn FnMut(SmeltUnknown) -> bool>>;
    |         ----^^^^^^^^^^^^^^^^^^^^^^^^
    |         |
    |         help: remove this `mut`

warning: variable does not need to be mutable
   --> src/isIncludedIn_test.rs:398:9
    |
398 |     let mut result: Vec<SmeltUnknown>;
    |         ----^^^^^^
    |         |
    |         help: remove this `mut`

warning: variable does not need to be mutable
  --> src/isNot_test.rs:30:9
   |
30 |     let mut data: Vec<SmeltUnknown>;
   |         ----^^^^
   |         |
   |         help: remove this `mut`

warning: variable does not need to be mutable
 --> src/isPlainObject.rs:7:9
  |
7 |     let mut proto: SmeltUnknown;
  |         ----^^^^^
  |         |
  |         help: remove this `mut`

warning: variable does not need to be mutable
  --> src/isShallowEqual.rs:16:9
   |
16 |     let mut keys: Vec<String>;
   |         ----^^^^
   |         |
   |         help: remove this `mut`

warning: variable does not need to be mutable
  --> src/isShallowEqual.rs:17:9
   |
17 |     let mut key: String;
   |         ----^^^
   |         |
   |         help: remove this `mut`

warning: variable does not need to be mutable
  --> src/isShallowEqual.rs:18:9
   |
18 |     let mut value_a: SmeltUnknown;
   |         ----^^^^^^^
   |         |
   |         help: remove this `mut`

warning: variable does not need to be mutable
  --> src/isShallowEqual.rs:19:9
   |
19 |     let mut value_b: SmeltUnknown;
   |         ----^^^^^^^
   |         |
   |         help: remove this `mut`

warning: variable does not need to be mutable
   --> src/isShallowEqual.rs:124:9
    |
124 |     let mut key: SmeltUnknown;
    |         ----^^^
    |         |
    |         help: remove this `mut`

warning: variable does not need to be mutable
   --> src/isShallowEqual.rs:125:9
    |
125 |     let mut value: SmeltUnknown;
    |         ----^^^^^
    |         |
    |         help: remove this `mut`

warning: variable does not need to be mutable
   --> src/isShallowEqual.rs:126:9
    |
126 |     let mut value_b: Option<SmeltUnknown>;
    |         ----^^^^^^^
    |         |
    |         help: remove this `mut`

warning: variable does not need to be mutable
   --> src/isShallowEqual.rs:169:9
    |
169 |     let mut value: SmeltUnknown;
    |         ----^^^^^
    |         |
    |         help: remove this `mut`

warning: variable does not need to be mutable
   --> src/isShallowEqual_test.rs:341:9
    |
341 |     let mut data: SmeltRegExp = _smelt_tmp_1.clone();
    |         ----^^^^
    |         |
    |         help: remove this `mut`

warning: variable does not need to be mutable
   --> src/isStrictEqual_test.rs:251:9
    |
251 |     let mut data: SmeltRegExp = _smelt_tmp_1.clone();
    |         ----^^^^
    |         |
    |         help: remove this `mut`

warning: variable does not need to be mutable
 --> src/map.rs:7:104
  |
7 |     let _smelt_tmp_1 = ::std::rc::Rc::new(::std::cell::RefCell::new(|closure_arg_0: Vec<SmeltUnknown>, mut closure_arg_1: ::std::rc::Rc<:...
  |                                                                                                        ----^^^^^^^^^^^^^
  |                                                                                                        |
  |                                                                                                        help: remove this `mut`

warning: variable does not need to be mutable
 --> src/mapKeys.rs:7:99
  |
7 |     let _smelt_tmp_1 = ::std::rc::Rc::new(::std::cell::RefCell::new(|closure_arg_0: SmeltUnknown, mut closure_arg_1: ::std::rc::Rc<::std:...
  |                                                                                                   ----^^^^^^^^^^^^^
  |                                                                                                   |
  |                                                                                                   help: remove this `mut`

warning: variable does not need to be mutable
 --> src/mapToObj.rs:7:104
  |
7 |     let _smelt_tmp_1 = ::std::rc::Rc::new(::std::cell::RefCell::new(|closure_arg_0: Vec<SmeltUnknown>, mut closure_arg_1: ::std::rc::Rc<:...
  |                                                                                                        ----^^^^^^^^^^^^^
  |                                                                                                        |
  |                                                                                                        help: remove this `mut`

warning: variable does not need to be mutable
 --> src/mapToObj_test.rs:8:9
  |
8 |     let mut result: ::std::collections::HashMap<SmeltUnknown, SmeltUnknown>;
  |         ----^^^^^^
  |         |
  |         help: remove this `mut`

warning: value assigned to `result` is never read
  --> src/mapToObj_test.rs:16:5
   |
16 |     result = _smelt_tmp_4.clone();
   |     ^^^^^^
   |
   = help: maybe it is overwritten before being read?

warning: variable does not need to be mutable
  --> src/mapToObj_test.rs:29:9
   |
29 |     let mut result: ::std::collections::HashMap<SmeltUnknown, SmeltUnknown>;
   |         ----^^^^^^
   |         |
   |         help: remove this `mut`

warning: value assigned to `result` is never read
  --> src/mapToObj_test.rs:37:5
   |
37 |     result = _smelt_tmp_4.clone();
   |     ^^^^^^
   |
   = help: maybe it is overwritten before being read?

warning: variable does not need to be mutable
  --> src/mapToObj_test.rs:50:9
   |
50 |     let mut result: ::std::collections::HashMap<SmeltUnknown, SmeltUnknown>;
   |         ----^^^^^^
   |         |
   |         help: remove this `mut`

warning: value assigned to `result` is never read
  --> src/mapToObj_test.rs:61:5
   |
61 |     result = _smelt_tmp_6.clone();
   |     ^^^^^^
   |
   = help: maybe it is overwritten before being read?

warning: variable does not need to be mutable
  --> src/mapToObj_test.rs:74:9
   |
74 |     let mut result: ::std::collections::HashMap<SmeltUnknown, SmeltUnknown>;
   |         ----^^^^^^
   |         |
   |         help: remove this `mut`

warning: value assigned to `result` is never read
  --> src/mapToObj_test.rs:85:5
   |
85 |     result = _smelt_tmp_6.clone();
   |     ^^^^^^
   |
   = help: maybe it is overwritten before being read?

warning: variable does not need to be mutable
 --> src/mapValues.rs:7:99
  |
7 |     let _smelt_tmp_1 = ::std::rc::Rc::new(::std::cell::RefCell::new(|closure_arg_0: SmeltUnknown, mut closure_arg_1: ::std::rc::Rc<::std:...
  |                                                                                                   ----^^^^^^^^^^^^^
  |                                                                                                   |
  |                                                                                                   help: remove this `mut`

warning: variable does not need to be mutable
  --> src/mapWithFeedback_test.rs:27:9
   |
27 |     let mut results: ::std::collections::HashMap<String, SmeltUnknown>;
   |         ----^^^^^^^
   |         |
   |         help: remove this `mut`

warning: variable does not need to be mutable
  --> src/mapWithFeedback_test.rs:28:9
   |
28 |     let mut item: SmeltUnknown;
   |         ----^^^^
   |         |
   |         help: remove this `mut`

warning: value assigned to `result` is never read
  --> src/mapWithFeedback_test.rs:63:5
   |
63 |     result = _smelt_tmp_13.get({ let len = _smelt_tmp_13.len() as i64; let index = _smelt_tmp_14.clone() as i64; let normalized = if inde...
   |     ^^^^^^
   |
   = help: maybe it is overwritten before being read?

warning: variable does not need to be mutable
  --> src/mapWithFeedback_test.rs:71:9
   |
71 |     let mut result: ::std::collections::HashMap<String, SmeltUnknown>;
   |         ----^^^^^^
   |         |
   |         help: remove this `mut`

warning: variable does not need to be mutable
 --> src/meanBy.rs:7:104
  |
7 |     let _smelt_tmp_1 = ::std::rc::Rc::new(::std::cell::RefCell::new(|closure_arg_0: Vec<SmeltUnknown>, mut closure_arg_1: ::std::rc::Rc<:...
  |                                                                                                        ----^^^^^^^^^^^^^
  |                                                                                                        |
  |                                                                                                        help: remove this `mut`

warning: variable does not need to be mutable
  --> src/median.rs:16:9
   |
16 |     let mut sorted_data: SmeltUnknown;
   |         ----^^^^^^^^^^^
   |         |
   |         help: remove this `mut`

warning: variable does not need to be mutable
  --> src/median.rs:17:9
   |
17 |     let mut middle_index: f64;
   |         ----^^^^^^^^^^^^
   |         |
   |         help: remove this `mut`

warning: variable does not need to be mutable
  --> src/merge.rs:17:81
   |
17 |     let _smelt_tmp_3: ::std::collections::HashMap<String, SmeltUnknown> = { let mut assigned = _smelt_tmp_2.clone().clone(); assigned };
   |                                                                                 ----^^^^^^^^
   |                                                                                 |
   |                                                                                 help: remove this `mut`

warning: value assigned to `item` is never read
  --> src/mergeAll.rs:19:5
   |
19 |     item = objects.get({ let len = objects.len() as i64; let index = _smelt_tmp_4.clone() as i64; let normalized = if index < 0 { len + i...
   |     ^^^^
   |
   = help: maybe it is overwritten before being read?

warning: variable does not need to be mutable
  --> src/mergeAll_test.rs:27:9
   |
27 |     let mut result: SmeltUnknown;
   |         ----^^^^^^
   |         |
   |         help: remove this `mut`

warning: variable does not need to be mutable
  --> src/mergeDeep.rs:25:81
   |
25 |     let _smelt_tmp_7: ::std::collections::HashMap<String, SmeltUnknown> = { let mut assigned = _smelt_tmp_6.clone().clone(); assigned };
   |                                                                                 ----^^^^^^^^
   |                                                                                 |
   |                                                                                 help: remove this `mut`

warning: variable does not need to be mutable
   --> src/mergeDeep_test.rs:168:9
    |
168 |     let mut a: ::std::collections::HashMap<String, ::std::rc::Rc<::std::cell::RefCell<dyn FnMut(Vec<SmeltUnknown>) -> ()>>>;
    |         ----^
    |         |
    |         help: remove this `mut`

warning: variable does not need to be mutable
   --> src/mergeDeep_test.rs:169:9
    |
169 |     let mut b: ::std::collections::HashMap<String, f64>;
    |         ----^
    |         |
    |         help: remove this `mut`

warning: variable does not need to be mutable
 --> src/nthBy.rs:7:104
  |
7 |     let _smelt_tmp_1 = ::std::rc::Rc::new(::std::cell::RefCell::new(|closure_arg_0: Vec<SmeltUnknown>, mut closure_arg_1: ::std::rc::Rc<:...
  |                                                                                                        ----^^^^^^^^^^^^^
  |                                                                                                        |
  |                                                                                                        help: remove this `mut`

warning: variable does not need to be mutable
 --> src/objOf_test.rs:8:9
  |
8 |     let mut actual: ::std::collections::HashMap<String, f64>;
  |         ----^^^^^^
  |         |
  |         help: remove this `mut`

warning: variable does not need to be mutable
  --> src/objOf_test.rs:31:9
   |
31 |     let mut actual: ::std::collections::HashMap<String, SmeltUnknown>;
   |         ----^^^^^^
   |         |
   |         help: remove this `mut`

warning: variable does not need to be mutable
  --> src/omit.rs:17:9
   |
17 |     let mut remaining: ::std::collections::HashMap<String, SmeltUnknown>;
   |         ----^^^^^^^^^
   |         |
   |         help: remove this `mut`

warning: variable does not need to be mutable
  --> src/omit.rs:18:9
   |
18 |     let mut out: ::std::collections::HashMap<String, SmeltUnknown>;
   |         ----^^^
   |         |
   |         help: remove this `mut`

warning: variable does not need to be mutable
  --> src/omit.rs:39:27
   |
39 |     _smelt_tmp_10 = { let mut assigned = _smelt_tmp_9.clone().clone(); assigned };
   |                           ----^^^^^^^^
   |                           |
   |                           help: remove this `mut`

warning: variable does not need to be mutable
   --> src/omit.rs:121:27
    |
121 |     _smelt_tmp_17 = { let mut assigned = _smelt_tmp_16.clone().clone(); assigned };
    |                           ----^^^^^^^^
    |                           |
    |                           help: remove this `mut`

warning: value assigned to `key` is never read
   --> src/omit.rs:129:5
    |
129 |     key = _smelt_tmp_18.get({ let len = _smelt_tmp_18.len() as i64; let index = _smelt_tmp_19.clone() as i64; let normalized = if index <...
    |     ^^^
    |
    = help: maybe it is overwritten before being read?

warning: variable does not need to be mutable
 --> src/omitBy.rs:7:99
  |
7 |     let _smelt_tmp_1 = ::std::rc::Rc::new(::std::cell::RefCell::new(|closure_arg_0: SmeltUnknown, mut closure_arg_1: ::std::rc::Rc<::std:...
  |                                                                                                   ----^^^^^^^^^^^^^
  |                                                                                                   |
  |                                                                                                   help: remove this `mut`

warning: variable does not need to be mutable
  --> src/omitBy.rs:26:81
   |
26 |     let _smelt_tmp_7: ::std::collections::HashMap<String, SmeltUnknown> = { let mut assigned = _smelt_tmp_6.clone().clone(); assigned };
   |                                                                                 ----^^^^^^^^
   |                                                                                 |
   |                                                                                 help: remove this `mut`

warning: variable does not need to be mutable
 --> src/omit_test.rs:8:9
  |
8 |     let mut result: ::std::collections::HashMap<String, SmeltUnknown>;
  |         ----^^^^^^
  |         |
  |         help: remove this `mut`

warning: variable does not need to be mutable
  --> src/omit_test.rs:29:9
   |
29 |     let mut result: ::std::collections::HashMap<String, SmeltUnknown>;
   |         ----^^^^^^
   |         |
   |         help: remove this `mut`

warning: variable does not need to be mutable
  --> src/omit_test.rs:49:9
   |
49 |     let mut result: ::std::collections::HashMap<String, SmeltUnknown>;
   |         ----^^^^^^
   |         |
   |         help: remove this `mut`

warning: variable does not need to be mutable
  --> src/omit_test.rs:91:9
   |
91 |     let mut result: ::std::collections::HashMap<String, SmeltUnknown>;
   |         ----^^^^^^
   |         |
   |         help: remove this `mut`

warning: variable does not need to be mutable
 --> src/once_test.rs:8:9
  |
8 |     let mut wrapped: ::std::rc::Rc<::std::cell::RefCell<dyn FnMut() -> SmeltUnknown>>;
  |         ----^^^^^^^
  |         |
  |         help: remove this `mut`

warning: variable does not need to be mutable
 --> src/once_test.rs:9:9
  |
9 |     let mut ret1: SmeltUnknown;
  |         ----^^^^
  |         |
  |         help: remove this `mut`

warning: variable does not need to be mutable
  --> src/once_test.rs:10:9
   |
10 |     let mut ret2: SmeltUnknown;
   |         ----^^^^
   |         |
   |         help: remove this `mut`

warning: variable does not need to be mutable
 --> src/partialBind.rs:8:9
  |
8 |     let mut partial = partial.clone();
  |         ----^^^^^^^
  |         |
  |         help: remove this `mut`

warning: variable does not need to be mutable
 --> src/partialLastBind.rs:8:9
  |
8 |     let mut partial = partial.clone();
  |         ----^^^^^^^
  |         |
  |         help: remove this `mut`

warning: variable does not need to be mutable
 --> src/partition.rs:7:104
  |
7 |     let _smelt_tmp_1 = ::std::rc::Rc::new(::std::cell::RefCell::new(|closure_arg_0: Vec<SmeltUnknown>, mut closure_arg_1: ::std::rc::Rc<:...
  |                                                                                                        ----^^^^^^^^^^^^^
  |                                                                                                        |
  |                                                                                                        help: remove this `mut`

warning: variable does not need to be mutable
   --> src/pathOr_test.rs:165:9
    |
165 |     let mut obj: SmeltUnknown = SmeltUnknown::Object(_smelt_tmp_3.clone());
    |         ----^^^
    |         |
    |         help: remove this `mut`

warning: variable does not need to be mutable
  --> src/pick.rs:20:9
   |
20 |     let mut out: SmeltUnknown = SmeltUnknown::Object(_smelt_tmp_4.clone());
   |         ----^^^
   |         |
   |         help: remove this `mut`

warning: variable does not need to be mutable
 --> src/pickBy.rs:7:99
  |
7 |     let _smelt_tmp_1 = ::std::rc::Rc::new(::std::cell::RefCell::new(|closure_arg_0: SmeltUnknown, mut closure_arg_1: ::std::rc::Rc<::std:...
  |                                                                                                   ----^^^^^^^^^^^^^
  |                                                                                                   |
  |                                                                                                   help: remove this `mut`

warning: variable does not need to be mutable
 --> src/pipe.rs:6:44
  |
6 | pub(crate) fn pipe_10(input: SmeltUnknown, mut functions: Vec<::std::rc::Rc<::std::cell::RefCell<dyn FnMut(SmeltUnknown) -> SmeltUnknown>...
  |                                            ----^^^^^^^^^
  |                                            |
  |                                            help: remove this `mut`

warning: value assigned to `index` is never read
   --> src/pipe.rs:182:5
    |
182 |     index = _smelt_tmp_29.clone();
    |     ^^^^^^^^^^^^^^^^^^^^^^^^^^^^^
    |
    = help: maybe it is overwritten before being read?

warning: variable does not need to be mutable
   --> src/pipe.rs:248:9
    |
248 |     let mut current_item: SmeltUnknown;
    |         ----^^^^^^^^^^^^
    |         |
    |         help: remove this `mut`

warning: variable does not need to be mutable
   --> src/pipe.rs:250:9
    |
250 |     let mut is_done: bool;
    |         ----^^^^^^^
    |         |
    |         help: remove this `mut`

warning: variable does not need to be mutable
   --> src/pipe.rs:252:9
    |
252 |     let mut functions_index: i64;
    |         ----^^^^^^^^^^^^^^^
    |         |
    |         help: remove this `mut`

warning: variable does not need to be mutable
   --> src/pipe.rs:253:9
    |
253 |     let mut lazy_fn: ::std::rc::Rc<::std::cell::RefCell<dyn FnMut(SmeltUnknown, f64, Vec<SmeltUnknown>) -> SmeltUnknown>>;
    |         ----^^^^^^^
    |         |
    |         help: remove this `mut`

warning: variable does not need to be mutable
   --> src/pipe.rs:254:9
    |
254 |     let mut index: f64;
    |         ----^^^^^
    |         |
    |         help: remove this `mut`

warning: value assigned to `functions_index` is never read
   --> src/pipe.rs:302:5
    |
302 |     functions_index = _smelt_tmp_21.clone();
    |     ^^^^^^^^^^^^^^^^^^^^^^^^^^^^^^^^^^^^^^^
    |
    = help: maybe it is overwritten before being read?

warning: variable does not need to be mutable
  --> src/pipe_test.rs:22:9
   |
22 |     let mut result: f64;
   |         ----^^^^^^
   |         |
   |         help: remove this `mut`

warning: variable does not need to be mutable
  --> src/pipe_test.rs:38:9
   |
38 |     let mut result: f64;
   |         ----^^^^^^
   |         |
   |         help: remove this `mut`

warning: variable does not need to be mutable
  --> src/pipe_test.rs:55:9
   |
55 |     let mut result: Vec<SmeltUnknown>;
   |         ----^^^^^^
   |         |
   |         help: remove this `mut`

warning: variable does not need to be mutable
  --> src/pipe_test.rs:96:9
   |
96 |     let mut result: Vec<SmeltUnknown>;
   |         ----^^^^^^
   |         |
   |         help: remove this `mut`

warning: variable does not need to be mutable
   --> src/pipe_test.rs:142:9
    |
142 |     let mut result: Vec<SmeltUnknown>;
    |         ----^^^^^^
    |         |
    |         help: remove this `mut`

warning: variable does not need to be mutable
   --> src/pipe_test.rs:187:9
    |
187 |     let mut result: Vec<SmeltUnknown>;
    |         ----^^^^^^
    |         |
    |         help: remove this `mut`

warning: variable does not need to be mutable
   --> src/pipe_test.rs:230:9
    |
230 |     let mut result: Vec<SmeltUnknown>;
    |         ----^^^^^^
    |         |
    |         help: remove this `mut`

warning: variable does not need to be mutable
   --> src/pipe_test.rs:274:9
    |
274 |     let mut result: SmeltUnknown;
    |         ----^^^^^^
    |         |
    |         help: remove this `mut`

warning: variable does not need to be mutable
   --> src/pipe_test.rs:338:9
    |
338 |     let mut result: SmeltUnknown;
    |         ----^^^^^^
    |         |
    |         help: remove this `mut`

warning: variable does not need to be mutable
 --> src/piped.rs:8:9
  |
8 |     let mut functions = functions.clone();
  |         ----^^^^^^^^^
  |         |
  |         help: remove this `mut`

warning: variable does not need to be mutable
 --> src/piped_test.rs:8:9
  |
8 |     let mut fn_: ::std::rc::Rc<::std::cell::RefCell<dyn FnMut(SmeltUnknown) -> f64>>;
  |         ----^^^
  |         |
  |         help: remove this `mut`

warning: variable does not need to be mutable
  --> src/piped_test.rs:26:9
   |
26 |     let mut fn_: ::std::rc::Rc<::std::cell::RefCell<dyn FnMut(SmeltUnknown) -> f64>>;
   |         ----^^^
   |         |
   |         help: remove this `mut`

warning: variable does not need to be mutable
   --> src/product_test.rs:167:9
    |
167 |     let mut result: SmeltUnknown;
    |         ----^^^^^^
    |         |
    |         help: remove this `mut`

warning: variable does not need to be mutable
  --> src/prop.rs:13:9
   |
13 |     let mut args = args.clone();
   |         ----^^^^
   |         |
   |         help: remove this `mut`

warning: variable does not need to be mutable
  --> src/prop.rs:27:9
   |
27 |     let mut key: SmeltUnknown;
   |         ----^^^
   |         |
   |         help: remove this `mut`

warning: value assigned to `output` is never read
  --> src/prop.rs:47:5
   |
47 |     output = match output.clone() {
   |     ^^^^^^
   |
   = help: maybe it is overwritten before being read?

warning: variable does not need to be mutable
  --> src/prop_test.rs:38:9
   |
38 |     let mut prop_a: ::std::rc::Rc<::std::cell::RefCell<dyn FnMut(SmeltUnknown) -> SmeltUnknown>>;
   |         ----^^^^^^
   |         |
   |         help: remove this `mut`

warning: value assigned to `prop_a` is never read
  --> src/prop_test.rs:48:5
   |
48 |     prop_a = _smelt_tmp_1.clone();
   |     ^^^^^^
   |
   = help: maybe it is overwritten before being read?

warning: variable does not need to be mutable
 --> src/pullObject.rs:7:99
  |
7 |     let _smelt_tmp_1 = ::std::rc::Rc::new(::std::cell::RefCell::new(|closure_arg_0: SmeltUnknown, mut closure_arg_1: ::std::rc::Rc<::std:...
  |                                                                                                   ----^^^^^^^^^^^^^
  |                                                                                                   |
  |                                                                                                   help: remove this `mut`

warning: variable does not need to be mutable
 --> src/pullObject.rs:7:215
  |
7 | ...(SmeltUnknown, f64, SmeltUnknown) -> SmeltUnknown>>, mut closure_arg_2: ::std::rc::Rc<::std::cell::RefCell<dyn FnMut(SmeltUnknown, f64...
  |                                                         ----^^^^^^^^^^^^^
  |                                                         |
  |                                                         help: remove this `mut`

warning: variable does not need to be mutable
 --> src/purryFromLazy.rs:7:9
  |
7 |     let mut data: SmeltUnknown;
  |         ----^^^^
  |         |
  |         help: remove this `mut`

warning: variable does not need to be mutable
 --> src/purryFromLazy.rs:8:9
  |
8 |     let mut rest: Vec<SmeltUnknown>;
  |         ----^^^^
  |         |
  |         help: remove this `mut`

warning: variable does not need to be mutable
 --> src/purryFromLazy.rs:9:9
  |
9 |     let mut lazy_definition: ::std::collections::HashMap<String, SmeltUnknown>;
  |         ----^^^^^^^^^^^^^^^
  |         |
  |         help: remove this `mut`

warning: variable does not need to be mutable
  --> src/purryFromLazy.rs:10:9
   |
10 |     let mut lazy_definition_1: ::std::collections::HashMap<String, SmeltUnknown>;
   |         ----^^^^^^^^^^^^^^^^^
   |         |
   |         help: remove this `mut`

warning: variable does not need to be mutable
  --> src/purryFromLazy.rs:11:9
   |
11 |     let mut data_last: ::std::rc::Rc<::std::cell::RefCell<dyn FnMut(SmeltUnknown) -> SmeltUnknown>>;
   |         ----^^^^^^^^^
   |         |
   |         help: remove this `mut`

warning: variable does not need to be mutable
  --> src/purryFromLazy.rs:36:9
   |
36 |     let mut lazy_definition_1 = lazy_definition_1.clone();
   |         ----^^^^^^^^^^^^^^^^^
   |         |
   |         help: remove this `mut`

warning: value assigned to `lazy_definition` is never read
  --> src/purryFromLazy.rs:27:5
   |
27 |     lazy_definition = _smelt_tmp_12.clone();
   |     ^^^^^^^^^^^^^^^
   |
   = help: maybe it is overwritten before being read?

warning: variable does not need to be mutable
  --> src/purryFromLazy_test.rs:34:9
   |
34 |     let mut did_throw: bool = false;
   |         ----^^^^^^^^^
   |         |
   |         help: remove this `mut`

warning: variable does not need to be mutable
 --> src/purryOrderRules.rs:7:9
  |
7 |     let mut compare_fn: ::std::rc::Rc<::std::cell::RefCell<dyn FnMut(SmeltUnknown, SmeltUnknown) -> f64>>;
  |         ----^^^^^^^^^^
  |         |
  |         help: remove this `mut`

warning: variable does not need to be mutable
 --> src/purryOrderRules.rs:8:9
  |
8 |     let mut compare_fn_1: ::std::rc::Rc<::std::cell::RefCell<dyn FnMut(SmeltUnknown, SmeltUnknown) -> f64>>;
  |         ----^^^^^^^^^^^^
  |         |
  |         help: remove this `mut`

warning: variable does not need to be mutable
  --> src/purryOrderRules.rs:66:9
   |
66 |     let mut arg = arg.clone();
   |         ----^^^
   |         |
   |         help: remove this `mut`

warning: value assigned to `arg` is never read
  --> src/purryOrderRules.rs:50:33
   |
50 |     let mut arg: SmeltUnknown = SmeltUnknown::Null;
   |                                 ^^^^^^^^^^^^^^^^^^
   |
   = help: maybe it is overwritten before being read?

warning: value assigned to `arg_removed` is never read
  --> src/purryOrderRules.rs:51:46
   |
51 |     let mut arg_removed: Vec<SmeltUnknown> = Vec::new();
   |                                              ^^^^^^^^^^
   |
   = help: maybe it is overwritten before being read?

warning: variable does not need to be mutable
   --> src/purryOrderRules.rs:123:9
    |
123 |     let mut projected_a: SmeltUnknown = _smelt_tmp_7.clone();
    |         ----^^^^^^^^^^^
    |         |
    |         help: remove this `mut`

warning: variable does not need to be mutable
   --> src/purryOrderRules.rs:125:9
    |
125 |     let mut projected_b: SmeltUnknown = _smelt_tmp_8.clone();
    |         ----^^^^^^^^^^^
    |         |
    |         help: remove this `mut`

warning: variable does not need to be mutable
  --> src/purryOrderRules.rs:74:9
   |
74 |     let mut projector: ::std::rc::Rc<::std::cell::RefCell<dyn FnMut(SmeltUnknown) -> SmeltUnknown>>;
   |         ----^^^^^^^^^
   |         |
   |         help: remove this `mut`

warning: variable does not need to be mutable
  --> src/purryOrderRules.rs:75:9
   |
75 |     let mut direction: String;
   |         ----^^^^^^^^^
   |         |
   |         help: remove this `mut`

warning: variable does not need to be mutable
  --> src/purryOrderRules.rs:76:9
   |
76 |     let mut comparator: ::std::rc::Rc<::std::cell::RefCell<dyn FnMut(SmeltUnknown, SmeltUnknown) -> bool>>;
   |         ----^^^^^^^^^^
   |         |
   |         help: remove this `mut`

warning: variable does not need to be mutable
  --> src/purryOrderRules.rs:77:9
   |
77 |     let mut next_comparer: Option<::std::rc::Rc<::std::cell::RefCell<dyn FnMut(SmeltUnknown, SmeltUnknown) -> f64>>>;
   |         ----^^^^^^^^^^^^^
   |         |
   |         help: remove this `mut`

warning: variable does not need to be mutable
   --> src/purryOrderRules.rs:153:9
    |
153 |     let mut maybe_projection: SmeltUnknown;
    |         ----^^^^^^^^^^^^^^^^
    |         |
    |         help: remove this `mut`

warning: variable does not need to be mutable
   --> src/purryOrderRules.rs:154:9
    |
154 |     let mut maybe_direction: SmeltUnknown;
    |         ----^^^^^^^^^^^^^^^
    |         |
    |         help: remove this `mut`

warning: variable does not need to be mutable
   --> src/purryOrderRules.rs:155:9
    |
155 |     let mut rest: Vec<SmeltUnknown>;
    |         ----^^^^
    |         |
    |         help: remove this `mut`

warning: variable does not need to be mutable
  --> src/purry_test.rs:37:9
   |
37 |     let mut purried: ::std::rc::Rc<::std::cell::RefCell<dyn FnMut(Vec<SmeltUnknown>) -> SmeltUnknown>>;
   |         ----^^^^^^^
   |         |
   |         help: remove this `mut`

warning: variable does not need to be mutable
  --> src/purry_test.rs:60:9
   |
60 |     let mut did_throw: bool = false;
   |         ----^^^^^^^^^
   |         |
   |         help: remove this `mut`

warning: variable does not need to be mutable
 --> src/quickSelect.rs:7:9
  |
7 |     let mut pivot_index: f64;
  |         ----^^^^^^^^^^^
  |         |
  |         help: remove this `mut`

warning: variable does not need to be mutable
 --> src/randomBigInt.rs:7:9
  |
7 |     let mut range: i64;
  |         ----^^^^^
  |         |
  |         help: remove this `mut`

warning: variable does not need to be mutable
 --> src/randomBigInt.rs:8:9
  |
8 |     let mut max_bits: f64;
  |         ----^^^^^^^^
  |         |
  |         help: remove this `mut`

warning: variable does not need to be mutable
 --> src/randomBigInt.rs:9:9
  |
9 |     let mut max_bytes: f64;
  |         ----^^^^^^^^^
  |         |
  |         help: remove this `mut`

warning: variable does not need to be mutable
  --> src/randomBigInt.rs:10:9
   |
10 |     let mut excess_bits: f64;
   |         ----^^^^^^^^^^^
   |         |
   |         help: remove this `mut`

warning: variable does not need to be mutable
  --> src/randomBigInt.rs:11:9
   |
11 |     let mut random_bytes: SmeltUnknown;
   |         ----^^^^^^^^^^^^
   |         |
   |         help: remove this `mut`

warning: variable does not need to be mutable
  --> src/randomBigInt.rs:12:9
   |
12 |     let mut raw: i64;
   |         ----^^^
   |         |
   |         help: remove this `mut`

warning: variable does not need to be mutable
  --> src/randomBigInt.rs:13:9
   |
13 |     let mut result: i64;
   |         ----^^^^^^
   |         |
   |         help: remove this `mut`

warning: variable does not need to be mutable
  --> src/randomBigInt_test.rs:21:9
   |
21 |     let mut did_throw: bool = false;
   |         ----^^^^^^^^^
   |         |
   |         help: remove this `mut`

warning: value assigned to `v` is never read
  --> src/randomBigInt_test.rs:50:5
   |
50 |     v = _smelt_tmp_2.get({ let len = _smelt_tmp_2.len() as i64; let index = _smelt_tmp_3.clone() as i64; let normalized = if index < 0 { ...
   |     ^
   |
   = help: maybe it is overwritten before being read?

warning: value assigned to `v` is never read
  --> src/randomBigInt_test.rs:94:5
   |
94 |     v = _smelt_tmp_4.get({ let len = _smelt_tmp_4.len() as i64; let index = _smelt_tmp_5.clone() as i64; let normalized = if index < 0 { ...
   |     ^
   |
   = help: maybe it is overwritten before being read?

warning: value assigned to `v` is never read
   --> src/randomBigInt_test.rs:131:5
    |
131 |     v = _smelt_tmp_4.get({ let len = _smelt_tmp_4.len() as i64; let index = _smelt_tmp_5.clone() as i64; let normalized = if index < 0 { ...
    |     ^
    |
    = help: maybe it is overwritten before being read?

warning: value assigned to `v` is never read
   --> src/randomBigInt_test.rs:161:5
    |
161 |     v = _smelt_tmp_2.get({ let len = _smelt_tmp_2.len() as i64; let index = _smelt_tmp_3.clone() as i64; let normalized = if index < 0 { ...
    |     ^
    |
    = help: maybe it is overwritten before being read?

warning: value assigned to `v` is never read
   --> src/randomBigInt_test.rs:203:5
    |
203 |     v = _smelt_tmp_3.get({ let len = _smelt_tmp_3.len() as i64; let index = _smelt_tmp_4.clone() as i64; let normalized = if index < 0 { ...
    |     ^
    |
    = help: maybe it is overwritten before being read?

warning: variable does not need to be mutable
   --> src/randomBigInt_test.rs:231:9
    |
231 |     let mut results: ::std::collections::HashSet<i64> = _smelt_tmp_2.clone();
    |         ----^^^^^^^
    |         |
    |         help: remove this `mut`

warning: value assigned to `v` is never read
   --> src/randomBigInt_test.rs:239:5
    |
239 |     v = _smelt_tmp_4.get({ let len = _smelt_tmp_4.len() as i64; let index = _smelt_tmp_5.clone() as i64; let normalized = if index < 0 { ...
    |     ^
    |
    = help: maybe it is overwritten before being read?

warning: value assigned to `v` is never read
   --> src/randomBigInt_test.rs:285:5
    |
285 |     v = _smelt_tmp_6.get({ let len = _smelt_tmp_6.len() as i64; let index = _smelt_tmp_7.clone() as i64; let normalized = if index < 0 { ...
    |     ^
    |
    = help: maybe it is overwritten before being read?

warning: value assigned to `v` is never read
   --> src/randomBigInt_test.rs:341:5
    |
341 |     v = _smelt_tmp_8.get({ let len = _smelt_tmp_8.len() as i64; let index = _smelt_tmp_9.clone() as i64; let normalized = if index < 0 { ...
    |     ^
    |
    = help: maybe it is overwritten before being read?

warning: value assigned to `v` is never read
   --> src/randomBigInt_test.rs:390:5
    |
390 |     v = _smelt_tmp_8.get({ let len = _smelt_tmp_8.len() as i64; let index = _smelt_tmp_9.clone() as i64; let normalized = if index < 0 { ...
    |     ^
    |
    = help: maybe it is overwritten before being read?

warning: value assigned to `v` is never read
   --> src/randomBigInt_test.rs:432:5
    |
432 |     v = _smelt_tmp_6.get({ let len = _smelt_tmp_6.len() as i64; let index = _smelt_tmp_7.clone() as i64; let normalized = if index < 0 { ...
    |     ^
    |
    = help: maybe it is overwritten before being read?

warning: value assigned to `v` is never read
   --> src/randomBigInt_test.rs:486:5
    |
486 |     v = _smelt_tmp_7.get({ let len = _smelt_tmp_7.len() as i64; let index = _smelt_tmp_8.clone() as i64; let normalized = if index < 0 { ...
    |     ^
    |
    = help: maybe it is overwritten before being read?

warning: variable does not need to be mutable
   --> src/randomBigInt_test.rs:526:9
    |
526 |     let mut results: ::std::collections::HashSet<i64> = _smelt_tmp_6.clone();
    |         ----^^^^^^^
    |         |
    |         help: remove this `mut`

warning: value assigned to `v` is never read
   --> src/randomBigInt_test.rs:534:5
    |
534 |     v = _smelt_tmp_8.get({ let len = _smelt_tmp_8.len() as i64; let index = _smelt_tmp_9.clone() as i64; let normalized = if index < 0 { ...
    |     ^
    |
    = help: maybe it is overwritten before being read?

warning: variable does not need to be mutable
  --> src/randomInteger_test.rs:21:9
   |
21 |     let mut did_throw: bool = false;
   |         ----^^^^^^^^^
   |         |
   |         help: remove this `mut`

warning: variable does not need to be mutable
  --> src/randomInteger_test.rs:29:9
   |
29 |     let mut did_throw: bool = false;
   |         ----^^^^^^^^^
   |         |
   |         help: remove this `mut`

warning: value assigned to `v` is never read
  --> src/randomInteger_test.rs:58:5
   |
58 |     v = _smelt_tmp_2.get({ let len = _smelt_tmp_2.len() as i64; let index = _smelt_tmp_3.clone() as i64; let normalized = if index < 0 { ...
   |     ^
   |
   = help: maybe it is overwritten before being read?

warning: value assigned to `v` is never read
   --> src/randomInteger_test.rs:102:5
    |
102 |     v = _smelt_tmp_4.get({ let len = _smelt_tmp_4.len() as i64; let index = _smelt_tmp_5.clone() as i64; let normalized = if index < 0 { ...
    |     ^
    |
    = help: maybe it is overwritten before being read?

warning: value assigned to `v` is never read
   --> src/randomInteger_test.rs:144:5
    |
144 |     v = _smelt_tmp_2.get({ let len = _smelt_tmp_2.len() as i64; let index = _smelt_tmp_3.clone() as i64; let normalized = if index < 0 { ...
    |     ^
    |
    = help: maybe it is overwritten before being read?

warning: value assigned to `v` is never read
   --> src/randomInteger_test.rs:188:5
    |
188 |     v = _smelt_tmp_4.get({ let len = _smelt_tmp_4.len() as i64; let index = _smelt_tmp_5.clone() as i64; let normalized = if index < 0 { ...
    |     ^
    |
    = help: maybe it is overwritten before being read?

warning: value assigned to `v` is never read
   --> src/randomInteger_test.rs:225:5
    |
225 |     v = _smelt_tmp_4.get({ let len = _smelt_tmp_4.len() as i64; let index = _smelt_tmp_5.clone() as i64; let normalized = if index < 0 { ...
    |     ^
    |
    = help: maybe it is overwritten before being read?

warning: variable does not need to be mutable
  --> src/range.rs:16:9
   |
16 |     let mut step: SmeltUnknown;
   |         ----^^^^
   |         |
   |         help: remove this `mut`

warning: variable does not need to be mutable
  --> src/range.rs:17:9
   |
17 |     let mut end: SmeltUnknown;
   |         ----^^^
   |         |
   |         help: remove this `mut`

warning: variable does not need to be mutable
  --> src/range.rs:18:9
   |
18 |     let mut length: f64;
   |         ----^^^^^^
   |         |
   |         help: remove this `mut`

warning: variable does not need to be mutable
  --> src/range.rs:55:9
   |
55 |     let mut rounded: f64;
   |         ----^^^^^^^
   |         |
   |         help: remove this `mut`

warning: variable does not need to be mutable
  --> src/range_test.rs:56:9
   |
56 |     let mut did_throw: bool = false;
   |         ----^^^^^^^^^
   |         |
   |         help: remove this `mut`

warning: variable does not need to be mutable
 --> src/rankBy.rs:7:104
  |
7 |     let _smelt_tmp_1 = ::std::rc::Rc::new(::std::cell::RefCell::new(|closure_arg_0: Vec<SmeltUnknown>, mut closure_arg_1: ::std::rc::Rc<:...
  |                                                                                                        ----^^^^^^^^^^^^^
  |                                                                                                        |
  |                                                                                                        help: remove this `mut`

warning: value assigned to `index` is never read
  --> src/rankBy_test.rs:56:5
   |
56 |     index = _smelt_tmp_15.clone();
   |     ^^^^^^^^^^^^^^^^^^^^^^^^^^^^^
   |
   = help: maybe it is overwritten before being read?

warning: value assigned to `item` is never read
  --> src/rankBy_test.rs:58:5
   |
58 |     item = _smelt_tmp_16.clone();
   |     ^^^^^^^^^^^^^^^^^^^^^^^^^^^^
   |
   = help: maybe it is overwritten before being read?

warning: variable does not need to be mutable
 --> src/reduce.rs:7:104
  |
7 |     let _smelt_tmp_1 = ::std::rc::Rc::new(::std::cell::RefCell::new(|closure_arg_0: Vec<SmeltUnknown>, mut closure_arg_1: ::std::rc::Rc<:...
  |                                                                                                        ----^^^^^^^^^^^^^
  |                                                                                                        |
  |                                                                                                        help: remove this `mut`

warning: variable does not need to be mutable
  --> src/reduce_test.rs:31:9
   |
31 |     let mut data = data.clone();
   |         ----^^^^
   |         |
   |         help: remove this `mut`

warning: variable does not need to be mutable
 --> src/reverse_test.rs:8:9
  |
8 |     let mut actual: SmeltUnknown;
  |         ----^^^^^^
  |         |
  |         help: remove this `mut`

warning: variable does not need to be mutable
  --> src/reverse_test.rs:28:9
   |
28 |     let mut actual: SmeltUnknown;
   |         ----^^^^^^
   |         |
   |         help: remove this `mut`

warning: variable does not need to be mutable
  --> src/round_test.rs:94:9
   |
94 |     let mut did_throw: bool = false;
   |         ----^^^^^^^^^
   |         |
   |         help: remove this `mut`

warning: variable does not need to be mutable
   --> src/round_test.rs:105:9
    |
105 |     let mut did_throw: bool = false;
    |         ----^^^^^^^^^
    |         |
    |         help: remove this `mut`

warning: variable does not need to be mutable
   --> src/round_test.rs:115:9
    |
115 |     let mut did_throw: bool = false;
    |         ----^^^^^^^^^
    |         |
    |         help: remove this `mut`

warning: variable does not need to be mutable
   --> src/round_test.rs:129:9
    |
129 |     let mut did_throw: bool = false;
    |         ----^^^^^^^^^
    |         |
    |         help: remove this `mut`

warning: value assigned to `precision` is never read
   --> src/round_test.rs:158:5
    |
158 |     precision = _smelt_tmp_6.get({ let len =...") }).cloned().expect("index out of bounds").clone();
    |     ^^^^^^^^^^^^^^^^^^^^^^^^^^^^^^^^^^^^^^^^...^^^^^^^^^^^^^^^^^^^^^^^^^^^^^^^^^^^^^^^^^^^^^^^^^^^^
    |
    = help: maybe it is overwritten before being read?

warning: value assigned to `precision` is never read
   --> src/round_test.rs:187:5
    |
187 |     precision = _smelt_tmp_6.get({ let len =...") }).cloned().expect("index out of bounds").clone();
    |     ^^^^^^^^^^^^^^^^^^^^^^^^^^^^^^^^^^^^^^^^...^^^^^^^^^^^^^^^^^^^^^^^^^^^^^^^^^^^^^^^^^^^^^^^^^^^^
    |
    = help: maybe it is overwritten before being read?

warning: value assigned to `precision` is never read
   --> src/round_test.rs:216:5
    |
216 |     precision = _smelt_tmp_6.get({ let len =...") }).cloned().expect("index out of bounds").clone();
    |     ^^^^^^^^^^^^^^^^^^^^^^^^^^^^^^^^^^^^^^^^...^^^^^^^^^^^^^^^^^^^^^^^^^^^^^^^^^^^^^^^^^^^^^^^^^^^^
    |
    = help: maybe it is overwritten before being read?

warning: variable does not need to be mutable
   --> src/round_test.rs:309:9
    |
309 |     let mut did_throw: bool = false;
    |         ----^^^^^^^^^
    |         |
    |         help: remove this `mut`

warning: variable does not need to be mutable
   --> src/round_test.rs:322:9
    |
322 |     let mut did_throw: bool = false;
    |         ----^^^^^^^^^
    |         |
    |         help: remove this `mut`

warning: variable does not need to be mutable
   --> src/round_test.rs:334:9
    |
334 |     let mut did_throw: bool = false;
    |         ----^^^^^^^^^
    |         |
    |         help: remove this `mut`

warning: variable does not need to be mutable
   --> src/round_test.rs:351:9
    |
351 |     let mut did_throw: bool = false;
    |         ----^^^^^^^^^
    |         |
    |         help: remove this `mut`

warning: value assigned to `precision` is never read
   --> src/round_test.rs:383:5
    |
383 |     precision = _smelt_tmp_7.get({ let len =...") }).cloned().expect("index out of bounds").clone();
    |     ^^^^^^^^^^^^^^^^^^^^^^^^^^^^^^^^^^^^^^^^...^^^^^^^^^^^^^^^^^^^^^^^^^^^^^^^^^^^^^^^^^^^^^^^^^^^^
    |
    = help: maybe it is overwritten before being read?

warning: value assigned to `precision` is never read
   --> src/round_test.rs:414:5
    |
414 |     precision = _smelt_tmp_7.get({ let len =...") }).cloned().expect("index out of bounds").clone();
    |     ^^^^^^^^^^^^^^^^^^^^^^^^^^^^^^^^^^^^^^^^...^^^^^^^^^^^^^^^^^^^^^^^^^^^^^^^^^^^^^^^^^^^^^^^^^^^^
    |
    = help: maybe it is overwritten before being read?

warning: value assigned to `precision` is never read
   --> src/round_test.rs:445:5
    |
445 |     precision = _smelt_tmp_7.get({ let len =...") }).cloned().expect("index out of bounds").clone();
    |     ^^^^^^^^^^^^^^^^^^^^^^^^^^^^^^^^^^^^^^^^...^^^^^^^^^^^^^^^^^^^^^^^^^^^^^^^^^^^^^^^^^^^^^^^^^^^^
    |
    = help: maybe it is overwritten before being read?

warning: variable does not need to be mutable
  --> src/sample.rs:16:9
   |
16 |     let mut actual_sample_size: f64;
   |         ----^^^^^^^^^^^^^^^^^^
   |         |
   |         help: remove this `mut`

warning: variable does not need to be mutable
  --> src/sample.rs:72:9
   |
72 |     let mut data = data.clone();
   |         ----^^^^
   |         |
   |         help: remove this `mut`

warning: variable does not need to be mutable
  --> src/sample.rs:79:9
   |
79 |     let mut sample_indices = sample_indices.clone();
   |         ----^^^^^^^^^^^^^^
   |         |
   |         help: remove this `mut`

warning: variable does not need to be mutable
  --> src/sample_test.rs:24:9
   |
24 |     let mut array: Vec<f64>;
   |         ----^^^^^
   |         |
   |         help: remove this `mut`

warning: variable does not need to be mutable
  --> src/sample_test.rs:25:9
   |
25 |     let mut collector: Vec<f64>;
   |         ----^^^^^^^^^
   |         |
   |         help: remove this `mut`

warning: value assigned to `item` is never read
  --> src/sample_test.rs:54:5
   |
54 |     item = match _smelt_tmp_10.clone() {
   |     ^^^^
   |
   = help: maybe it is overwritten before being read?

warning: variable does not need to be mutable
  --> src/sample_test.rs:89:9
   |
89 |     let mut result: SmeltUnknown;
   |         ----^^^^^^
   |         |
   |         help: remove this `mut`

warning: variable does not need to be mutable
   --> src/sample_test.rs:118:9
    |
118 |     let mut result: SmeltUnknown;
    |         ----^^^^^^
    |         |
    |         help: remove this `mut`

warning: variable does not need to be mutable
   --> src/sample_test.rs:147:9
    |
147 |     let mut result: SmeltUnknown;
    |         ----^^^^^^
    |         |
    |         help: remove this `mut`

warning: variable does not need to be mutable
   --> src/sample_test.rs:176:9
    |
176 |     let mut result: SmeltUnknown;
    |         ----^^^^^^
    |         |
    |         help: remove this `mut`

warning: variable does not need to be mutable
   --> src/sample_test.rs:205:9
    |
205 |     let mut result: SmeltUnknown;
    |         ----^^^^^^
    |         |
    |         help: remove this `mut`

warning: variable does not need to be mutable
   --> src/sample_test.rs:260:9
    |
260 |     let mut result: SmeltUnknown;
    |         ----^^^^^^
    |         |
    |         help: remove this `mut`

warning: variable does not need to be mutable
   --> src/sample_test.rs:281:9
    |
281 |     let mut result: SmeltUnknown;
    |         ----^^^^^^
    |         |
    |         help: remove this `mut`

warning: variable does not need to be mutable
   --> src/sample_test.rs:302:9
    |
302 |     let mut result: SmeltUnknown;
    |         ----^^^^^^
    |         |
    |         help: remove this `mut`

warning: variable does not need to be mutable
   --> src/sample_test.rs:323:9
    |
323 |     let mut result: SmeltUnknown;
    |         ----^^^^^^
    |         |
    |         help: remove this `mut`

warning: variable does not need to be mutable
   --> src/sample_test.rs:344:9
    |
344 |     let mut result: SmeltUnknown;
    |         ----^^^^^^
    |         |
    |         help: remove this `mut`

warning: variable does not need to be mutable
   --> src/sample_test.rs:365:9
    |
365 |     let mut result: SmeltUnknown;
    |         ----^^^^^^
    |         |
    |         help: remove this `mut`

warning: variable does not need to be mutable
  --> src/setPath.rs:17:9
   |
17 |     let mut current_value: SmeltUnknown;
   |         ----^^^^^^^^^^^^^
   |         |
   |         help: remove this `mut`

warning: variable does not need to be mutable
  --> src/setPath.rs:18:9
   |
18 |     let mut remaining: ::std::collections::HashMap<String, SmeltUnknown>;
   |         ----^^^^^^^^^
   |         |
   |         help: remove this `mut`

warning: variable does not need to be mutable
  --> src/setPath.rs:30:9
   |
30 |     let mut pivot: SmeltUnknown = path.get({ let len = path.len() as i64; let index = 0.0 as i64; let normalized = if index < 0 { len + i...
   |         ----^^^^^
   |         |
   |         help: remove this `mut`

warning: variable does not need to be mutable
   --> src/setPath_test.rs:384:9
    |
384 |     let mut test_object: SmeltUnknown = SmeltUnknown::Object(_smelt_tmp_8.clone());
    |         ----^^^^^^^^^^^
    |         |
    |         help: remove this `mut`

warning: variable does not need to be mutable
 --> src/shuffle_test.rs:8:9
  |
8 |     let mut shuffled: ::std::collections::HashMap<String, SmeltUnknown>;
  |         ----^^^^^^^^
  |         |
  |         help: remove this `mut`

warning: variable does not need to be mutable
  --> src/shuffle_test.rs:67:9
   |
67 |     let mut shuffled: ::std::collections::HashMap<String, SmeltUnknown>;
   |         ----^^^^^^^^
   |         |
   |         help: remove this `mut`

warning: variable does not need to be mutable
 --> src/sort.rs:7:99
  |
7 |     let _smelt_tmp_1 = ::std::rc::Rc::new(::std::cell::RefCell::new(|closure_arg_0: SmeltUnknown, mut closure_arg_1: ::std::rc::Rc<::std:...
  |                                                                                                   ----^^^^^^^^^^^^^
  |                                                                                                   |
  |                                                                                                   help: remove this `mut`

warning: variable does not need to be mutable
 --> src/sortBy.rs:7:104
  |
7 |     let _smelt_tmp_1 = ::std::rc::Rc::new(::std::cell::RefCell::new(|closure_arg_0: Vec<SmeltUnknown>, mut closure_arg_1: ::std::rc::Rc<:...
  |                                                                                                        ----^^^^^^^^^^^^^
  |                                                                                                        |
  |                                                                                                        help: remove this `mut`

warning: variable does not need to be mutable
 --> src/sortedIndexBy.rs:7:133
  |
7 | ...g_0: Vec<SmeltUnknown>, closure_arg_1: SmeltUnknown, mut closure_arg_2: ::std::rc::Rc<::std::cell::RefCell<dyn FnMut(SmeltUnknown, Opt...
  |                                                         ----^^^^^^^^^^^^^
  |                                                         |
  |                                                         help: remove this `mut`

warning: variable does not need to be mutable
  --> src/sortedIndexBy.rs:17:9
   |
17 |     let mut value: SmeltUnknown = _smelt_tmp_4.clone();
   |         ----^^^^^
   |         |
   |         help: remove this `mut`

warning: variable does not need to be mutable
 --> src/sortedIndexWith.rs:7:104
  |
7 |     let _smelt_tmp_1 = ::std::rc::Rc::new(::std::cell::RefCell::new(|closure_arg_0: Vec<SmeltUnknown>, mut closure_arg_1: ::std::rc::Rc<:...
  |                                                                                                        ----^^^^^^^^^^^^^
  |                                                                                                        |
  |                                                                                                        help: remove this `mut`

warning: variable does not need to be mutable
 --> src/sortedLastIndexBy.rs:7:133
  |
7 | ...g_0: Vec<SmeltUnknown>, closure_arg_1: SmeltUnknown, mut closure_arg_2: ::std::rc::Rc<::std::cell::RefCell<dyn FnMut(SmeltUnknown, Opt...
  |                                                         ----^^^^^^^^^^^^^
  |                                                         |
  |                                                         help: remove this `mut`

warning: variable does not need to be mutable
  --> src/sortedLastIndexBy.rs:17:9
   |
17 |     let mut value: SmeltUnknown = _smelt_tmp_4.clone();
   |         ----^^^^^
   |         |
   |         help: remove this `mut`

warning: variable does not need to be mutable
  --> src/splice_test.rs:59:9
   |
59 |     let mut result: Vec<f64>;
   |         ----^^^^^^
   |         |
   |         help: remove this `mut`

warning: variable does not need to be mutable
  --> src/splitAt.rs:16:9
   |
16 |     let mut effective_index: f64;
   |         ----^^^^^^^^^^^^^^^
   |         |
   |         help: remove this `mut`

warning: variable does not need to be mutable
 --> src/splitWhen.rs:7:104
  |
7 |     let _smelt_tmp_1 = ::std::rc::Rc::new(::std::cell::RefCell::new(|closure_arg_0: Vec<SmeltUnknown>, mut closure_arg_1: ::std::rc::Rc<:...
  |                                                                                                        ----^^^^^^^^^^^^^
  |                                                                                                        |
  |                                                                                                        help: remove this `mut`

warning: variable does not need to be mutable
  --> src/stringToPath.rs:29:9
   |
29 |     let mut path_segment_re: SmeltRegExp = _smelt_tmp_9.clone();
   |         ----^^^^^^^^^^^^^^^
   |         |
   |         help: remove this `mut`

warning: value assigned to `match_` is never read
  --> src/stringToPath.rs:30:44
   |
30 |     let mut match_: Option<SmeltUnknown> = None::<SmeltUnknown>;
   |                                            ^^^^^^^^^^^^^^^^^^^^
   |
   = help: maybe it is overwritten before being read?

warning: variable does not need to be mutable
  --> src/stringToPath.rs:84:9
   |
84 |     let mut non_negative_integer_re: SmeltRegExp = _smelt_tmp_1.clone();
   |         ----^^^^^^^^^^^^^^^^^^^^^^^
   |         |
   |         help: remove this `mut`

warning: variable does not need to be mutable
 --> src/sumBy.rs:7:104
  |
7 |     let _smelt_tmp_1 = ::std::rc::Rc::new(::std::cell::RefCell::new(|closure_arg_0: Vec<SmeltUnknown>, mut closure_arg_1: ::std::rc::Rc<:...
  |                                                                                                        ----^^^^^^^^^^^^^
  |                                                                                                        |
  |                                                                                                        help: remove this `mut`

warning: variable does not need to be mutable
  --> src/sumBy.rs:16:9
   |
16 |     let mut first_value: SmeltUnknown;
   |         ----^^^^^^^^^^^
   |         |
   |         help: remove this `mut`

warning: variable does not need to be mutable
   --> src/sumBy_test.rs:153:9
    |
153 |     let mut actual: SmeltUnknown;
    |         ----^^^^^^
    |         |
    |         help: remove this `mut`

warning: variable does not need to be mutable
   --> src/sum_test.rs:132:9
    |
132 |     let mut result: SmeltUnknown;
    |         ----^^^^^^
    |         |
    |         help: remove this `mut`

warning: variable does not need to be mutable
  --> src/swapIndices.rs:16:9
   |
16 |     let mut positive_index_a: f64;
   |         ----^^^^^^^^^^^^^^^^
   |         |
   |         help: remove this `mut`

warning: variable does not need to be mutable
  --> src/swapIndices.rs:17:9
   |
17 |     let mut positive_index_b: f64;
   |         ----^^^^^^^^^^^^^^^^
   |         |
   |         help: remove this `mut`

warning: variable does not need to be mutable
  --> src/take.rs:17:9
   |
17 |     let mut remaining: f64;
   |         ----^^^^^^^^^
   |         |
   |         help: remove this `mut`

warning: variable does not need to be mutable
 --> src/takeFirstBy.rs:7:104
  |
7 |     let _smelt_tmp_1 = ::std::rc::Rc::new(::std::cell::RefCell::new(|closure_arg_0: Vec<SmeltUnknown>, mut closure_arg_1: ::std::rc::Rc<:...
  |                                                                                                        ----^^^^^^^^^^^^^
  |                                                                                                        |
  |                                                                                                        help: remove this `mut`

warning: variable does not need to be mutable
  --> src/takeFirstBy.rs:16:9
   |
16 |     let mut heap: Vec<SmeltUnknown>;
   |         ----^^^^
   |         |
   |         help: remove this `mut`

warning: variable does not need to be mutable
  --> src/takeFirstBy.rs:17:9
   |
17 |     let mut rest: Vec<SmeltUnknown>;
   |         ----^^^^
   |         |
   |         help: remove this `mut`

warning: variable does not need to be mutable
  --> src/takeFirstBy_test.rs:89:9
   |
89 |     let mut result: Vec<SmeltUnknown>;
   |         ----^^^^^^
   |         |
   |         help: remove this `mut`

warning: variable does not need to be mutable
   --> src/takeFirstBy_test.rs:225:9
    |
225 |     let mut result: Vec<f64>;
    |         ----^^^^^^
    |         |
    |         help: remove this `mut`

warning: variable does not need to be mutable
 --> src/takeLastWhile.rs:7:99
  |
7 |     let _smelt_tmp_1 = ::std::rc::Rc::new(::std::cell::RefCell::new(|closure_arg_0: SmeltUnknown, mut closure_arg_1: ::std::rc::Rc<::std:...
  |                                                                                                   ----^^^^^^^^^^^^^
  |                                                                                                   |
  |                                                                                                   help: remove this `mut`

warning: value assigned to `i` is never read
  --> src/takeLastWhile.rs:54:5
   |
54 |     i = _smelt_tmp_10.clone();
   |     ^^^^^^^^^^^^^^^^^^^^^^^^^
   |
   = help: maybe it is overwritten before being read?

warning: variable does not need to be mutable
  --> src/takeLastWhile_test.rs:84:9
   |
84 |     let mut result: Vec<SmeltUnknown>;
   |         ----^^^^^^
   |         |
   |         help: remove this `mut`

warning: variable does not need to be mutable
   --> src/takeLastWhile_test.rs:202:9
    |
202 |     let mut result: Vec<SmeltUnknown>;
    |         ----^^^^^^
    |         |
    |         help: remove this `mut`

warning: variable does not need to be mutable
   --> src/takeLast_test.rs:111:9
    |
111 |     let mut result: Vec<SmeltUnknown>;
    |         ----^^^^^^
    |         |
    |         help: remove this `mut`

warning: variable does not need to be mutable
 --> src/takeWhile.rs:7:99
  |
7 |     let _smelt_tmp_1 = ::std::rc::Rc::new(::std::cell::RefCell::new(|closure_arg_0: SmeltUnknown, mut closure_arg_1: ::std::rc::Rc<::std:...
  |                                                                                                   ----^^^^^^^^^^^^^
  |                                                                                                   |
  |                                                                                                   help: remove this `mut`

warning: variable does not need to be mutable
  --> src/take_test.rs:77:9
   |
77 |     let mut result: Vec<SmeltUnknown>;
   |         ----^^^^^^
   |         |
   |         help: remove this `mut`

warning: variable does not need to be mutable
 --> src/tap.rs:7:99
  |
7 |     let _smelt_tmp_1 = ::std::rc::Rc::new(::std::cell::RefCell::new(|closure_arg_0: SmeltUnknown, mut closure_arg_1: ::std::rc::Rc<::std:...
  |                                                                                                   ----^^^^^^^^^^^^^
  |                                                                                                   |
  |                                                                                                   help: remove this `mut`

warning: variable does not need to be mutable
 --> src/times.rs:7:90
  |
7 |     let _smelt_tmp_1 = ::std::rc::Rc::new(::std::cell::RefCell::new(|closure_arg_0: f64, mut closure_arg_1: ::std::rc::Rc<::std::cell::Re...
  |                                                                                          ----^^^^^^^^^^^^^
  |                                                                                          |
  |                                                                                          help: remove this `mut`

warning: variable does not need to be mutable
  --> src/times.rs:16:9
   |
16 |     let mut length: f64;
   |         ----^^^^^^
   |         |
   |         help: remove this `mut`

warning: variable does not need to be mutable
 --> src/times_test.rs:8:9
  |
8 |     let mut zero_result: SmeltUnknown;
  |         ----^^^^^^^^^^^
  |         |
  |         help: remove this `mut`

warning: variable does not need to be mutable
 --> src/times_test.rs:9:9
  |
9 |     let mut negative_result: SmeltUnknown;
  |         ----^^^^^^^^^^^^^^^
  |         |
  |         help: remove this `mut`

warning: variable does not need to be mutable
   --> src/times_test.rs:200:9
    |
200 |     let mut zero_result: SmeltUnknown;
    |         ----^^^^^^^^^^^
    |         |
    |         help: remove this `mut`

warning: variable does not need to be mutable
   --> src/times_test.rs:201:9
    |
201 |     let mut negative_result: SmeltUnknown;
    |         ----^^^^^^^^^^^^^^^
    |         |
    |         help: remove this `mut`

warning: variable does not need to be mutable
  --> src/toCamelCase.rs:53:9
   |
53 |     let mut lower_case_character_re: SmeltRegExp = _smelt_tmp_2.clone();
   |         ----^^^^^^^^^^^^^^^^^^^^^^^
   |         |
   |         help: remove this `mut`

warning: variable does not need to be mutable
  --> src/toTitleCase.rs:46:9
   |
46 |     let mut lower_case_character_re: SmeltRegExp = _smelt_tmp_2.clone();
   |         ----^^^^^^^^^^^^^^^^^^^^^^^
   |         |
   |         help: remove this `mut`

warning: value assigned to `cutoff` is never read
   --> src/truncate.rs:160:5
    |
160 |     cutoff = _smelt_tmp_39.clone();
    |     ^^^^^^^^^^^^^^^^^^^^^^^^^^^^^^
    |
    = help: maybe it is overwritten before being read?

warning: value assigned to `cutoff` is never read
   --> src/truncate.rs:145:5
    |
145 |     cutoff = _smelt_tmp_39.clone();
    |     ^^^^^^^^^^^^^^^^^^^^^^^^^^^^^^
    |
    = help: maybe it is overwritten before being read?

warning: value assigned to `cutoff` is never read
   --> src/truncate.rs:119:5
    |
119 |     cutoff = _smelt_tmp_39.clone();
    |     ^^^^^^^^^^^^^^^^^^^^^^^^^^^^^^
    |
    = help: maybe it is overwritten before being read?

warning: value assigned to `cutoff` is never read
   --> src/truncate.rs:104:5
    |
104 |     cutoff = _smelt_tmp_39.clone();
    |     ^^^^^^^^^^^^^^^^^^^^^^^^^^^^^^
    |
    = help: maybe it is overwritten before being read?

warning: value assigned to `global_separator` is never read
   --> src/truncate.rs:130:5
    |
130 |     global_separator = _smelt_tmp_28.clone();
    |     ^^^^^^^^^^^^^^^^
    |
    = help: maybe it is overwritten before being read?

warning: value assigned to `global_separator` is never read
  --> src/truncate.rs:89:5
   |
89 |     global_separator = _smelt_tmp_28.clone();
   |     ^^^^^^^^^^^^^^^^
   |
   = help: maybe it is overwritten before being read?

warning: value assigned to `last_separator_1` is never read
   --> src/truncate.rs:151:5
    |
151 |     last_separator_1 = SmeltUnknown::Number(index.clone() as f64);
    |     ^^^^^^^^^^^^^^^^
    |
    = help: maybe it is overwritten before being read?

warning: value assigned to `last_separator_1` is never read
   --> src/truncate.rs:110:5
    |
110 |     last_separator_1 = SmeltUnknown::Number(index.clone() as f64);
    |     ^^^^^^^^^^^^^^^^
    |
    = help: maybe it is overwritten before being read?

warning: variable does not need to be mutable
  --> src/uniqueBy.rs:25:9
   |
25 |     let mut key: SmeltUnknown = _smelt_tmp_6.clone();
   |         ----^^^
   |         |
   |         help: remove this `mut`

warning: variable does not need to be mutable
  --> src/uniqueBy.rs:19:9
   |
19 |     let mut set = set.clone();
   |         ----^^^
   |         |
   |         help: remove this `mut`

warning: variable does not need to be mutable
   --> src/uniqueBy_test.rs:113:9
    |
113 |     let mut counter: ::std::collections::HashMap<String, SmeltUnknown>;
    |         ----^^^^^^^
    |         |
    |         help: remove this `mut`

warning: variable does not need to be mutable
   --> src/uniqueBy_test.rs:114:9
    |
114 |     let mut result: Vec<SmeltUnknown>;
    |         ----^^^^^^
    |         |
    |         help: remove this `mut`

warning: variable does not need to be mutable
   --> src/uniqueBy_test.rs:159:9
    |
159 |     let mut counter: ::std::collections::HashMap<String, SmeltUnknown>;
    |         ----^^^^^^^
    |         |
    |         help: remove this `mut`

warning: variable does not need to be mutable
   --> src/uniqueBy_test.rs:160:9
    |
160 |     let mut result: SmeltUnknown;
    |         ----^^^^^^
    |         |
    |         help: remove this `mut`

warning: variable does not need to be mutable
  --> src/uniqueWith_test.rs:30:9
   |
30 |     let mut result: SmeltUnknown;
   |         ----^^^^^^
   |         |
   |         help: remove this `mut`

warning: variable does not need to be mutable
  --> src/uniqueWith_test.rs:84:9
   |
84 |     let mut counter: ::std::collections::HashMap<String, SmeltUnknown>;
   |         ----^^^^^^^
   |         |
   |         help: remove this `mut`

warning: variable does not need to be mutable
  --> src/uniqueWith_test.rs:85:9
   |
85 |     let mut result: Vec<SmeltUnknown>;
   |         ----^^^^^^
   |         |
   |         help: remove this `mut`

warning: variable does not need to be mutable
   --> src/uniqueWith_test.rs:154:9
    |
154 |     let mut counter: ::std::collections::HashMap<String, SmeltUnknown>;
    |         ----^^^^^^^
    |         |
    |         help: remove this `mut`

warning: variable does not need to be mutable
   --> src/uniqueWith_test.rs:155:9
    |
155 |     let mut result: SmeltUnknown;
    |         ----^^^^^^
    |         |
    |         help: remove this `mut`

warning: variable does not need to be mutable
  --> src/unique_test.rs:26:9
   |
26 |     let mut counter: ::std::collections::HashMap<String, SmeltUnknown>;
   |         ----^^^^^^^
   |         |
   |         help: remove this `mut`

warning: variable does not need to be mutable
  --> src/unique_test.rs:27:9
   |
27 |     let mut result: Vec<SmeltUnknown>;
   |         ----^^^^^^
   |         |
   |         help: remove this `mut`

warning: variable does not need to be mutable
  --> src/unique_test.rs:69:9
   |
69 |     let mut counter: ::std::collections::HashMap<String, SmeltUnknown>;
   |         ----^^^^^^^
   |         |
   |         help: remove this `mut`

warning: variable does not need to be mutable
  --> src/unique_test.rs:70:9
   |
70 |     let mut result: SmeltUnknown;
   |         ----^^^^^^
   |         |
   |         help: remove this `mut`

warning: variable does not need to be mutable
  --> src/when.rs:14:9
   |
14 |     let mut args = args.clone();
   |         ----^^^^
   |         |
   |         help: remove this `mut`

warning: variable does not need to be mutable
 --> src/withPrecision.rs:7:9
  |
7 |     let mut shifted_exponent: f64;
  |         ----^^^^^^^^^^^^^^^^
  |         |
  |         help: remove this `mut`

warning: variable does not need to be mutable
 --> src/withPrecision.rs:8:9
  |
8 |     let mut shifted_value_as_string: String;
  |         ----^^^^^^^^^^^^^^^^^^^^^^^
  |         |
  |         help: remove this `mut`

warning: variable does not need to be mutable
  --> src/withPrecision.rs:45:9
   |
45 |     let mut shifted_value: f64;
   |         ----^^^^^^^^^^^^^
   |         |
   |         help: remove this `mut`

warning: variable does not need to be mutable
  --> src/withPrecision.rs:46:9
   |
46 |     let mut rounded: f64;
   |         ----^^^^^^^
   |         |
   |         help: remove this `mut`

warning: variable does not need to be mutable
 --> src/withPrecision_test.rs:8:9
  |
8 |     let mut rounding_fn: ::std::rc::Rc<::std::cell::RefCell<dyn FnMut(f64, f64) -> f64>>;
  |         ----^^^^^^^^^^^
  |         |
  |         help: remove this `mut`

warning: value assigned to `word` is never read
   --> src/words.rs:101:5
    |
101 |     word = _smelt_tmp_33.clone();
    |     ^^^^
    |
    = help: maybe it is overwritten before being read?

warning: variable does not need to be mutable
    --> src/main.rs:1187:9
     |
1187 |     let mut chunks: f64;
     |         ----^^^^^^
     |         |
     |         help: remove this `mut`

warning: variable does not need to be mutable
    --> src/main.rs:3577:9
     |
3577 |     let mut this: TestClass = TestClass { foo: String::new() };
     |         ----^^^^
     |         |
     |         help: remove this `mut`

warning: variable does not need to be mutable
    --> src/main.rs:3584:9
     |
3584 |     let mut this: TestObject = TestObject { a: 0.0 };
     |         ----^^^^
     |         |
     |         help: remove this `mut`

warning: variable does not need to be mutable
    --> src/main.rs:3591:9
     |
3591 |     let mut this: Empty = Empty {  };
     |         ----^^^^
     |         |
     |         help: remove this `mut`

warning: variable does not need to be mutable
    --> src/main.rs:3598:9
     |
3598 |     let mut this: NonEmpty = NonEmpty { a: String::new() };
     |         ----^^^^
     |         |
     |         help: remove this `mut`

warning: variable does not need to be mutable
    --> src/main.rs:3605:9
     |
3605 |     let mut this: NonEmptyButPrivate = NonEmptyButPrivate { a: String::new() };
     |         ----^^^^
     |         |
     |         help: remove this `mut`

warning: variable does not need to be mutable
    --> src/main.rs:3612:9
     |
3612 |     let mut this: ContainerWrapper = ContainerWrapper { data: Vec::new() };
     |         ----^^^^
     |         |
     |         help: remove this `mut`

warning: variable does not need to be mutable
    --> src/main.rs:3619:9
     |
3619 |     let mut this: MyError = MyError {  };
     |         ----^^^^
     |         |
     |         help: remove this `mut`

warning: variable does not need to be mutable
    --> src/main.rs:3626:9
     |
3626 |     let mut this: MyInnerClass = MyInnerClass { b: 0.0 };
     |         ----^^^^
     |         |
     |         help: remove this `mut`

warning: variable does not need to be mutable
    --> src/main.rs:3633:9
     |
3633 |     let mut this: MyOuterClass = MyOuterClass { a: Default::default() };
     |         ----^^^^
     |         |
     |         help: remove this `mut`

warning: `remeda_smelt_probe` (bin "remeda_smelt_probe" test) generated 917 warnings (run `cargo fix --bin "remeda_smelt_probe" -p remeda_smelt_probe --tests` to apply 738 suggestions)
    Finished `test` profile [unoptimized + debuginfo] target(s) in 26.78s
     Running unittests src/main.rs (third_party/remeda/dist-smelt/target/debug/deps/remeda_smelt_probe-9b74e761745421a7)

running 30 tests

thread 'capitalize_test::test_data_last_empty_string_30' (2285550) panicked at src/capitalize.rs:22:92:
index out of bounds
note: run with `RUST_BACKTRACE=1` environment variable to display a backtrace
test capitalize_test::test_data_first_on_mixed_case_29 ... ok
test capitalize_test::test_data_first_on_upper_case_28 ... ok
test capitalize_test::test_data_first_on_lower_case_27 ... ok
test capitalize_test::test_data_last_empty_string_30 ... FAILED

thread 'capitalize_test::test_data_first_empty_string_26' (2285546) panicked at src/capitalize.rs:22:92:
index out of bounds
test capitalize_test::test_data_last_on_upper_case_32 ... ok
test capitalize_test::test_unicode_handles_non_latin_scripts_35 ... ok
test capitalize_test::test_unicode_doesn_t_explode_on_emojis_37 ... ok
test capitalize_test::test_data_first_empty_string_26 ... FAILED
test capitalize_test::test_unicode_handles_surrogate_pairs_astral_plane_36 ... ok
test capitalize_test::test_data_last_on_lower_case_31 ... ok

thread 'uncapitalize_test::test_data_first_empty_string_2085' (2285561) panicked at src/uncapitalize.rs:22:92:
index out of bounds
test capitalize_test::test_unicode_maintains_diacritics_in_rest_of_word_34 ... ok
test capitalize_test::test_unicode_single_accented_char ... ok
test capitalize_test::test_unicode_single_surrogate_pair_40 ... ok
test uncapitalize_test::test_data_first_on_mixed_case_2088 ... ok
test uncapitalize_test::test_data_first_empty_string_2085 ... FAILED
test uncapitalize_test::test_data_first_on_upper_case_2087 ... ok
test uncapitalize_test::test_data_first_on_lower_case_2086 ... ok

thread 'uncapitalize_test::test_data_last_empty_string_2089' (2285565) panicked at src/uncapitalize.rs:22:92:
index out of bounds
test uncapitalize_test::test_data_last_on_upper_case_2091 ... ok
test uncapitalize_test::test_data_last_empty_string_2089 ... FAILED
test uncapitalize_test::test_data_last_on_lower_case_2090 ... ok
test uncapitalize_test::test_data_last_on_mixed_case_2092 ... ok
test uncapitalize_test::test_unicode_handles_combining_characters_2097 ... ok
test uncapitalize_test::test_unicode_handles_non_latin_scripts_2094 ... ok
test uncapitalize_test::test_unicode_handles_surrogate_pairs_astral_plane_2095 ... ok
test uncapitalize_test::test_unicode_maintains_diacritics_in_rest_of_word_2093 ... ok
test uncapitalize_test::test_unicode_single_accented_character ... ok
test uncapitalize_test::test_unicode_single_surrogate_pair_2098 ... ok
test uncapitalize_test::test_unicode_doesn_t_explode_on_emojis_2096 ... ok
test capitalize_test::test_data_last_on_mixed_case_33 ... ok
test capitalize_test::test_unicode_handles_combining_characters_38 ... ok

failures:

failures:
    capitalize_test::test_data_first_empty_string_26
    capitalize_test::test_data_last_empty_string_30
    uncapitalize_test::test_data_first_empty_string_2085
    uncapitalize_test::test_data_last_empty_string_2089

test result: FAILED. 26 passed; 4 failed; 0 ignored; 0 measured; 1759 filtered out; finished in 0.00s

error: test failed, to rerun pass `--bin remeda_smelt_probe`
