    Checking remeda_smelt_probe v0.1.0 (/home/lollo/Playground/smelt/third_party/remeda/dist-smelt)
warning: unnecessary parentheses around assigned value
   --> src/main.rs:278:21
    |
278 |     _smelt_tmp_11 = (exponent.clone().parse::<i64>().expect("int() parse failed") as f64);
    |                     ^                                                                   ^
    |
    = note: `#[warn(unused_parens)]` (part of `#[warn(unused)]`) on by default
help: remove these parentheses
    |
278 -     _smelt_tmp_11 = (exponent.clone().parse::<i64>().expect("int() parse failed") as f64);
278 +     _smelt_tmp_11 = exponent.clone().parse::<i64>().expect("int() parse failed") as f64;
    |

warning: unnecessary parentheses around function argument
    --> src/main.rs:1899:53
     |
1899 |     _smelt_tmp_13 = categorization_fn(item.clone(), (index.clone() as f64), data.clone());
     |                                                     ^                    ^
     |
help: remove these parentheses
     |
1899 -     _smelt_tmp_13 = categorization_fn(item.clone(), (index.clone() as f64), data.clone());
1899 +     _smelt_tmp_13 = categorization_fn(item.clone(), index.clone() as f64, data.clone());
     |

warning: unnecessary parentheses around function argument
    --> src/main.rs:4795:44
     |
4795 |     _smelt_tmp_9 = predicate(item.clone(), (index.clone() as f64), data.clone());
     |                                            ^                    ^
     |
help: remove these parentheses
     |
4795 -     _smelt_tmp_9 = predicate(item.clone(), (index.clone() as f64), data.clone());
4795 +     _smelt_tmp_9 = predicate(item.clone(), index.clone() as f64, data.clone());
     |

warning: unnecessary parentheses around function argument
    --> src/main.rs:4811:44
     |
4811 |     _smelt_tmp_9 = predicate(item.clone(), (index.clone() as f64), data.clone());
     |                                            ^                    ^
     |
help: remove these parentheses
     |
4811 -     _smelt_tmp_9 = predicate(item.clone(), (index.clone() as f64), data.clone());
4811 +     _smelt_tmp_9 = predicate(item.clone(), index.clone() as f64, data.clone());
     |

warning: unnecessary parentheses around function argument
    --> src/main.rs:4827:44
     |
4827 |     _smelt_tmp_9 = predicate(item.clone(), (index.clone() as f64), data.clone());
     |                                            ^                    ^
     |
help: remove these parentheses
     |
4827 -     _smelt_tmp_9 = predicate(item.clone(), (index.clone() as f64), data.clone());
4827 +     _smelt_tmp_9 = predicate(item.clone(), index.clone() as f64, data.clone());
     |

warning: unnecessary parentheses around function argument
    --> src/main.rs:4843:44
     |
4843 |     _smelt_tmp_9 = predicate(item.clone(), (index.clone() as f64), data.clone());
     |                                            ^                    ^
     |
help: remove these parentheses
     |
4843 -     _smelt_tmp_9 = predicate(item.clone(), (index.clone() as f64), data.clone());
4843 +     _smelt_tmp_9 = predicate(item.clone(), index.clone() as f64, data.clone());
     |

warning: unnecessary parentheses around function argument
    --> src/main.rs:4859:44
     |
4859 |     _smelt_tmp_9 = predicate(item.clone(), (index.clone() as f64), data.clone());
     |                                            ^                    ^
     |
help: remove these parentheses
     |
4859 -     _smelt_tmp_9 = predicate(item.clone(), (index.clone() as f64), data.clone());
4859 +     _smelt_tmp_9 = predicate(item.clone(), index.clone() as f64, data.clone());
     |

warning: unnecessary parentheses around function argument
    --> src/main.rs:4875:44
     |
4875 |     _smelt_tmp_9 = predicate(item.clone(), (index.clone() as f64), data.clone());
     |                                            ^                    ^
     |
help: remove these parentheses
     |
4875 -     _smelt_tmp_9 = predicate(item.clone(), (index.clone() as f64), data.clone());
4875 +     _smelt_tmp_9 = predicate(item.clone(), index.clone() as f64, data.clone());
     |

warning: unnecessary parentheses around function argument
    --> src/main.rs:4891:44
     |
4891 |     _smelt_tmp_9 = predicate(item.clone(), (index.clone() as f64), data.clone());
     |                                            ^                    ^
     |
help: remove these parentheses
     |
4891 -     _smelt_tmp_9 = predicate(item.clone(), (index.clone() as f64), data.clone());
4891 +     _smelt_tmp_9 = predicate(item.clone(), index.clone() as f64, data.clone());
     |

warning: unnecessary parentheses around function argument
    --> src/main.rs:4907:44
     |
4907 |     _smelt_tmp_9 = predicate(item.clone(), (index.clone() as f64), data.clone());
     |                                            ^                    ^
     |
help: remove these parentheses
     |
4907 -     _smelt_tmp_9 = predicate(item.clone(), (index.clone() as f64), data.clone());
4907 +     _smelt_tmp_9 = predicate(item.clone(), index.clone() as f64, data.clone());
     |

warning: unnecessary parentheses around function argument
    --> src/main.rs:4923:44
     |
4923 |     _smelt_tmp_9 = predicate(item.clone(), (index.clone() as f64), data.clone());
     |                                            ^                    ^
     |
help: remove these parentheses
     |
4923 -     _smelt_tmp_9 = predicate(item.clone(), (index.clone() as f64), data.clone());
4923 +     _smelt_tmp_9 = predicate(item.clone(), index.clone() as f64, data.clone());
     |

warning: unnecessary parentheses around function argument
    --> src/main.rs:4939:44
     |
4939 |     _smelt_tmp_9 = predicate(item.clone(), (index.clone() as f64), data.clone());
     |                                            ^                    ^
     |
help: remove these parentheses
     |
4939 -     _smelt_tmp_9 = predicate(item.clone(), (index.clone() as f64), data.clone());
4939 +     _smelt_tmp_9 = predicate(item.clone(), index.clone() as f64, data.clone());
     |

warning: unnecessary parentheses around function argument
    --> src/main.rs:4955:44
     |
4955 |     _smelt_tmp_9 = predicate(item.clone(), (index.clone() as f64), data.clone());
     |                                            ^                    ^
     |
help: remove these parentheses
     |
4955 -     _smelt_tmp_9 = predicate(item.clone(), (index.clone() as f64), data.clone());
4955 +     _smelt_tmp_9 = predicate(item.clone(), index.clone() as f64, data.clone());
     |

warning: unnecessary parentheses around function argument
    --> src/main.rs:4971:44
     |
4971 |     _smelt_tmp_9 = predicate(item.clone(), (index.clone() as f64), data.clone());
     |                                            ^                    ^
     |
help: remove these parentheses
     |
4971 -     _smelt_tmp_9 = predicate(item.clone(), (index.clone() as f64), data.clone());
4971 +     _smelt_tmp_9 = predicate(item.clone(), index.clone() as f64, data.clone());
     |

warning: unnecessary parentheses around function argument
    --> src/main.rs:4987:44
     |
4987 |     _smelt_tmp_9 = predicate(item.clone(), (index.clone() as f64), data.clone());
     |                                            ^                    ^
     |
help: remove these parentheses
     |
4987 -     _smelt_tmp_9 = predicate(item.clone(), (index.clone() as f64), data.clone());
4987 +     _smelt_tmp_9 = predicate(item.clone(), index.clone() as f64, data.clone());
     |

warning: unnecessary parentheses around function argument
    --> src/main.rs:5003:44
     |
5003 |     _smelt_tmp_9 = predicate(item.clone(), (index.clone() as f64), data.clone());
     |                                            ^                    ^
     |
help: remove these parentheses
     |
5003 -     _smelt_tmp_9 = predicate(item.clone(), (index.clone() as f64), data.clone());
5003 +     _smelt_tmp_9 = predicate(item.clone(), index.clone() as f64, data.clone());
     |

warning: unnecessary parentheses around function argument
    --> src/main.rs:5019:44
     |
5019 |     _smelt_tmp_9 = predicate(item.clone(), (index.clone() as f64), data.clone());
     |                                            ^                    ^
     |
help: remove these parentheses
     |
5019 -     _smelt_tmp_9 = predicate(item.clone(), (index.clone() as f64), data.clone());
5019 +     _smelt_tmp_9 = predicate(item.clone(), index.clone() as f64, data.clone());
     |

warning: unnecessary parentheses around function argument
    --> src/main.rs:5035:44
     |
5035 |     _smelt_tmp_9 = predicate(item.clone(), (index.clone() as f64), data.clone());
     |                                            ^                    ^
     |
help: remove these parentheses
     |
5035 -     _smelt_tmp_9 = predicate(item.clone(), (index.clone() as f64), data.clone());
5035 +     _smelt_tmp_9 = predicate(item.clone(), index.clone() as f64, data.clone());
     |

warning: unnecessary parentheses around function argument
    --> src/main.rs:5051:44
     |
5051 |     _smelt_tmp_9 = predicate(item.clone(), (index.clone() as f64), data.clone());
     |                                            ^                    ^
     |
help: remove these parentheses
     |
5051 -     _smelt_tmp_9 = predicate(item.clone(), (index.clone() as f64), data.clone());
5051 +     _smelt_tmp_9 = predicate(item.clone(), index.clone() as f64, data.clone());
     |

warning: unnecessary parentheses around function argument
    --> src/main.rs:5067:44
     |
5067 |     _smelt_tmp_9 = predicate(item.clone(), (index.clone() as f64), data.clone());
     |                                            ^                    ^
     |
help: remove these parentheses
     |
5067 -     _smelt_tmp_9 = predicate(item.clone(), (index.clone() as f64), data.clone());
5067 +     _smelt_tmp_9 = predicate(item.clone(), index.clone() as f64, data.clone());
     |

warning: unnecessary parentheses around function argument
    --> src/main.rs:5083:44
     |
5083 |     _smelt_tmp_9 = predicate(item.clone(), (index.clone() as f64), data.clone());
     |                                            ^                    ^
     |
help: remove these parentheses
     |
5083 -     _smelt_tmp_9 = predicate(item.clone(), (index.clone() as f64), data.clone());
5083 +     _smelt_tmp_9 = predicate(item.clone(), index.clone() as f64, data.clone());
     |

warning: unnecessary parentheses around function argument
    --> src/main.rs:5099:44
     |
5099 |     _smelt_tmp_9 = predicate(item.clone(), (index.clone() as f64), data.clone());
     |                                            ^                    ^
     |
help: remove these parentheses
     |
5099 -     _smelt_tmp_9 = predicate(item.clone(), (index.clone() as f64), data.clone());
5099 +     _smelt_tmp_9 = predicate(item.clone(), index.clone() as f64, data.clone());
     |

warning: unnecessary parentheses around function argument
    --> src/main.rs:5115:44
     |
5115 |     _smelt_tmp_9 = predicate(item.clone(), (index.clone() as f64), data.clone());
     |                                            ^                    ^
     |
help: remove these parentheses
     |
5115 -     _smelt_tmp_9 = predicate(item.clone(), (index.clone() as f64), data.clone());
5115 +     _smelt_tmp_9 = predicate(item.clone(), index.clone() as f64, data.clone());
     |

warning: unnecessary parentheses around function argument
    --> src/main.rs:5131:44
     |
5131 |     _smelt_tmp_9 = predicate(item.clone(), (index.clone() as f64), data.clone());
     |                                            ^                    ^
     |
help: remove these parentheses
     |
5131 -     _smelt_tmp_9 = predicate(item.clone(), (index.clone() as f64), data.clone());
5131 +     _smelt_tmp_9 = predicate(item.clone(), index.clone() as f64, data.clone());
     |

warning: unnecessary parentheses around function argument
    --> src/main.rs:5147:44
     |
5147 |     _smelt_tmp_9 = predicate(item.clone(), (index.clone() as f64), data.clone());
     |                                            ^                    ^
     |
help: remove these parentheses
     |
5147 -     _smelt_tmp_9 = predicate(item.clone(), (index.clone() as f64), data.clone());
5147 +     _smelt_tmp_9 = predicate(item.clone(), index.clone() as f64, data.clone());
     |

warning: unnecessary parentheses around function argument
    --> src/main.rs:5163:44
     |
5163 |     _smelt_tmp_9 = predicate(item.clone(), (index.clone() as f64), data.clone());
     |                                            ^                    ^
     |
help: remove these parentheses
     |
5163 -     _smelt_tmp_9 = predicate(item.clone(), (index.clone() as f64), data.clone());
5163 +     _smelt_tmp_9 = predicate(item.clone(), index.clone() as f64, data.clone());
     |

warning: unnecessary parentheses around function argument
    --> src/main.rs:5179:44
     |
5179 |     _smelt_tmp_9 = predicate(item.clone(), (index.clone() as f64), data.clone());
     |                                            ^                    ^
     |
help: remove these parentheses
     |
5179 -     _smelt_tmp_9 = predicate(item.clone(), (index.clone() as f64), data.clone());
5179 +     _smelt_tmp_9 = predicate(item.clone(), index.clone() as f64, data.clone());
     |

warning: unnecessary parentheses around function argument
    --> src/main.rs:5195:44
     |
5195 |     _smelt_tmp_9 = predicate(item.clone(), (index.clone() as f64), data.clone());
     |                                            ^                    ^
     |
help: remove these parentheses
     |
5195 -     _smelt_tmp_9 = predicate(item.clone(), (index.clone() as f64), data.clone());
5195 +     _smelt_tmp_9 = predicate(item.clone(), index.clone() as f64, data.clone());
     |

warning: unnecessary parentheses around function argument
    --> src/main.rs:5211:44
     |
5211 |     _smelt_tmp_9 = predicate(item.clone(), (index.clone() as f64), data.clone());
     |                                            ^                    ^
     |
help: remove these parentheses
     |
5211 -     _smelt_tmp_9 = predicate(item.clone(), (index.clone() as f64), data.clone());
5211 +     _smelt_tmp_9 = predicate(item.clone(), index.clone() as f64, data.clone());
     |

warning: unnecessary parentheses around function argument
    --> src/main.rs:5227:44
     |
5227 |     _smelt_tmp_9 = predicate(item.clone(), (index.clone() as f64), data.clone());
     |                                            ^                    ^
     |
help: remove these parentheses
     |
5227 -     _smelt_tmp_9 = predicate(item.clone(), (index.clone() as f64), data.clone());
5227 +     _smelt_tmp_9 = predicate(item.clone(), index.clone() as f64, data.clone());
     |

warning: unnecessary parentheses around function argument
    --> src/main.rs:5243:44
     |
5243 |     _smelt_tmp_9 = predicate(item.clone(), (index.clone() as f64), data.clone());
     |                                            ^                    ^
     |
help: remove these parentheses
     |
5243 -     _smelt_tmp_9 = predicate(item.clone(), (index.clone() as f64), data.clone());
5243 +     _smelt_tmp_9 = predicate(item.clone(), index.clone() as f64, data.clone());
     |

warning: unnecessary parentheses around function argument
    --> src/main.rs:5259:44
     |
5259 |     _smelt_tmp_9 = predicate(item.clone(), (index.clone() as f64), data.clone());
     |                                            ^                    ^
     |
help: remove these parentheses
     |
5259 -     _smelt_tmp_9 = predicate(item.clone(), (index.clone() as f64), data.clone());
5259 +     _smelt_tmp_9 = predicate(item.clone(), index.clone() as f64, data.clone());
     |

warning: unnecessary parentheses around function argument
    --> src/main.rs:5275:44
     |
5275 |     _smelt_tmp_9 = predicate(item.clone(), (index.clone() as f64), data.clone());
     |                                            ^                    ^
     |
help: remove these parentheses
     |
5275 -     _smelt_tmp_9 = predicate(item.clone(), (index.clone() as f64), data.clone());
5275 +     _smelt_tmp_9 = predicate(item.clone(), index.clone() as f64, data.clone());
     |

warning: unnecessary parentheses around function argument
    --> src/main.rs:5291:44
     |
5291 |     _smelt_tmp_9 = predicate(item.clone(), (index.clone() as f64), data.clone());
     |                                            ^                    ^
     |
help: remove these parentheses
     |
5291 -     _smelt_tmp_9 = predicate(item.clone(), (index.clone() as f64), data.clone());
5291 +     _smelt_tmp_9 = predicate(item.clone(), index.clone() as f64, data.clone());
     |

warning: unnecessary parentheses around function argument
    --> src/main.rs:6892:86
     |
6892 |     _smelt_tmp_11 = mapper(SmeltUnknown::Object(::std::collections::HashMap::new()), (index.clone() as f64), data.clone());
     |                                                                                      ^                    ^
     |
help: remove these parentheses
     |
6892 -     _smelt_tmp_11 = mapper(SmeltUnknown::Object(::std::collections::HashMap::new()), (index.clone() as f64), data.clone());
6892 +     _smelt_tmp_11 = mapper(SmeltUnknown::Object(::std::collections::HashMap::new()), index.clone() as f64, data.clone());
     |

warning: unnecessary parentheses around method argument
    --> src/main.rs:7047:69
     |
7047 |     _smelt_tmp_31 = burst_start_timestamp.clone().clone().unwrap_or((now.clone() as f64));
     |                                                                     ^                  ^
     |
help: remove these parentheses
     |
7047 -     _smelt_tmp_31 = burst_start_timestamp.clone().clone().unwrap_or((now.clone() as f64));
7047 +     _smelt_tmp_31 = burst_start_timestamp.clone().clone().unwrap_or(now.clone() as f64);
     |

warning: unnecessary parentheses around method argument
    --> src/main.rs:7107:69
     |
7107 |     _smelt_tmp_31 = burst_start_timestamp.clone().clone().unwrap_or((now.clone() as f64));
     |                                                                     ^                  ^
     |
help: remove these parentheses
     |
7107 -     _smelt_tmp_31 = burst_start_timestamp.clone().clone().unwrap_or((now.clone() as f64));
7107 +     _smelt_tmp_31 = burst_start_timestamp.clone().clone().unwrap_or(now.clone() as f64);
     |

warning: unnecessary parentheses around function argument
    --> src/main.rs:9653:42
     |
9653 |     _smelt_tmp_12 = mapper(item.clone(), (index.clone() as f64), data.clone());
     |                                          ^                    ^
     |
help: remove these parentheses
     |
9653 -     _smelt_tmp_12 = mapper(item.clone(), (index.clone() as f64), data.clone());
9653 +     _smelt_tmp_12 = mapper(item.clone(), index.clone() as f64, data.clone());
     |

warning: unnecessary parentheses around function argument
     --> src/main.rs:11950:42
      |
11950 |     _smelt_tmp_13 = fn_(element.clone(), (index.clone() as f64), array.clone());
      |                                          ^                    ^
      |
help: remove these parentheses
      |
11950 -     _smelt_tmp_13 = fn_(element.clone(), (index.clone() as f64), array.clone());
11950 +     _smelt_tmp_13 = fn_(element.clone(), index.clone() as f64, array.clone());
      |

warning: unnecessary parentheses around function argument
     --> src/main.rs:12094:39
      |
12094 |     _smelt_tmp_12 = fn_(item.clone(), (index.clone() as f64), array.clone());
      |                                       ^                    ^
      |
help: remove these parentheses
      |
12094 -     _smelt_tmp_12 = fn_(item.clone(), (index.clone() as f64), array.clone());
12094 +     _smelt_tmp_12 = fn_(item.clone(), index.clone() as f64, array.clone());
      |

warning: unnecessary parentheses around function argument
     --> src/main.rs:13132:45
      |
13132 |     _smelt_tmp_13 = predicate(item.clone(), (index.clone() as f64), data.clone());
      |                                             ^                    ^
      |
help: remove these parentheses
      |
13132 -     _smelt_tmp_13 = predicate(item.clone(), (index.clone() as f64), data.clone());
13132 +     _smelt_tmp_13 = predicate(item.clone(), index.clone() as f64, data.clone());
      |

warning: unnecessary parentheses around function argument
     --> src/main.rs:13809:49
      |
13809 |     _smelt_tmp_14 = key_extractor(item.clone(), (index.clone() as f64), data.clone());
      |                                                 ^                    ^
      |
help: remove these parentheses
      |
13809 -     _smelt_tmp_14 = key_extractor(item.clone(), (index.clone() as f64), data.clone());
13809 +     _smelt_tmp_14 = key_extractor(item.clone(), index.clone() as f64, data.clone());
      |

warning: unnecessary parentheses around function argument
     --> src/main.rs:13811:51
      |
13811 |     _smelt_tmp_15 = value_extractor(item.clone(), (index.clone() as f64), data.clone());
      |                                                   ^                    ^
      |
help: remove these parentheses
      |
13811 -     _smelt_tmp_15 = value_extractor(item.clone(), (index.clone() as f64), data.clone());
13811 +     _smelt_tmp_15 = value_extractor(item.clone(), index.clone() as f64, data.clone());
      |

warning: unnecessary parentheses around `return` value
     --> src/main.rs:14165:12
      |
14165 |     return (result.clone().trunc() as i64);
      |            ^                             ^
      |
help: remove these parentheses
      |
14165 -     return (result.clone().trunc() as i64);
14165 +     return result.clone().trunc() as i64;
      |

warning: unnecessary parentheses around `if` condition
     --> src/main.rs:14311:47
      |
14311 |     move |arg0: SmeltUnknown, arg1: f64| { if (arg1 == 0.0) { start.clone() } else { (start + (arg1 * if let SmeltUnknown::Number(value) ...
      |                                               ^           ^
      |
help: remove these parentheses
      |
14311 -     move |arg0: SmeltUnknown, arg1: f64| { if (arg1 == 0.0) { start.clone() } else { (start + (arg1 * if let SmeltUnknown::Number(value) = step.clone() { value } else { panic!("unknown is not number") })) } }
14311 +     move |arg0: SmeltUnknown, arg1: f64| { if arg1 == 0.0 { start.clone() } else { (start + (arg1 * if let SmeltUnknown::Number(value) = step.clone() { value } else { panic!("unknown is not number") })) } }
      |

warning: unnecessary parentheses around block return value
     --> src/main.rs:14311:86
      |
14311 | ...else { (start + (arg1 * if let SmeltUnknown::Number(value) = step.clone() { value } else { panic!("unknown is not number") })) } }
      |           ^                                                                                                                     ^
      |
help: remove these parentheses
      |
14311 -     move |arg0: SmeltUnknown, arg1: f64| { if (arg1 == 0.0) { start.clone() } else { (start + (arg1 * if let SmeltUnknown::Number(value) = step.clone() { value } else { panic!("unknown is not number") })) } }
14311 +     move |arg0: SmeltUnknown, arg1: f64| { if (arg1 == 0.0) { start.clone() } else { start + (arg1 * if let SmeltUnknown::Number(value) = step.clone() { value } else { panic!("unknown is not number") }) } }
      |

warning: unnecessary parentheses around `if` condition
     --> src/main.rs:14313:195
      |
14313 | ...let item = SmeltUnknown::Null; let index = index as f64; if (index == 0.0) { start.clone() } else { (start + (index * if let SmeltUnkn...
      |                                                                ^            ^
      |
help: remove these parentheses
      |
14313 -     _smelt_tmp_14 = { let array_from_length = (length.clone() as f64).max(0.0).floor() as usize; (0..array_from_length).map(|index| { let item = SmeltUnknown::Null; let index = index as f64; if (index == 0.0) { start.clone() } else { (start + (index * if let SmeltUnknown::Number(value) = step.clone() { value } else { panic!("unknown is not number") })) } }).collect::<Vec<_>>() };
14313 +     _smelt_tmp_14 = { let array_from_length = (length.clone() as f64).max(0.0).floor() as usize; (0..array_from_length).map(|index| { let item = SmeltUnknown::Null; let index = index as f64; if index == 0.0 { start.clone() } else { (start + (index * if let SmeltUnknown::Number(value) = step.clone() { value } else { panic!("unknown is not number") })) } }).collect::<Vec<_>>() };
      |

warning: unnecessary parentheses around block return value
     --> src/main.rs:14313:235
      |
14313 | ...else { (start + (index * if let SmeltUnknown::Number(value) = step.clone() { value } else { panic!("unknown is not number") })) } }).c...
      |           ^                                                                                                                      ^
      |
help: remove these parentheses
      |
14313 -     _smelt_tmp_14 = { let array_from_length = (length.clone() as f64).max(0.0).floor() as usize; (0..array_from_length).map(|index| { let item = SmeltUnknown::Null; let index = index as f64; if (index == 0.0) { start.clone() } else { (start + (index * if let SmeltUnknown::Number(value) = step.clone() { value } else { panic!("unknown is not number") })) } }).collect::<Vec<_>>() };
14313 +     _smelt_tmp_14 = { let array_from_length = (length.clone() as f64).max(0.0).floor() as usize; (0..array_from_length).map(|index| { let item = SmeltUnknown::Null; let index = index as f64; if (index == 0.0) { start.clone() } else { start + (index * if let SmeltUnknown::Number(value) = step.clone() { value } else { panic!("unknown is not number") }) } }).collect::<Vec<_>>() };
      |

warning: unnecessary parentheses around assigned value
     --> src/main.rs:14488:128
      |
14488 | ...t = left.clone(); let right = right.clone(); let ordering = (left - right); if ordering < 0.0 { std::cmp::Ordering::Less } else if ord...
      |                                                                ^            ^
      |
help: remove these parentheses
      |
14488 -     _smelt_tmp_22 = { _smelt_tmp_21.sort_by(|left, right| { let left = left.clone(); let right = right.clone(); let ordering = (left - right); if ordering < 0.0 { std::cmp::Ordering::Less } else if ordering > 0.0 { std::cmp::Ordering::Greater } else { std::cmp::Ordering::Equal } }); _smelt_tmp_21.clone() };
14488 +     _smelt_tmp_22 = { _smelt_tmp_21.sort_by(|left, right| { let left = left.clone(); let right = right.clone(); let ordering = left - right; if ordering < 0.0 { std::cmp::Ordering::Less } else if ordering > 0.0 { std::cmp::Ordering::Greater } else { std::cmp::Ordering::Equal } }); _smelt_tmp_21.clone() };
      |

warning: unnecessary parentheses around block return value
     --> src/main.rs:14706:33
      |
14706 |     move |arg0: SmeltUnknown| { (arg0 < item) }
      |                                 ^           ^
      |
help: remove these parentheses
      |
14706 -     move |arg0: SmeltUnknown| { (arg0 < item) }
14706 +     move |arg0: SmeltUnknown| { arg0 < item }
      |

warning: unnecessary parentheses around block return value
     --> src/main.rs:14727:44
      |
14727 |     move |arg0: SmeltUnknown, arg1: f64| { (value_function(arg0.clone(), Some(arg1), data.clone()) < value) }
      |                                            ^                                                              ^
      |
help: remove these parentheses
      |
14727 -     move |arg0: SmeltUnknown, arg1: f64| { (value_function(arg0.clone(), Some(arg1), data.clone()) < value) }
14727 +     move |arg0: SmeltUnknown, arg1: f64| { value_function(arg0.clone(), Some(arg1), data.clone()) < value }
      |

warning: unnecessary parentheses around block return value
     --> src/main.rs:14754:33
      |
14754 |     move |arg0: SmeltUnknown| { (arg0 <= item) }
      |                                 ^            ^
      |
help: remove these parentheses
      |
14754 -     move |arg0: SmeltUnknown| { (arg0 <= item) }
14754 +     move |arg0: SmeltUnknown| { arg0 <= item }
      |

warning: unnecessary parentheses around block return value
     --> src/main.rs:14775:44
      |
14775 |     move |arg0: SmeltUnknown, arg1: f64| { (value_function(arg0.clone(), Some(arg1), array.clone()) <= value) }
      |                                            ^                                                                ^
      |
help: remove these parentheses
      |
14775 -     move |arg0: SmeltUnknown, arg1: f64| { (value_function(arg0.clone(), Some(arg1), array.clone()) <= value) }
14775 +     move |arg0: SmeltUnknown, arg1: f64| { value_function(arg0.clone(), Some(arg1), array.clone()) <= value }
      |

warning: unnecessary parentheses around method argument
     --> src/main.rs:14850:45
      |
14850 |     _smelt_tmp_9 = _smelt_tmp_8.clone().max((0.0 as f64));
      |                                             ^          ^
      |
help: remove these parentheses
      |
14850 -     _smelt_tmp_9 = _smelt_tmp_8.clone().max((0.0 as f64));
14850 +     _smelt_tmp_9 = _smelt_tmp_8.clone().max(0.0 as f64);
      |

warning: unnecessary parentheses around function argument
     --> src/main.rs:15004:46
      |
15004 |     _smelt_tmp_18 = callbackfn(item.clone(), (index.clone() as f64), array.clone());
      |                                              ^                    ^
      |
help: remove these parentheses
      |
15004 -     _smelt_tmp_18 = callbackfn(item.clone(), (index.clone() as f64), array.clone());
15004 +     _smelt_tmp_18 = callbackfn(item.clone(), index.clone() as f64, array.clone());
      |

warning: unnecessary parentheses around assigned value
     --> src/main.rs:15143:49
      |
15143 |     move |arg0: SmeltUnknown| { { { remaining = (remaining - 1.0); remaining.clone() }; ::std::collections::HashMap::from([("done".to_own...
      |                                                 ^               ^
      |
help: remove these parentheses
      |
15143 -     move |arg0: SmeltUnknown| { { { remaining = (remaining - 1.0); remaining.clone() }; ::std::collections::HashMap::from([("done".to_owned(), SmeltUnknown::Bool((remaining <= 0.0))), ("has_next".to_owned(), SmeltUnknown::Bool(true)), ("next".to_owned(), IntoSmeltUnknown::into_smelt_unknown(arg0))]) } }
15143 +     move |arg0: SmeltUnknown| { { { remaining = remaining - 1.0; remaining.clone() }; ::std::collections::HashMap::from([("done".to_owned(), SmeltUnknown::Bool((remaining <= 0.0))), ("has_next".to_owned(), SmeltUnknown::Bool(true)), ("next".to_owned(), IntoSmeltUnknown::into_smelt_unknown(arg0))]) } }
      |

warning: unnecessary parentheses around function argument
     --> src/main.rs:15143:163
      |
15143 | ...ns::HashMap::from([("done".to_owned(), SmeltUnknown::Bool((remaining <= 0.0))), ("has_next".to_owned(), SmeltUnknown::Bool(true)), ("n...
      |                                                              ^                ^
      |
help: remove these parentheses
      |
15143 -     move |arg0: SmeltUnknown| { { { remaining = (remaining - 1.0); remaining.clone() }; ::std::collections::HashMap::from([("done".to_owned(), SmeltUnknown::Bool((remaining <= 0.0))), ("has_next".to_owned(), SmeltUnknown::Bool(true)), ("next".to_owned(), IntoSmeltUnknown::into_smelt_unknown(arg0))]) } }
15143 +     move |arg0: SmeltUnknown| { { { remaining = (remaining - 1.0); remaining.clone() }; ::std::collections::HashMap::from([("done".to_owned(), SmeltUnknown::Bool(remaining <= 0.0)), ("has_next".to_owned(), SmeltUnknown::Bool(true)), ("next".to_owned(), IntoSmeltUnknown::into_smelt_unknown(arg0))]) } }
      |

warning: unnecessary parentheses around function argument
     --> src/main.rs:16095:45
      |
16095 |     _smelt_tmp_11 = predicate(item.clone(), (index.clone() as f64), data.clone());
      |                                             ^                    ^
      |
help: remove these parentheses
      |
16095 -     _smelt_tmp_11 = predicate(item.clone(), (index.clone() as f64), data.clone());
16095 +     _smelt_tmp_11 = predicate(item.clone(), index.clone() as f64, data.clone());
      |

warning: unnecessary parentheses around `if` condition
     --> src/main.rs:16301:120
      |
16301 | ...>| { format!("{}{}", format!("{}{}", "".to_owned(), (if ((arg1 as f64) == 0.0) { IntoSmeltUnknown::into_smelt_unknown(String::new().to...
      |                                                            ^                    ^
      |
help: remove these parentheses
      |
16301 -     move |arg0: SmeltUnknown, arg1: i64, arg2: Vec<SmeltUnknown>| { format!("{}{}", format!("{}{}", "".to_owned(), (if ((arg1 as f64) == 0.0) { IntoSmeltUnknown::into_smelt_unknown(String::new().to_lowercase()) } else { IntoSmeltUnknown::into_smelt_unknown(String::new().to_uppercase()) }).to_string()), (if preserve_consecutive_uppercase.is_some() { IntoSmeltUnknown::into_smelt_unknown(SmeltUnknown::String(match &arg0 { SmeltUnknown::String(value) => value.chars().skip((1.0 as i64).max(0) as usize).collect::<String>(), _ => String::new() })) } else { IntoSmeltUnknown::into_smelt_unknown(if let SmeltUnknown::String(value) = SmeltUnknown::String(match &arg0 { SmeltUnknown::String(value) => value.chars().skip((1.0 as i64).max(0) as usize).collect::<String>(), _ => String::new() }).clone() { value } else { panic!("unknown is not string") }.to_lowercase()) }).to_string()) }
16301 +     move |arg0: SmeltUnknown, arg1: i64, arg2: Vec<SmeltUnknown>| { format!("{}{}", format!("{}{}", "".to_owned(), (if (arg1 as f64) == 0.0 { IntoSmeltUnknown::into_smelt_unknown(String::new().to_lowercase()) } else { IntoSmeltUnknown::into_smelt_unknown(String::new().to_uppercase()) }).to_string()), (if preserve_consecutive_uppercase.is_some() { IntoSmeltUnknown::into_smelt_unknown(SmeltUnknown::String(match &arg0 { SmeltUnknown::String(value) => value.chars().skip((1.0 as i64).max(0) as usize).collect::<String>(), _ => String::new() })) } else { IntoSmeltUnknown::into_smelt_unknown(if let SmeltUnknown::String(value) = SmeltUnknown::String(match &arg0 { SmeltUnknown::String(value) => value.chars().skip((1.0 as i64).max(0) as usize).collect::<String>(), _ => String::new() }).clone() { value } else { panic!("unknown is not string") }.to_lowercase()) }).to_string()) }
      |

warning: unnecessary parentheses around `if` condition
     --> src/main.rs:16303:187
      |
16303 | ...64; format!("{}{}", format!("{}{}", "".to_owned(), (if ((index as f64) == 0.0) { IntoSmeltUnknown::into_smelt_unknown(String::new().to...
      |                                                           ^                     ^
      |
help: remove these parentheses
      |
16303 -     _smelt_tmp_9 = _smelt_tmp_7.clone().iter().enumerate().map(|(index, item)| { let item = (*item).clone(); let index = index as f64; format!("{}{}", format!("{}{}", "".to_owned(), (if ((index as f64) == 0.0) { IntoSmeltUnknown::into_smelt_unknown(String::new().to_lowercase()) } else { IntoSmeltUnknown::into_smelt_unknown(String::new().to_uppercase()) }).to_string()), (if preserve_consecutive_uppercase.is_some() { IntoSmeltUnknown::into_smelt_unknown(SmeltUnknown::String(match &item { SmeltUnknown::String(value) => value.chars().skip((1.0 as i64).max(0) as usize).collect::<String>(), _ => String::new() })) } else { IntoSmeltUnknown::into_smelt_unknown(if let SmeltUnknown::String(value) = SmeltUnknown::String(match &item { SmeltUnknown::String(value) => value.chars().skip((1.0 as i64).max(0) as usize).collect::<String>(), _ => String::new() }).clone() { value } else { panic!("unknown is not string") }.to_lowercase()) }).to_string()) }).collect::<Vec<_>>();
16303 +     _smelt_tmp_9 = _smelt_tmp_7.clone().iter().enumerate().map(|(index, item)| { let item = (*item).clone(); let index = index as f64; format!("{}{}", format!("{}{}", "".to_owned(), (if (index as f64) == 0.0 { IntoSmeltUnknown::into_smelt_unknown(String::new().to_lowercase()) } else { IntoSmeltUnknown::into_smelt_unknown(String::new().to_uppercase()) }).to_string()), (if preserve_consecutive_uppercase.is_some() { IntoSmeltUnknown::into_smelt_unknown(SmeltUnknown::String(match &item { SmeltUnknown::String(value) => value.chars().skip((1.0 as i64).max(0) as usize).collect::<String>(), _ => String::new() })) } else { IntoSmeltUnknown::into_smelt_unknown(if let SmeltUnknown::String(value) = SmeltUnknown::String(match &item { SmeltUnknown::String(value) => value.chars().skip((1.0 as i64).max(0) as usize).collect::<String>(), _ => String::new() }).clone() { value } else { panic!("unknown is not string") }.to_lowercase()) }).to_string()) }).collect::<Vec<_>>();
      |

warning: unnecessary parentheses around function argument
     --> src/main.rs:16769:107
      |
16769 |     move |arg0: SmeltUnknown, arg1: i64, arg2: Vec<SmeltUnknown>| { fn_(arg0.clone(), Default::default(), (arg1 as f64), { let smelt_tupl...
      |                                                                                                           ^           ^
      |
help: remove these parentheses
      |
16769 -     move |arg0: SmeltUnknown, arg1: i64, arg2: Vec<SmeltUnknown>| { fn_(arg0.clone(), Default::default(), (arg1 as f64), { let smelt_tuple_values = datum.clone(); (smelt_tuple_values.get(0).cloned().unwrap_or(SmeltUnknown::Null), smelt_tuple_values.get(1).cloned().unwrap_or(SmeltUnknown::Null)) }) }
16769 +     move |arg0: SmeltUnknown, arg1: i64, arg2: Vec<SmeltUnknown>| { fn_(arg0.clone(), Default::default(), arg1 as f64, { let smelt_tuple_values = datum.clone(); (smelt_tuple_values.get(0).cloned().unwrap_or(SmeltUnknown::Null), smelt_tuple_values.get(1).cloned().unwrap_or(SmeltUnknown::Null)) }) }
      |

warning: unnecessary parentheses around function argument
     --> src/main.rs:16777:107
      |
16777 |     move |arg0: SmeltUnknown, arg1: i64, arg2: Vec<SmeltUnknown>| { fn_(Default::default(), arg0.clone(), (arg1 as f64), { let smelt_tupl...
      |                                                                                                           ^           ^
      |
help: remove these parentheses
      |
16777 -     move |arg0: SmeltUnknown, arg1: i64, arg2: Vec<SmeltUnknown>| { fn_(Default::default(), arg0.clone(), (arg1 as f64), { let smelt_tuple_values = datum.clone(); (smelt_tuple_values.get(0).cloned().unwrap_or(SmeltUnknown::Null), smelt_tuple_values.get(1).cloned().unwrap_or(SmeltUnknown::Null)) }) }
16777 +     move |arg0: SmeltUnknown, arg1: i64, arg2: Vec<SmeltUnknown>| { fn_(Default::default(), arg0.clone(), arg1 as f64, { let smelt_tuple_values = datum.clone(); (smelt_tuple_values.get(0).cloned().unwrap_or(SmeltUnknown::Null), smelt_tuple_values.get(1).cloned().unwrap_or(SmeltUnknown::Null)) }) }
      |

warning: unnecessary parentheses around block return value
     --> src/main.rs:16941:116
      |
16941 |     let mut _smelt_tmp_1 = ::std::rc::Rc::new(::std::cell::RefCell::new(|arg0: SmeltUnknown, arg1: SmeltUnknown| { (arg0 > arg1) }));
      |                                                                                                                    ^           ^
      |
help: remove these parentheses
      |
16941 -     let mut _smelt_tmp_1 = ::std::rc::Rc::new(::std::cell::RefCell::new(|arg0: SmeltUnknown, arg1: SmeltUnknown| { (arg0 > arg1) }));
16941 +     let mut _smelt_tmp_1 = ::std::rc::Rc::new(::std::cell::RefCell::new(|arg0: SmeltUnknown, arg1: SmeltUnknown| { arg0 > arg1 }));
      |

warning: unnecessary parentheses around block return value
     --> src/main.rs:16942:116
      |
16942 |     let mut _smelt_tmp_2 = ::std::rc::Rc::new(::std::cell::RefCell::new(|arg0: SmeltUnknown, arg1: SmeltUnknown| { (arg0 < arg1) }));
      |                                                                                                                    ^           ^
      |
help: remove these parentheses
      |
16942 -     let mut _smelt_tmp_2 = ::std::rc::Rc::new(::std::cell::RefCell::new(|arg0: SmeltUnknown, arg1: SmeltUnknown| { (arg0 < arg1) }));
16942 +     let mut _smelt_tmp_2 = ::std::rc::Rc::new(::std::cell::RefCell::new(|arg0: SmeltUnknown, arg1: SmeltUnknown| { arg0 < arg1 }));
      |

warning: unreachable statement
   --> src/main.rs:449:5
    |
448 |     return Ok(result.clone());
    |     ------------------------- any code following this expression is unreachable
449 |     return Ok(Vec::new());
    |     ^^^^^^^^^^^^^^^^^^^^^^ unreachable statement
    |
    = note: `#[warn(unreachable_code)]` (part of `#[warn(unused)]`) on by default

warning: unreachable statement
   --> src/main.rs:955:5
    |
954 |     panic!("unstructured recursive control flow is not emitted yet");
    |     ---------------------------------------------------------------- any code following this expression is unreachable
955 |     return Default::default();
    |     ^^^^^^^^^^^^^^^^^^^^^^^^^^ unreachable statement

warning: unreachable statement
    --> src/main.rs:1388:5
     |
1387 |     panic!("unstructured recursive control flow is not emitted yet");
     |     ---------------------------------------------------------------- any code following this expression is unreachable
1388 |     return Default::default();
     |     ^^^^^^^^^^^^^^^^^^^^^^^^^^ unreachable statement

error[E0057]: this function takes 3 arguments but 2 arguments were supplied
    --> src/main.rs:1415:33
     |
1415 |     move |arg0: SmeltUnknown| { implementation(arg0.clone(), args.clone()) }
     |                                 ^^^^^^^^^^^^^^               ------------ argument #2 of type `SmeltUnknown` is missing
     |
help: provide the argument
     |
1415 |     move |arg0: SmeltUnknown| { implementation(arg0.clone(), /* SmeltUnknown */, args.clone()) }
     |                                                              +++++++++++++++++++

warning: unreachable statement
    --> src/main.rs:1812:5
     |
1811 |     panic!("unstructured recursive control flow is not emitted yet");
     |     ---------------------------------------------------------------- any code following this expression is unreachable
1812 |     return Ok(Default::default());
     |     ^^^^^^^^^^^^^^^^^^^^^^^^^^^^^^ unreachable statement

warning: unreachable statement
    --> src/main.rs:1922:5
     |
1921 |     return out.clone().into_iter().map(|(ke...alue)).collect::<::std::collections::HashMap<_, _>>();
     |     ---------------------------------------...----------------------------------------------------- any code following this expression is unreachable
1922 |     return ::std::collections::HashMap::new();
     |     ^^^^^^^^^^^^^^^^^^^^^^^^^^^^^^^^^^^^^^^^^^ unreachable statement

error[E0609]: no field `is_single` on type `Option<Rc<RefCell<dyn FnMut(SmeltUnknown, f64, Vec<SmeltUnknown>) -> SmeltUnknown>>>`
    --> src/main.rs:2256:22
     |
2256 |     if match lazy_op.is_single.clone() { SmeltUnknown::Null => false, SmeltUnknown::Bool(value) => value, SmeltUnknown::Number(value) => ...
     |                      ^^^^^^^^^ unknown field

warning: unreachable statement
    --> src/main.rs:2475:5
     |
2474 |     return ::std::rc::Rc::new(::std::cell::RefCell::new(move |arg0, arg1, arg2| (_smelt_tmp_14.borrow_mut())(arg0)));
     |     ---------------------------------------------------------------------------------------------------------------- any code following this expression is unreachable
2475 |     return ::std::rc::Rc::new(::std::cell::RefCell::new(move |arg0: SmeltUnknown, arg1: f64, arg2: Vec<SmeltUnknown>| Default::default()));
     |     ^^^^^^^^^^^^^^^^^^^^^^^^^^^^^^^^^^^^^^^^^^^^^^^^^^^^^^^^^^^^^^^^^^^^^^^^^^^^^^^^^^^^^^^^^^^^^^^^^^^^^^^^^^^^^^^^^^^^^^^^^^^^^^^^^^^^^^^ unreachable statement

error[E0057]: this function takes 3 arguments but 2 arguments were supplied
    --> src/main.rs:3564:38
     |
3564 | ... { func(arg0.drain(..).collect::<Vec<_>>(), ::std::rc::Rc::new(::std::cell::RefCell::new(move |arg0: SmeltUnknown, arg1: SmeltUnknown| 0.0))) }
     |       ^^^^-------------------------------------------------------------------------------------------------------------------------------------- argument #3 of type `SmeltUnknown` is missing
     |
help: provide the argument
     |
3564 |     move |arg0: Vec<SmeltUnknown>| { func(arg0.drain(..).collect::<Vec<_>>(), ::std::rc::Rc::new(::std::cell::RefCell::new(move |arg0: SmeltUnknown, arg1: SmeltUnknown| 0.0)), /* SmeltUnknown */) }
     |                                                                                                                                                                               ++++++++++++++++++++

warning: unreachable statement
    --> src/main.rs:4111:5
     |
4110 |     panic!("unstructured recursive control flow is not emitted yet");
     |     ---------------------------------------------------------------- any code following this expression is unreachable
4111 |     return Ok(Vec::new());
     |     ^^^^^^^^^^^^^^^^^^^^^^ unreachable statement

warning: unreachable statement
    --> src/main.rs:4762:5
     |
4761 |     panic!("unstructured recursive control flow is not emitted yet");
     |     ---------------------------------------------------------------- any code following this expression is unreachable
4762 |     return Vec::new();
     |     ^^^^^^^^^^^^^^^^^^ unreachable statement

warning: unreachable statement
    --> src/main.rs:5299:5
     |
5298 |     panic!("unstructured recursive control flow is not emitted yet");
     |     ---------------------------------------------------------------- any code following this expression is unreachable
5299 |     return Vec::new();
     |     ^^^^^^^^^^^^^^^^^^ unreachable statement

warning: unreachable statement
    --> src/main.rs:5646:5
     |
5645 |     panic!("unstructured recursive control flow is not emitted yet");
     |     ---------------------------------------------------------------- any code following this expression is unreachable
5646 |     return SmeltUnknown::Null;
     |     ^^^^^^^^^^^^^^^^^^^^^^^^^^ unreachable statement

warning: unreachable statement
    --> src/main.rs:6188:5
     |
6187 |     panic!("unstructured recursive control flow is not emitted yet");
     |     ---------------------------------------------------------------- any code following this expression is unreachable
6188 |     return None;
     |     ^^^^^^^^^^^^ unreachable statement

warning: unreachable statement
    --> src/main.rs:6680:5
     |
6679 |     panic!("unstructured recursive control flow is not emitted yet");
     |     ---------------------------------------------------------------- any code following this expression is unreachable
6680 |     return 0.0;
     |     ^^^^^^^^^^^ unreachable statement

warning: unreachable statement
    --> src/main.rs:6749:5
     |
6748 |     return Ok(Some(current_first.clone()));
     |     -------------------------------------- any code following this expression is unreachable
6749 |     return Ok(None);
     |     ^^^^^^^^^^^^^^^^ unreachable statement

warning: unreachable statement
    --> src/main.rs:6856:5
     |
6855 |     return data.clone();
     |     ------------------- any code following this expression is unreachable
6856 |     return Default::default();
     |     ^^^^^^^^^^^^^^^^^^^^^^^^^^ unreachable statement

warning: unreachable statement
    --> src/main.rs:6897:5
     |
6896 |     return result.clone();
     |     --------------------- any code following this expression is unreachable
6897 |     return Default::default();
     |     ^^^^^^^^^^^^^^^^^^^^^^^^^^ unreachable statement

warning: unreachable statement
    --> src/main.rs:7250:5
     |
7249 |     return output.clone();
     |     --------------------- any code following this expression is unreachable
7250 |     return ::std::collections::HashMap::new();
     |     ^^^^^^^^^^^^^^^^^^^^^^^^^^^^^^^^^^^^^^^^^^ unreachable statement

warning: unreachable statement
    --> src/main.rs:7311:5
     |
7310 |     return SmeltUnknown::Object(output.clone().into_iter().map(|(key, value)| (key, SmeltUnknown::Array(value))).collect());
     |     ----------------------------------------------------------------------------------------------------------------------- any code following this expression is unreachable
7311 |     return Default::default();
     |     ^^^^^^^^^^^^^^^^^^^^^^^^^^ unreachable statement

warning: unreachable statement
    --> src/main.rs:8250:5
     |
8249 |     panic!("unstructured recursive control flow is not emitted yet");
     |     ---------------------------------------------------------------- any code following this expression is unreachable
8250 |     return false;
     |     ^^^^^^^^^^^^^ unreachable statement

warning: unreachable statement
    --> src/main.rs:8661:5
     |
8660 |     panic!("unstructured recursive control flow is not emitted yet");
     |     ---------------------------------------------------------------- any code following this expression is unreachable
8661 |     return false;
     |     ^^^^^^^^^^^^^ unreachable statement

warning: unreachable statement
    --> src/main.rs:9110:5
     |
9109 |     panic!("unstructured recursive control flow is not emitted yet");
     |     ---------------------------------------------------------------- any code following this expression is unreachable
9110 |     return false;
     |     ^^^^^^^^^^^^^ unreachable statement

warning: unreachable statement
    --> src/main.rs:9612:5
     |
9611 |     panic!("unstructured recursive control flow is not emitted yet");
     |     ---------------------------------------------------------------- any code following this expression is unreachable
9612 |     return Ok(false);
     |     ^^^^^^^^^^^^^^^^^ unreachable statement

warning: unreachable statement
    --> src/main.rs:9659:5
     |
9658 |     return out.clone();
     |     ------------------ any code following this expression is unreachable
9659 |     return ::std::collections::HashMap::new();
     |     ^^^^^^^^^^^^^^^^^^^^^^^^^^^^^^^^^^^^^^^^^^ unreachable statement

warning: unreachable statement
    --> src/main.rs:9744:5
     |
9743 |     return ::std::rc::Rc::new(::std::cell::RefCell::new(move |arg0, arg1, arg2| (_smelt_tmp_14.borrow_mut())(arg0)));
     |     ---------------------------------------------------------------------------------------------------------------- any code following this expression is unreachable
9744 |     return ::std::rc::Rc::new(::std::cell::RefCell::new(move |arg0: SmeltUnknown, arg1: f64, arg2: Vec<SmeltUnknown>| Default::default()));
     |     ^^^^^^^^^^^^^^^^^^^^^^^^^^^^^^^^^^^^^^^^^^^^^^^^^^^^^^^^^^^^^^^^^^^^^^^^^^^^^^^^^^^^^^^^^^^^^^^^^^^^^^^^^^^^^^^^^^^^^^^^^^^^^^^^^^^^^^^ unreachable statement

warning: unreachable statement
    --> src/main.rs:9781:5
     |
9780 |     return result.clone();
     |     --------------------- any code following this expression is unreachable
9781 |     return ::std::collections::HashMap::new();
     |     ^^^^^^^^^^^^^^^^^^^^^^^^^^^^^^^^^^^^^^^^^^ unreachable statement

warning: unreachable statement
     --> src/main.rs:10782:5
      |
10781 |     panic!("unstructured recursive control flow is not emitted yet");
      |     ---------------------------------------------------------------- any code following this expression is unreachable
10782 |     return false;
      |     ^^^^^^^^^^^^^ unreachable statement

warning: unreachable statement
     --> src/main.rs:11383:5
      |
11382 |     panic!("unstructured recursive control flow is not emitted yet");
      |     ---------------------------------------------------------------- any code following this expression is unreachable
11383 |     return false;
      |     ^^^^^^^^^^^^^ unreachable statement

warning: unreachable statement
     --> src/main.rs:11786:5
      |
11785 |     panic!("unstructured recursive control flow is not emitted yet");
      |     ---------------------------------------------------------------- any code following this expression is unreachable
11786 |     return false;
      |     ^^^^^^^^^^^^^ unreachable statement

warning: unreachable statement
     --> src/main.rs:11920:5
      |
11919 |     return out.clone();
      |     ------------------ any code following this expression is unreachable
11920 |     return ::std::collections::HashMap::new();
      |     ^^^^^^^^^^^^^^^^^^^^^^^^^^^^^^^^^^^^^^^^^^ unreachable statement

warning: unreachable statement
     --> src/main.rs:11957:5
      |
11956 |     return out.clone();
      |     ------------------ any code following this expression is unreachable
11957 |     return ::std::collections::HashMap::new();
      |     ^^^^^^^^^^^^^^^^^^^^^^^^^^^^^^^^^^^^^^^^^^ unreachable statement

warning: unreachable statement
     --> src/main.rs:11993:5
      |
11992 |     return out.clone();
      |     ------------------ any code following this expression is unreachable
11993 |     return ::std::collections::HashMap::new();
      |     ^^^^^^^^^^^^^^^^^^^^^^^^^^^^^^^^^^^^^^^^^^ unreachable statement

warning: unreachable statement
     --> src/main.rs:12030:5
      |
12029 |     return SmeltUnknown::Number(out.clone() as f64);
      |     ----------------------------------------------- any code following this expression is unreachable
12030 |     return SmeltUnknown::Null;
      |     ^^^^^^^^^^^^^^^^^^^^^^^^^^ unreachable statement

warning: unreachable statement
     --> src/main.rs:12102:5
      |
12101 |     return _smelt_tmp_15.clone();
      |     ---------------------------- any code following this expression is unreachable
12102 |     return 0.0;
      |     ^^^^^^^^^^^ unreachable statement

warning: unreachable statement
     --> src/main.rs:12201:5
      |
12200 |     return SmeltUnknown::Object(out.clone());
      |     ---------------------------------------- any code following this expression is unreachable
12201 |     return SmeltUnknown::Null;
      |     ^^^^^^^^^^^^^^^^^^^^^^^^^^ unreachable statement

warning: unreachable statement
     --> src/main.rs:13000:5
      |
12999 |     return Ok(out.clone());
      |     ---------------------- any code following this expression is unreachable
13000 |     return Ok(::std::collections::HashMap::new());
      |     ^^^^^^^^^^^^^^^^^^^^^^^^^^^^^^^^^^^^^^^^^^^^^^ unreachable statement

warning: unreachable statement
     --> src/main.rs:13041:5
      |
13040 |     return out.clone();
      |     ------------------ any code following this expression is unreachable
13041 |     return ::std::collections::HashMap::new();
      |     ^^^^^^^^^^^^^^^^^^^^^^^^^^^^^^^^^^^^^^^^^^ unreachable statement

error[E0618]: expected function, found `SmeltUnknown`
     --> src/main.rs:13087:43
      |
13086 |     let mut func = func.clone();
      |         -------- `func` has type `SmeltUnknown`
13087 |     move |arg0: Vec<Vec<SmeltUnknown>>| { func(partial.clone(), arg0.clone()) }
      |                                           ^^^^-------------------------------
      |                                           |
      |                                           call expression requires function

error[E0618]: expected function, found `SmeltUnknown`
     --> src/main.rs:13096:43
      |
13094 |     let mut func = func.clone();
      |         -------- `func` has type `SmeltUnknown`
13095 |     let mut partial = partial.clone();
13096 |     move |arg0: Vec<Vec<SmeltUnknown>>| { func(arg0.clone(), partial.clone()) }
      |                                           ^^^^-------------------------------
      |                                           |
      |                                           call expression requires function

warning: unreachable statement
     --> src/main.rs:13146:5
      |
13145 |     return ret.clone();
      |     ------------------ any code following this expression is unreachable
13146 |     return (Vec::new(), Vec::new());
      |     ^^^^^^^^^^^^^^^^^^^^^^^^^^^^^^^^ unreachable statement

warning: unreachable statement
     --> src/main.rs:13186:5
      |
13185 |     return _smelt_tmp_12.clone();
      |     ---------------------------- any code following this expression is unreachable
13186 |     return SmeltUnknown::Null;
      |     ^^^^^^^^^^^^^^^^^^^^^^^^^^ unreachable statement

warning: unreachable statement
     --> src/main.rs:13218:5
      |
13217 |     return out.clone();
      |     ------------------ any code following this expression is unreachable
13218 |     return Default::default();
      |     ^^^^^^^^^^^^^^^^^^^^^^^^^^ unreachable statement

warning: unreachable statement
     --> src/main.rs:13258:5
      |
13257 |     return out.clone();
      |     ------------------ any code following this expression is unreachable
13258 |     return ::std::collections::HashMap::new();
      |     ^^^^^^^^^^^^^^^^^^^^^^^^^^^^^^^^^^^^^^^^^^ unreachable statement

warning: unreachable statement
     --> src/main.rs:13297:5
      |
13296 |     return SmeltUnknown::Number(out.clone() as f64);
      |     ----------------------------------------------- any code following this expression is unreachable
13297 |     return SmeltUnknown::Null;
      |     ^^^^^^^^^^^^^^^^^^^^^^^^^^ unreachable statement

error[E0061]: this function takes 2 arguments but 3 arguments were supplied
     --> src/main.rs:13309:41
      |
13309 |     move |arg0: Option<SmeltUnknown>| { prop_implementation(arg0.clone(), Default::default(), args.clone()) }
      |                                         ^^^^^^^^^^^^^^^^^^^                                   ------------ unexpected argument #3 of type `Vec<SmeltUnknown>`
      |
note: function defined here
     --> src/main.rs:13320:4
      |
13320 | fn prop_implementation(data: Option<SmeltUnknown>, keys: Vec<SmeltUnknown>) -> SmeltUnknown {
      |    ^^^^^^^^^^^^^^^^^^^
help: remove the extra argument
      |
13309 -     move |arg0: Option<SmeltUnknown>| { prop_implementation(arg0.clone(), Default::default(), args.clone()) }
13309 +     move |arg0: Option<SmeltUnknown>| { prop_implementation(arg0.clone(), Default::default()) }
      |

warning: unreachable statement
     --> src/main.rs:13778:5
      |
13777 |     panic!("unstructured recursive control flow is not emitted yet");
      |     ---------------------------------------------------------------- any code following this expression is unreachable
13778 |     return SmeltUnknown::Null;
      |     ^^^^^^^^^^^^^^^^^^^^^^^^^^ unreachable statement

warning: unreachable statement
     --> src/main.rs:13817:5
      |
13816 |     return result.clone();
      |     --------------------- any code following this expression is unreachable
13817 |     return ::std::collections::HashMap::new();
      |     ^^^^^^^^^^^^^^^^^^^^^^^^^^^^^^^^^^^^^^^^^^ unreachable statement

warning: unreachable statement
     --> src/main.rs:14144:5
      |
14143 |     panic!("unstructured recursive control flow is not emitted yet");
      |     ---------------------------------------------------------------- any code following this expression is unreachable
14144 |     return Ok(0);
      |     ^^^^^^^^^^^^^ unreachable statement

warning: unreachable statement
     --> src/main.rs:14166:5
      |
14165 |     return (result.clone().trunc() as i64);
      |     -------------------------------------- any code following this expression is unreachable
14166 |     return 0;
      |     ^^^^^^^^^ unreachable statement

warning: unreachable statement
     --> src/main.rs:14188:5
      |
14187 |     return SmeltUnknown::Array(output.clone().into_iter().map(|value| SmeltUnknown::Number(value as f64)).collect());
      |     ---------------------------------------------------------------------------------------------------------------- any code following this expression is unreachable
14188 |     return Default::default();
      |     ^^^^^^^^^^^^^^^^^^^^^^^^^^ unreachable statement

warning: unreachable statement
     --> src/main.rs:14266:5
      |
14265 |     return _smelt_tmp_13.clone();
      |     ---------------------------- any code following this expression is unreachable
14266 |     return String::new();
      |     ^^^^^^^^^^^^^^^^^^^^^ unreachable statement

warning: unreachable statement
     --> src/main.rs:14385:5
      |
14384 |     return rank.clone();
      |     ------------------- any code following this expression is unreachable
14385 |     return 0.0;
      |     ^^^^^^^^^^^ unreachable statement

warning: unreachable statement
     --> src/main.rs:14503:5
      |
14494 |     return _smelt_tmp_24.clone();
      |     ---------------------------- any code following this expression is unreachable
...
14503 |     return Vec::new();
      |     ^^^^^^^^^^^^^^^^^^ unreachable statement

error[E0606]: casting `&usize` as `f64` is invalid
     --> src/main.rs:14500:90
      |
14500 |     _smelt_tmp_26 = data.clone().iter().enumerate().filter(|(index, item)| { let index = index as f64; !(sample_indices.iter().any(|value...
      |                                                                                          ^^^^^^^^^^^^
      |
help: dereference the expression
      |
14500 |     _smelt_tmp_26 = data.clone().iter().enumerate().filter(|(index, item)| { let index = *index as f64; !(sample_indices.iter().any(|value| *value == (index as f64))) }).map(|(_, item)| item.clone()).collect::<Vec<_>>();
      |                                                                                          +

error[E0605]: non-primitive cast: `SmeltUnknown` as `i64`
     --> src/main.rs:14561:62
      |
14561 | ...= { let len = copy.len() as i64; let index = pivot.clone() as i64; let normalized = if index < 0 { len + index } else { index }; usize...
      |                                                 ^^^^^^^^^^^^^^^^^^^^ an `as` expression can be used to convert enum types to numeric types only if the enum type is unit-only or field-less
      |
      = note: see https://doc.rust-lang.org/reference/items/enumerations.html#casting for more information

warning: unreachable statement
     --> src/main.rs:14617:5
      |
14616 |     return result.clone();
      |     --------------------- any code following this expression is unreachable
14617 |     return Vec::new();
      |     ^^^^^^^^^^^^^^^^^^ unreachable statement

error[E0271]: expected `{closure@main.rs:14627:5}` to return `SmeltUnknown`, but it returns `String`
     --> src/main.rs:14627:27
      |
14627 |     move |arg0: String| { arg0.chars().skip((if let SmeltUnknown...mber") } as i64)).max(0) as usize).collect::<String>() }
      |     -------------------   ^^^^^^^^^^^^^^^^^^^^^^^^^^^^^^^^^^^^^^...^^^^^^^^^^^^^^^^^^^^^^^^^^^^^^^^^^^^^^^^^^^^^^^^^^^^^^ expected `SmeltUnknown`, found `String`
      |     |
      |     this closure
      |
      = note: required for the cast from `Rc<RefCell<{closure@src/main.rs:14627:5: 14627:24}>>` to `Rc<RefCell<dyn FnMut(String) -> SmeltUnknown>>`

warning: unreachable statement
     --> src/main.rs:14691:5
      |
14690 |     return high_index.clone();
      |     ------------------------- any code following this expression is unreachable
14691 |     return 0.0;
      |     ^^^^^^^^^^^ unreachable statement

warning: unreachable statement
     --> src/main.rs:15011:5
      |
15010 |     return sum.clone();
      |     ------------------ any code following this expression is unreachable
15011 |     return Default::default();
      |     ^^^^^^^^^^^^^^^^^^^^^^^^^^ unreachable statement

warning: unreachable statement
     --> src/main.rs:15456:5
      |
15455 |     panic!("unstructured recursive control flow is not emitted yet");
      |     ---------------------------------------------------------------- any code following this expression is unreachable
15456 |     return Ok(Vec::new());
      |     ^^^^^^^^^^^^^^^^^^^^^^ unreachable statement

warning: unreachable statement
     --> src/main.rs:16065:5
      |
16064 |     panic!("unstructured recursive control flow is not emitted yet");
      |     ---------------------------------------------------------------- any code following this expression is unreachable
16065 |     return Vec::new();
      |     ^^^^^^^^^^^^^^^^^^ unreachable statement

warning: unreachable statement
     --> src/main.rs:16106:5
      |
16105 |     return ret.clone();
      |     ------------------ any code following this expression is unreachable
16106 |     return Vec::new();
      |     ^^^^^^^^^^^^^^^^^^ unreachable statement

warning: unreachable statement
     --> src/main.rs:16168:5
      |
16167 |     return res.clone();
      |     ------------------ any code following this expression is unreachable
16168 |     return Vec::new();
      |     ^^^^^^^^^^^^^^^^^^ unreachable statement

warning: unreachable statement
     --> src/main.rs:16267:5
      |
16266 |     return SmeltUnknown::Array(results.clone().into_iter().map(|value| SmeltUnknown::String(value)).collect());
      |     ---------------------------------------------------------------------------------------------------------- any code following this expression is unreachable
16267 |     return Default::default();
      |     ^^^^^^^^^^^^^^^^^^^^^^^^^^ unreachable statement

warning: unreachable statement
     --> src/main.rs:16552:5
      |
16551 |     return _smelt_tmp_39.clone();
      |     ---------------------------- any code following this expression is unreachable
16552 |     return String::new();
      |     ^^^^^^^^^^^^^^^^^^^^^ unreachable statement

error[E0061]: this function takes 4 arguments but 3 arguments were supplied
     --> src/main.rs:16659:58
      |
16659 |     move |arg0: SmeltUnknown, arg1: Vec<SmeltUnknown>| { when_implementation(arg0, args.clone(), arg1.clone()) }
      |                                                          ^^^^^^^^^^^^^^^^^^^       --------------------------
      |                                                                                    |             |
      |                                                                                    |             unexpected argument #3 of type `Vec<SmeltUnknown>`
      |                                                                                    two arguments of type `&mut dyn FnMut(SmeltUnknown, Vec<SmeltUnknown>) -> bool` and `SmeltUnknown` are missing
      |
note: function defined here
     --> src/main.rs:16671:4
      |
16671 | fn when_implementation(data: SmeltUnknown, mut predicate: &mut dyn FnMut(SmeltUnknown, Vec<SmeltUnknown>) -> bool, mut on_true_or_branches: SmeltUnknown, e...
      |    ^^^^^^^^^^^^^^^^^^^                     ----------------------------------------------------------------------  -------------------------------------
help: did you mean
      |
16659 -     move |arg0: SmeltUnknown, arg1: Vec<SmeltUnknown>| { when_implementation(arg0, args.clone(), arg1.clone()) }
16659 +     move |arg0: SmeltUnknown, arg1: Vec<SmeltUnknown>| { when_implementation(arg0, /* &mut dyn FnMut(SmeltUnknown, Vec<SmeltUnknown>) -> bool */, /* SmeltUnknown */, args.clone()) }
      |

warning: variable does not need to be mutable
   --> src/main.rs:128:24
    |
128 | fn lazy_data_last_impl(mut fn_: &mut dyn FnMut(Vec<SmeltUnknown>) -> SmeltUnknown, args: Vec<SmeltUnknown>, mut lazy: Option<::std::rc::R...
    |                        ----^^^
    |                        |
    |                        help: remove this `mut`
    |
    = note: `#[warn(unused_mut)]` (part of `#[warn(unused)]`) on by default

warning: variable does not need to be mutable
   --> src/main.rs:128:109
    |
128 | ...tUnknown>) -> SmeltUnknown, args: Vec<SmeltUnknown>, mut lazy: Option<::std::rc::Rc<::std::cell::RefCell<dyn FnMut(Vec<SmeltUnknown>) ...
    |                                                         ----^^^^
    |                                                         |
    |                                                         help: remove this `mut`

warning: variable does not need to be mutable
   --> src/main.rs:132:9
    |
132 |     let mut args = args.clone();
    |         ----^^^^
    |         |
    |         help: remove this `mut`

warning: variable does not need to be mutable
   --> src/main.rs:140:9
    |
140 |     let mut data_last = ::std::rc::Rc::new(::std::cell::RefCell::new(move |arg0| (_smelt_tmp_4.borrow_mut())(arg0)));
    |         ----^^^^^^^^^
    |         |
    |         help: remove this `mut`

warning: variable does not need to be mutable
   --> src/main.rs:152:97
    |
152 | fn purry_1(mut fn_: &mut dyn FnMut(Vec<SmeltUnknown>) -> SmeltUnknown, args: Vec<SmeltUnknown>, mut lazy: Option<::std::rc::Rc<::std::cel...
    |                                                                                                 ----^^^^
    |                                                                                                 |
    |                                                                                                 help: remove this `mut`

warning: variable does not need to be mutable
   --> src/main.rs:214:9
    |
214 |     let mut data = data.clone();
    |         ----^^^^
    |         |
    |         help: remove this `mut`

warning: variable does not need to be mutable
   --> src/main.rs:232:9
    |
232 |     let mut data = data.clone();
    |         ----^^^^
    |         |
    |         help: remove this `mut`

warning: value assigned to `shifted_exponent` is never read
   --> src/main.rs:258:37
    |
258 |     let mut shifted_exponent: f64 = 0.0;
    |                                     ^^^
    |
    = help: maybe it is overwritten before being read?
    = note: `#[warn(unused_assignments)]` (part of `#[warn(unused)]`) on by default

warning: value assigned to `shifted_value_as_string` is never read
   --> src/main.rs:259:47
    |
259 |     let mut shifted_value_as_string: String = String::new();
    |                                               ^^^^^^^^^^^^^
    |
    = help: maybe it is overwritten before being read?

warning: variable does not need to be mutable
   --> src/main.rs:292:19
    |
292 | fn with_precision(mut rounding_fn: &mut dyn FnMut(f64) -> f64) -> ::std::rc::Rc<::std::cell::RefCell<dyn FnMut(f64, f64) -> f64>> {
    |                   ----^^^^^^^^^^^
    |                   |
    |                   help: remove this `mut`

error: lifetime may not live long enough
   --> src/main.rs:351:12
    |
292 | fn with_precision(mut rounding_fn: &mut dyn FnMut(f64) -> f64) -> ::std::rc::Rc<::std::cell::RefCell<dyn FnMut(f64, f64) -> f64>> {
    |                                    - let's call the lifetime of this reference `'1`
...
351 |     return _smelt_tmp_1.clone();
    |            ^^^^^^^^^^^^^^^^^^^^ returning this value requires that `'1` must outlive `'static`
    |
    = note: requirement occurs because of the type `RefCell<dyn FnMut(f64, f64) -> f64>`, which makes the generic argument `dyn FnMut(f64, f64) -> f64` invariant
    = note: the struct `RefCell<T>` is invariant over the parameter `T`
    = help: see <https://doc.rust-lang.org/nomicon/subtyping.html> for more information about variance
help: to declare that the trait object captures data from argument `rounding_fn`, you can add an explicit `'_` lifetime bound
    |
292 | fn with_precision(mut rounding_fn: &mut dyn FnMut(f64) -> f64) -> ::std::rc::Rc<::std::cell::RefCell<dyn FnMut(f64, f64) -> f64 + '_>> {
    |                                                                                                                                 ++++

warning: value assigned to `shifted_value` is never read
   --> src/main.rs:294:34
    |
294 |     let mut shifted_value: f64 = 0.0;
    |                                  ^^^
    |
    = help: maybe it is overwritten before being read?

warning: value assigned to `rounded` is never read
   --> src/main.rs:295:28
    |
295 |     let mut rounded: f64 = 0.0;
    |                            ^^^
    |
    = help: maybe it is overwritten before being read?

warning: variable does not need to be mutable
   --> src/main.rs:377:9
    |
377 |     let mut index: i64 = 0;
    |         ----^^^^^
    |         |
    |         help: remove this `mut`

warning: variable does not need to be mutable
   --> src/main.rs:378:9
    |
378 |     let mut item: SmeltUnknown = Default::default();
    |         ----^^^^
    |         |
    |         help: remove this `mut`

warning: value assigned to `chunks` is never read
   --> src/main.rs:374:27
    |
374 |     let mut chunks: f64 = 0.0;
    |                           ^^^
    |
    = help: maybe it is overwritten before being read?

warning: value assigned to `result` is never read
   --> src/main.rs:375:46
    |
375 |     let mut result: Vec<Vec<SmeltUnknown>> = Vec::new();
    |                                              ^^^^^^^^^^
    |
    = help: maybe it is overwritten before being read?

warning: value assigned to `start` is never read
   --> src/main.rs:380:26
    |
380 |     let mut start: f64 = 0.0;
    |                          ^^^
    |
    = help: maybe it is overwritten before being read?

warning: variable does not need to be mutable
   --> src/main.rs:494:46
    |
494 | fn clone_implementation(value: SmeltUnknown, mut ref_from: Vec<SmeltUnknown>, ref_to: Vec<SmeltUnknown>) -> SmeltUnknown {
    |                                              ----^^^^^^^^
    |                                              |
    |                                              help: remove this `mut`

warning: value assigned to `prototype` is never read
   --> src/main.rs:495:39
    |
495 |     let mut prototype: SmeltUnknown = SmeltUnknown::Null;
    |                                       ^^^^^^^^^^^^^^^^^^
    |
    = help: maybe it is overwritten before being read?

warning: value assigned to `idx` is never read
   --> src/main.rs:496:24
    |
496 |     let mut idx: f64 = 0.0;
    |                        ^^^
    |
    = help: maybe it is overwritten before being read?

warning: variable does not need to be mutable
   --> src/main.rs:557:72
    |
557 | fn deep_clone_object(value: SmeltUnknown, ref_from: Vec<SmeltUnknown>, mut ref_to: Vec<SmeltUnknown>) -> SmeltUnknown {
    |                                                                        ----^^^^^^
    |                                                                        |
    |                                                                        help: remove this `mut`

warning: value assigned to `k` is never read
   --> src/main.rs:559:25
    |
559 |     let mut k: String = String::new();
    |                         ^^^^^^^^^^^^^
    |
    = help: maybe it is overwritten before being read?

warning: value assigned to `v` is never read
   --> src/main.rs:560:31
    |
560 |     let mut v: SmeltUnknown = SmeltUnknown::Null;
    |                               ^^^^^^^^^^^^^^^^^^
    |
    = help: maybe it is overwritten before being read?

warning: variable does not need to be mutable
   --> src/main.rs:958:71
    |
958 | fn deep_clone_array(value: SmeltUnknown, ref_from: Vec<SmeltUnknown>, mut ref_to: Vec<SmeltUnknown>) -> SmeltUnknown {
    |                                                                       ----^^^^^^
    |                                                                       |
    |                                                                       help: remove this `mut`

warning: value assigned to `index` is never read
   --> src/main.rs:960:26
    |
960 |     let mut index: i64 = 0;
    |                          ^
    |
    = help: maybe it is overwritten before being read?

warning: value assigned to `item` is never read
   --> src/main.rs:961:34
    |
961 |     let mut item: SmeltUnknown = SmeltUnknown::Null;
    |                                  ^^^^^^^^^^^^^^^^^^
    |
    = help: maybe it is overwritten before being read?

warning: variable does not need to be mutable
    --> src/main.rs:1439:51
     |
1439 | fn conditional_implementation(data: SmeltUnknown, mut cases: Vec<SmeltUnknown>) -> Result<SmeltUnknown, Box<dyn std::error::Error>> {
     |                                                   ----^^^^^
     |                                                   |
     |                                                   help: remove this `mut`

warning: value assigned to `current` is never read
    --> src/main.rs:1804:5
     |
1804 |     current = cases.get({ let len = cases.len() as i64; let index = _smelt_tmp_5.clone() as i64; let normalized = if index < 0 { len + in...
     |     ^^^^^^^
     |
     = help: maybe it is overwritten before being read?

warning: value assigned to `current` is never read
    --> src/main.rs:1790:5
     |
1790 |     current = cases.get({ let len = cases.len() as i64; let index = _smelt_tmp_5.clone() as i64; let normalized = if index < 0 { len + in...
     |     ^^^^^^^
     |
     = help: maybe it is overwritten before being read?

warning: value assigned to `current` is never read
    --> src/main.rs:1776:5
     |
1776 |     current = cases.get({ let len = cases.len() as i64; let index = _smelt_tmp_5.clone() as i64; let normalized = if index < 0 { len + in...
     |     ^^^^^^^
     |
     = help: maybe it is overwritten before being read?

warning: value assigned to `current` is never read
    --> src/main.rs:1762:5
     |
1762 |     current = cases.get({ let len = cases.len() as i64; let index = _smelt_tmp_5.clone() as i64; let normalized = if index < 0 { len + in...
     |     ^^^^^^^
     |
     = help: maybe it is overwritten before being read?

warning: value assigned to `current` is never read
    --> src/main.rs:1748:5
     |
1748 |     current = cases.get({ let len = cases.len() as i64; let index = _smelt_tmp_5.clone() as i64; let normalized = if index < 0 { len + in...
     |     ^^^^^^^
     |
     = help: maybe it is overwritten before being read?

warning: value assigned to `current` is never read
    --> src/main.rs:1734:5
     |
1734 |     current = cases.get({ let len = cases.len() as i64; let index = _smelt_tmp_5.clone() as i64; let normalized = if index < 0 { len + in...
     |     ^^^^^^^
     |
     = help: maybe it is overwritten before being read?

warning: value assigned to `current` is never read
    --> src/main.rs:1720:5
     |
1720 |     current = cases.get({ let len = cases.len() as i64; let index = _smelt_tmp_5.clone() as i64; let normalized = if index < 0 { len + in...
     |     ^^^^^^^
     |
     = help: maybe it is overwritten before being read?

warning: value assigned to `current` is never read
    --> src/main.rs:1706:5
     |
1706 |     current = cases.get({ let len = cases.len() as i64; let index = _smelt_tmp_5.clone() as i64; let normalized = if index < 0 { len + in...
     |     ^^^^^^^
     |
     = help: maybe it is overwritten before being read?

warning: value assigned to `current` is never read
    --> src/main.rs:1692:5
     |
1692 |     current = cases.get({ let len = cases.len() as i64; let index = _smelt_tmp_5.clone() as i64; let normalized = if index < 0 { len + in...
     |     ^^^^^^^
     |
     = help: maybe it is overwritten before being read?

warning: value assigned to `current` is never read
    --> src/main.rs:1678:5
     |
1678 |     current = cases.get({ let len = cases.len() as i64; let index = _smelt_tmp_5.clone() as i64; let normalized = if index < 0 { len + in...
     |     ^^^^^^^
     |
     = help: maybe it is overwritten before being read?

warning: value assigned to `current` is never read
    --> src/main.rs:1664:5
     |
1664 |     current = cases.get({ let len = cases.len() as i64; let index = _smelt_tmp_5.clone() as i64; let normalized = if index < 0 { len + in...
     |     ^^^^^^^
     |
     = help: maybe it is overwritten before being read?

warning: value assigned to `current` is never read
    --> src/main.rs:1650:5
     |
1650 |     current = cases.get({ let len = cases.len() as i64; let index = _smelt_tmp_5.clone() as i64; let normalized = if index < 0 { len + in...
     |     ^^^^^^^
     |
     = help: maybe it is overwritten before being read?

warning: value assigned to `current` is never read
    --> src/main.rs:1636:5
     |
1636 |     current = cases.get({ let len = cases.len() as i64; let index = _smelt_tmp_5.clone() as i64; let normalized = if index < 0 { len + in...
     |     ^^^^^^^
     |
     = help: maybe it is overwritten before being read?

warning: value assigned to `current` is never read
    --> src/main.rs:1622:5
     |
1622 |     current = cases.get({ let len = cases.len() as i64; let index = _smelt_tmp_5.clone() as i64; let normalized = if index < 0 { len + in...
     |     ^^^^^^^
     |
     = help: maybe it is overwritten before being read?

warning: value assigned to `current` is never read
    --> src/main.rs:1608:5
     |
1608 |     current = cases.get({ let len = cases.len() as i64; let index = _smelt_tmp_5.clone() as i64; let normalized = if index < 0 { len + in...
     |     ^^^^^^^
     |
     = help: maybe it is overwritten before being read?

warning: value assigned to `current` is never read
    --> src/main.rs:1594:5
     |
1594 |     current = cases.get({ let len = cases.len() as i64; let index = _smelt_tmp_5.clone() as i64; let normalized = if index < 0 { len + in...
     |     ^^^^^^^
     |
     = help: maybe it is overwritten before being read?

warning: value assigned to `current` is never read
    --> src/main.rs:1580:5
     |
1580 |     current = cases.get({ let len = cases.len() as i64; let index = _smelt_tmp_5.clone() as i64; let normalized = if index < 0 { len + in...
     |     ^^^^^^^
     |
     = help: maybe it is overwritten before being read?

warning: value assigned to `current` is never read
    --> src/main.rs:1566:5
     |
1566 |     current = cases.get({ let len = cases.len() as i64; let index = _smelt_tmp_5.clone() as i64; let normalized = if index < 0 { len + in...
     |     ^^^^^^^
     |
     = help: maybe it is overwritten before being read?

warning: value assigned to `current` is never read
    --> src/main.rs:1552:5
     |
1552 |     current = cases.get({ let len = cases.len() as i64; let index = _smelt_tmp_5.clone() as i64; let normalized = if index < 0 { len + in...
     |     ^^^^^^^
     |
     = help: maybe it is overwritten before being read?

warning: value assigned to `current` is never read
    --> src/main.rs:1538:5
     |
1538 |     current = cases.get({ let len = cases.len() as i64; let index = _smelt_tmp_5.clone() as i64; let normalized = if index < 0 { len + in...
     |     ^^^^^^^
     |
     = help: maybe it is overwritten before being read?

warning: value assigned to `current` is never read
    --> src/main.rs:1524:5
     |
1524 |     current = cases.get({ let len = cases.len() as i64; let index = _smelt_tmp_5.clone() as i64; let normalized = if index < 0 { len + in...
     |     ^^^^^^^
     |
     = help: maybe it is overwritten before being read?

warning: value assigned to `current` is never read
    --> src/main.rs:1510:5
     |
1510 |     current = cases.get({ let len = cases.len() as i64; let index = _smelt_tmp_5.clone() as i64; let normalized = if index < 0 { len + in...
     |     ^^^^^^^
     |
     = help: maybe it is overwritten before being read?

warning: value assigned to `current` is never read
    --> src/main.rs:1496:5
     |
1496 |     current = cases.get({ let len = cases.len() as i64; let index = _smelt_tmp_5.clone() as i64; let normalized = if index < 0 { len + in...
     |     ^^^^^^^
     |
     = help: maybe it is overwritten before being read?

warning: value assigned to `current` is never read
    --> src/main.rs:1482:5
     |
1482 |     current = cases.get({ let len = cases.len() as i64; let index = _smelt_tmp_5.clone() as i64; let normalized = if index < 0 { len + in...
     |     ^^^^^^^
     |
     = help: maybe it is overwritten before being read?

warning: value assigned to `current` is never read
    --> src/main.rs:1468:5
     |
1468 |     current = cases.get({ let len = cases.len() as i64; let index = _smelt_tmp_5.clone() as i64; let normalized = if index < 0 { len + in...
     |     ^^^^^^^
     |
     = help: maybe it is overwritten before being read?

warning: value assigned to `current` is never read
    --> src/main.rs:1454:5
     |
1454 |     current = cases.get({ let len = cases.len() as i64; let index = _smelt_tmp_5.clone() as i64; let normalized = if index < 0 { len + in...
     |     ^^^^^^^
     |
     = help: maybe it is overwritten before being read?

warning: value assigned to `when` is never read
    --> src/main.rs:1441:90
     |
1441 | ...t(SmeltUnknown) -> bool>> = ::std::rc::Rc::new(::std::cell::RefCell::new(move |arg0: SmeltUnknown| false));
     |                                ^^^^^^^^^^^^^^^^^^^^^^^^^^^^^^^^^^^^^^^^^^^^^^^^^^^^^^^^^^^^^^^^^^^^^^^^^^^^^^
     |
     = help: maybe it is overwritten before being read?

warning: value assigned to `then` is never read
    --> src/main.rs:1442:98
     |
1442 | ... -> SmeltUnknown>> = ::std::rc::Rc::new(::std::cell::RefCell::new(move |arg0: SmeltUnknown| Default::default()));
     |                         ^^^^^^^^^^^^^^^^^^^^^^^^^^^^^^^^^^^^^^^^^^^^^^^^^^^^^^^^^^^^^^^^^^^^^^^^^^^^^^^^^^^^^^^^^^^
     |
     = help: maybe it is overwritten before being read?

warning: value assigned to `then` is never read
    --> src/main.rs:1806:5
     |
1806 |     then = ::std::rc::Rc::new(::std::cell::RefCell::new(move |arg0: SmeltUnknown| Default::default()));
     |     ^^^^
     |
     = help: maybe it is overwritten before being read?

warning: value assigned to `when` is never read
    --> src/main.rs:1837:5
     |
1837 |     when = _smelt_tmp_6.get({ let len = _smelt_tmp_6.len() as i64; let index = 0.0 as i64; let normalized = if index < 0 { len + index } ...
     |     ^^^^
     |
     = help: maybe it is overwritten before being read?

warning: value assigned to `then` is never read
    --> src/main.rs:1838:5
     |
1838 |     then = _smelt_tmp_6.get({ let len = _smelt_tmp_6.len() as i64; let index = 1.0 as i64; let normalized = if index < 0 { len + index } ...
     |     ^^^^
     |
     = help: maybe it is overwritten before being read?

warning: value assigned to `rest` is never read
    --> src/main.rs:1818:39
     |
1818 |     let mut rest: Vec<SmeltUnknown> = Vec::new();
     |                                       ^^^^^^^^^^
     |
     = help: maybe it is overwritten before being read?

warning: variable does not need to be mutable
    --> src/main.rs:1857:9
     |
1857 |     let mut value = value.clone();
     |         ----^^^^^
     |         |
     |         help: remove this `mut`

warning: variable does not need to be mutable
    --> src/main.rs:1866:108
     |
1866 | ...ell::RefCell::new(|closure_arg_0: Vec<SmeltUnknown>, mut closure_arg_1: ::std::rc::Rc<::std::cell::RefCell<dyn FnMut(SmeltUnknown, f64...
     |                                                         ----^^^^^^^^^^^^^
     |                                                         |
     |                                                         help: remove this `mut`

warning: variable does not need to be mutable
    --> src/main.rs:1874:53
     |
1874 | fn count_by_implementation(data: Vec<SmeltUnknown>, mut categorization_fn: &mut dyn FnMut(SmeltUnknown, f64, Vec<SmeltUnknown>) -> Option...
     |                                                     ----^^^^^^^^^^^^^^^^^
     |                                                     |
     |                                                     help: remove this `mut`

warning: variable does not need to be mutable
    --> src/main.rs:1891:9
     |
1891 |     let mut out: ::std::collections::HashMap<SmeltUnknown, f64> = _smelt_tmp_8.clone();
     |         ----^^^
     |         |
     |         help: remove this `mut`

warning: value assigned to `index` is never read
    --> src/main.rs:1876:26
     |
1876 |     let mut index: i64 = 0;
     |                          ^
     |
     = help: maybe it is overwritten before being read?

warning: value assigned to `item` is never read
    --> src/main.rs:1877:34
     |
1877 |     let mut item: SmeltUnknown = Default::default();
     |                                  ^^^^^^^^^^^^^^^^^^
     |
     = help: maybe it is overwritten before being read?

warning: value assigned to `category` is never read
    --> src/main.rs:1878:46
     |
1878 |     let mut category: Option<SmeltUnknown> = None;
     |                                              ^^^^
     |
     = help: maybe it is overwritten before being read?

warning: value assigned to `count` is never read
    --> src/main.rs:1879:34
     |
1879 |     let mut count: Option<f64> = None;
     |                                  ^^^^
     |
     = help: maybe it is overwritten before being read?

warning: variable does not need to be mutable
    --> src/main.rs:1985:9
     |
1985 |     let mut max_wait_timeout_id: Option<SmeltUnknown> = None;
     |         ----^^^^^^^^^^^^^^^^^^^
     |         |
     |         help: remove this `mut`

warning: variable does not need to be mutable
    --> src/main.rs:1991:9
     |
1991 |     let mut latest_call_args: Option<Vec<SmeltUnknown>> = None;
     |         ----^^^^^^^^^^^^^^^^
     |         |
     |         help: remove this `mut`

warning: variable does not need to be mutable
    --> src/main.rs:1994:9
     |
1994 |     let mut result: Option<SmeltUnknown> = Some(_smelt_tmp_9.clone());
     |         ----^^^^^^
     |         |
     |         help: remove this `mut`

warning: variable does not need to be mutable
    --> src/main.rs:2003:9
     |
2003 |     let mut latest_call_args: Option<Vec<SmeltUnknown>> = None;
     |         ----^^^^^^^^^^^^^^^^
     |         |
     |         help: remove this `mut`

warning: variable does not need to be mutable
    --> src/main.rs:2006:9
     |
2006 |     let mut result: Option<SmeltUnknown> = Some(_smelt_tmp_9.clone());
     |         ----^^^^^^
     |         |
     |         help: remove this `mut`

warning: variable does not need to be mutable
    --> src/main.rs:2027:9
     |
2027 |     let mut cool_down_timeout_id: Option<SmeltUnknown> = None;
     |         ----^^^^^^^^^^^^^^^^^^^^
     |         |
     |         help: remove this `mut`

warning: variable does not need to be mutable
    --> src/main.rs:2045:9
     |
2045 |     let mut latest_call_args: Option<Vec<SmeltUnknown>> = Some(closure_arg_0.clone());
     |         ----^^^^^^^^^^^^^^^^
     |         |
     |         help: remove this `mut`

warning: variable does not need to be mutable
    --> src/main.rs:2051:9
     |
2051 |     let mut max_wait_timeout_id: Option<SmeltUnknown> = None;
     |         ----^^^^^^^^^^^^^^^^^^^
     |         |
     |         help: remove this `mut`

warning: variable does not need to be mutable
    --> src/main.rs:2081:9
     |
2081 |     let mut cool_down_timeout_id: Option<SmeltUnknown> = None;
     |         ----^^^^^^^^^^^^^^^^^^^^
     |         |
     |         help: remove this `mut`

warning: variable does not need to be mutable
    --> src/main.rs:2086:9
     |
2086 |     let mut result: Option<SmeltUnknown> = Some(_smelt_tmp_15.clone());
     |         ----^^^^^^
     |         |
     |         help: remove this `mut`

warning: variable does not need to be mutable
    --> src/main.rs:2087:9
     |
2087 |     let mut cool_down_timeout_id: Option<SmeltUnknown> = None;
     |         ----^^^^^^^^^^^^^^^^^^^^
     |         |
     |         help: remove this `mut`

warning: variable does not need to be mutable
    --> src/main.rs:2120:9
     |
2120 |     let mut cool_down_timeout_id: Option<SmeltUnknown> = None;
     |         ----^^^^^^^^^^^^^^^^^^^^
     |         |
     |         help: remove this `mut`

warning: variable does not need to be mutable
    --> src/main.rs:2124:9
     |
2124 |     let mut max_wait_timeout_id: Option<SmeltUnknown> = None;
     |         ----^^^^^^^^^^^^^^^^^^^
     |         |
     |         help: remove this `mut`

warning: variable does not need to be mutable
    --> src/main.rs:2125:9
     |
2125 |     let mut latest_call_args: Option<Vec<SmeltUnknown>> = None;
     |         ----^^^^^^^^^^^^^^^^
     |         |
     |         help: remove this `mut`

warning: variable does not need to be mutable
    --> src/main.rs:2128:9
     |
2128 |     let mut latest_call_args: Option<Vec<SmeltUnknown>> = None;
     |         ----^^^^^^^^^^^^^^^^
     |         |
     |         help: remove this `mut`

warning: variable does not need to be mutable
    --> src/main.rs:2135:9
     |
2135 |     let mut max_wait_timeout_id: Option<SmeltUnknown> = None;
     |         ----^^^^^^^^^^^^^^^^^^^
     |         |
     |         help: remove this `mut`

warning: variable does not need to be mutable
    --> src/main.rs:2136:9
     |
2136 |     let mut latest_call_args: Option<Vec<SmeltUnknown>> = None;
     |         ----^^^^^^^^^^^^^^^^
     |         |
     |         help: remove this `mut`

warning: variable does not need to be mutable
    --> src/main.rs:2139:9
     |
2139 |     let mut latest_call_args: Option<Vec<SmeltUnknown>> = None;
     |         ----^^^^^^^^^^^^^^^^
     |         |
     |         help: remove this `mut`

warning: variable does not need to be mutable
    --> src/main.rs:1972:9
     |
1972 |     let mut func = func.clone();
     |         ----^^^^
     |         |
     |         help: remove this `mut`

warning: variable does not need to be mutable
    --> src/main.rs:1973:9
     |
1973 |     let mut latest_call_args = latest_call_args.clone();
     |         ----^^^^^^^^^^^^^^^^
     |         |
     |         help: remove this `mut`

warning: variable does not need to be mutable
    --> src/main.rs:1974:9
     |
1974 |     let mut max_wait_timeout_id = max_wait_timeout_id.clone();
     |         ----^^^^^^^^^^^^^^^^^^^
     |         |
     |         help: remove this `mut`

warning: variable does not need to be mutable
    --> src/main.rs:1975:9
     |
1975 |     let mut result = result.clone();
     |         ----^^^^^^
     |         |
     |         help: remove this `mut`

warning: variable does not need to be mutable
    --> src/main.rs:2014:9
     |
2014 |     let mut cool_down_timeout_id = cool_down_timeout_id.clone();
     |         ----^^^^^^^^^^^^^^^^^^^^
     |         |
     |         help: remove this `mut`

warning: variable does not need to be mutable
    --> src/main.rs:2015:9
     |
2015 |     let mut handle_invoke = handle_invoke.clone();
     |         ----^^^^^^^^^^^^^
     |         |
     |         help: remove this `mut`

warning: variable does not need to be mutable
    --> src/main.rs:2016:9
     |
2016 |     let mut latest_call_args = latest_call_args.clone();
     |         ----^^^^^^^^^^^^^^^^
     |         |
     |         help: remove this `mut`

warning: variable does not need to be mutable
    --> src/main.rs:2017:9
     |
2017 |     let mut handle_debounced_call = handle_debounced_call.clone();
     |         ----^^^^^^^^^^^^^^^^^^^^^
     |         |
     |         help: remove this `mut`

warning: variable does not need to be mutable
    --> src/main.rs:2040:9
     |
2040 |     let mut handle_invoke = handle_invoke.clone();
     |         ----^^^^^^^^^^^^^
     |         |
     |         help: remove this `mut`

warning: variable does not need to be mutable
    --> src/main.rs:2041:9
     |
2041 |     let mut latest_call_args = latest_call_args.clone();
     |         ----^^^^^^^^^^^^^^^^
     |         |
     |         help: remove this `mut`

warning: variable does not need to be mutable
    --> src/main.rs:2042:9
     |
2042 |     let mut max_wait_ms = max_wait_ms.clone();
     |         ----^^^^^^^^^^^
     |         |
     |         help: remove this `mut`

warning: variable does not need to be mutable
    --> src/main.rs:2043:9
     |
2043 |     let mut max_wait_timeout_id = max_wait_timeout_id.clone();
     |         ----^^^^^^^^^^^^^^^^^^^
     |         |
     |         help: remove this `mut`

warning: variable does not need to be mutable
    --> src/main.rs:2060:9
     |
2060 |     let mut cool_down_timeout_id = cool_down_timeout_id.clone();
     |         ----^^^^^^^^^^^^^^^^^^^^
     |         |
     |         help: remove this `mut`

warning: variable does not need to be mutable
    --> src/main.rs:2061:9
     |
2061 |     let mut func = func.clone();
     |         ----^^^^
     |         |
     |         help: remove this `mut`

warning: variable does not need to be mutable
    --> src/main.rs:2062:9
     |
2062 |     let mut handle_cool_down_end = handle_cool_down_end.clone();
     |         ----^^^^^^^^^^^^^^^^^^^^
     |         |
     |         help: remove this `mut`

warning: variable does not need to be mutable
    --> src/main.rs:2063:9
     |
2063 |     let mut handle_debounced_call = handle_debounced_call.clone();
     |         ----^^^^^^^^^^^^^^^^^^^^^
     |         |
     |         help: remove this `mut`

warning: variable does not need to be mutable
    --> src/main.rs:2064:9
     |
2064 |     let mut max_wait_ms = max_wait_ms.clone();
     |         ----^^^^^^^^^^^
     |         |
     |         help: remove this `mut`

warning: variable does not need to be mutable
    --> src/main.rs:2065:9
     |
2065 |     let mut result = result.clone();
     |         ----^^^^^^
     |         |
     |         help: remove this `mut`

warning: variable does not need to be mutable
    --> src/main.rs:2066:9
     |
2066 |     let mut timing = timing.clone();
     |         ----^^^^^^
     |         |
     |         help: remove this `mut`

warning: variable does not need to be mutable
    --> src/main.rs:2067:9
     |
2067 |     let mut wait_ms = wait_ms.clone();
     |         ----^^^^^^^
     |         |
     |         help: remove this `mut`

warning: variable does not need to be mutable
    --> src/main.rs:2108:9
     |
2108 |     let mut cool_down_timeout_id = cool_down_timeout_id.clone();
     |         ----^^^^^^^^^^^^^^^^^^^^
     |         |
     |         help: remove this `mut`

warning: variable does not need to be mutable
    --> src/main.rs:2109:9
     |
2109 |     let mut latest_call_args = latest_call_args.clone();
     |         ----^^^^^^^^^^^^^^^^
     |         |
     |         help: remove this `mut`

warning: variable does not need to be mutable
    --> src/main.rs:2110:9
     |
2110 |     let mut max_wait_timeout_id = max_wait_timeout_id.clone();
     |         ----^^^^^^^^^^^^^^^^^^^
     |         |
     |         help: remove this `mut`

warning: variable does not need to be mutable
    --> src/main.rs:2111:9
     |
2111 |     let mut handle_debounced_call = handle_debounced_call.clone();
     |         ----^^^^^^^^^^^^^^^^^^^^^
     |         |
     |         help: remove this `mut`

warning: variable does not need to be mutable
    --> src/main.rs:2146:9
     |
2146 |     let mut handle_cool_down_end = handle_cool_down_end.clone();
     |         ----^^^^^^^^^^^^^^^^^^^^
     |         |
     |         help: remove this `mut`

warning: variable does not need to be mutable
    --> src/main.rs:2147:9
     |
2147 |     let mut result = result.clone();
     |         ----^^^^^^
     |         |
     |         help: remove this `mut`

warning: value assigned to `timeout_id` is never read
    --> src/main.rs:2119:5
     |
2119 |     timeout_id = cool_down_timeout_id.clone().clone().map_or(SmeltUnknown::Null, |value| value);
     |     ^^^^^^^^^^
     |
     = help: maybe it is overwritten before being read?

warning: value assigned to `timeout_id_1` is never read
    --> src/main.rs:2134:5
     |
2134 |     timeout_id_1 = max_wait_timeout_id.clone().clone().map_or(SmeltUnknown::Null, |value| value);
     |     ^^^^^^^^^^^^
     |
     = help: maybe it is overwritten before being read?

warning: value assigned to `timeout_id_1` is never read
    --> src/main.rs:2123:5
     |
2123 |     timeout_id_1 = max_wait_timeout_id.clone().clone().map_or(SmeltUnknown::Null, |value| value);
     |     ^^^^^^^^^^^^
     |
     = help: maybe it is overwritten before being read?

warning: value assigned to `timeout_id` is never read
    --> src/main.rs:2099:5
     |
2099 |     timeout_id = cool_down_timeout_id.clone().clone().map_or(SmeltUnknown::Null, |value| value);
     |     ^^^^^^^^^^
     |
     = help: maybe it is overwritten before being read?

warning: value assigned to `timeout_id` is never read
    --> src/main.rs:2094:5
     |
2094 |     timeout_id = cool_down_timeout_id.clone().clone().map_or(SmeltUnknown::Null, |value| value);
     |     ^^^^^^^^^^
     |
     = help: maybe it is overwritten before being read?

warning: value assigned to `cool_down_timeout_id` is never read
    --> src/main.rs:2096:5
     |
2096 |     cool_down_timeout_id = None;
     |     ^^^^^^^^^^^^^^^^^^^^
     |
     = help: maybe it is overwritten before being read?

warning: value assigned to `cool_down_timeout_id` is never read
    --> src/main.rs:2101:5
     |
2101 |     cool_down_timeout_id = None;
     |     ^^^^^^^^^^^^^^^^^^^^
     |
     = help: maybe it is overwritten before being read?

warning: value assigned to `timeout_id` is never read
    --> src/main.rs:2026:5
     |
2026 |     timeout_id = cool_down_timeout_id.clone().clone().map_or(SmeltUnknown::Null, |value| value);
     |     ^^^^^^^^^^
     |
     = help: maybe it is overwritten before being read?

warning: value assigned to `timeout_id` is never read
    --> src/main.rs:1984:5
     |
1984 |     timeout_id = max_wait_timeout_id.clone().clone().map_or(SmeltUnknown::Null, |value| value);
     |     ^^^^^^^^^^
     |
     = help: maybe it is overwritten before being read?

warning: value assigned to `args` is never read
    --> src/main.rs:1978:39
     |
1978 |     let mut args: Vec<SmeltUnknown> = Vec::new();
     |                                       ^^^^^^^^^^
     |
     = help: maybe it is overwritten before being read?

warning: value assigned to `handle_invoke` is never read
    --> src/main.rs:1926:85
     |
1926 | ...::cell::RefCell<dyn FnMut() -> ()>> = ::std::rc::Rc::new(::std::cell::RefCell::new(move || ()));
     |                                          ^^^^^^^^^^^^^^^^^^^^^^^^^^^^^^^^^^^^^^^^^^^^^^^^^^^^^^^^^
     |
     = help: maybe it is overwritten before being read?

warning: value assigned to `handle_cool_down_end` is never read
    --> src/main.rs:1927:92
     |
1927 | ...::cell::RefCell<dyn FnMut() -> ()>> = ::std::rc::Rc::new(::std::cell::RefCell::new(move || ()));
     |                                          ^^^^^^^^^^^^^^^^^^^^^^^^^^^^^^^^^^^^^^^^^^^^^^^^^^^^^^^^^
     |
     = help: maybe it is overwritten before being read?

warning: value assigned to `cool_down_timeout_id` is never read
    --> src/main.rs:1929:58
     |
1929 |     let mut cool_down_timeout_id: Option<SmeltUnknown> = None;
     |                                                          ^^^^
     |
     = help: maybe it is overwritten before being read?

warning: value assigned to `max_wait_timeout_id` is never read
    --> src/main.rs:1930:57
     |
1930 |     let mut max_wait_timeout_id: Option<SmeltUnknown> = None;
     |                                                         ^^^^
     |
     = help: maybe it is overwritten before being read?

warning: value assigned to `latest_call_args` is never read
    --> src/main.rs:1931:59
     |
1931 |     let mut latest_call_args: Option<Vec<SmeltUnknown>> = None;
     |                                                           ^^^^
     |
     = help: maybe it is overwritten before being read?

warning: value assigned to `result` is never read
    --> src/main.rs:1932:44
     |
1932 |     let mut result: Option<SmeltUnknown> = None;
     |                                            ^^^^
     |
     = help: maybe it is overwritten before being read?

error[E0005]: refutable pattern in local binding
    --> src/main.rs:2341:5
     |
2341 |     SmeltUnknown::Null = SmeltUnknown::Number(_smelt_tmp_23.clone() as f64);
     |     ^^^^^^^^^^^^^^^^^^ patterns `SmeltUnknown::Bool(_)`, `SmeltUnknown::Number(_)`, `SmeltUnknown::String(_)` and 2 more not covered
     |
     = note: `let` bindings require an "irrefutable pattern", like a `struct` or an `enum` with only one variant
     = note: for more information, visit https://doc.rust-lang.org/book/ch19-02-refutability.html
note: `SmeltUnknown` defined here
    --> src/main.rs:5:10
     |
   5 | pub enum SmeltUnknown {
     |          ^^^^^^^^^^^^
   6 |     Null,
   7 |     Bool(bool),
     |     ---- not covered
   8 |     Number(f64),
     |     ------ not covered
   9 |     String(String),
     |     ------ not covered
  10 |     Array(Vec<SmeltUnknown>),
     |     ----- not covered
  11 |     Object(::std::collections::HashMap<String, SmeltUnknown>),
     |     ------ not covered
     = note: the matched value is of type `SmeltUnknown`
help: you might want to use `if let` to ignore the variants that aren't matched
     |
2341 |     if SmeltUnknown::Null = SmeltUnknown::Number(_smelt_tmp_23.clone() as f64) { todo!() };
     |     ++                                                                         +++++++++++

warning: variable does not need to be mutable
    --> src/main.rs:2366:20
     |
2366 | fn purry_from_lazy(mut lazy: &mut dyn FnMut(Vec<SmeltUnknown>) -> ::std::rc::Rc<::std::cell::RefCell<dyn FnMut(SmeltUnknown, f64, Vec<Sme...
     |                    ----^^^^
     |                    |
     |                    help: remove this `mut`

warning: variable does not need to be mutable
    --> src/main.rs:2396:9
     |
2396 |     let mut lazy_definition_1 = lazy_definition_1.clone();
     |         ----^^^^^^^^^^^^^^^^^
     |         |
     |         help: remove this `mut`

warning: value assigned to `data` is never read
    --> src/main.rs:2367:34
     |
2367 |     let mut data: SmeltUnknown = SmeltUnknown::Null;
     |                                  ^^^^^^^^^^^^^^^^^^
     |
     = help: maybe it is overwritten before being read?

warning: value assigned to `rest` is never read
    --> src/main.rs:2368:39
     |
2368 |     let mut rest: Vec<SmeltUnknown> = Vec::new();
     |                                       ^^^^^^^^^^
     |
     = help: maybe it is overwritten before being read?

warning: value assigned to `lazy_definition` is never read
    --> src/main.rs:2387:5
     |
2387 |     lazy_definition = _smelt_tmp_12.clone();
     |     ^^^^^^^^^^^^^^^
     |
     = help: maybe it is overwritten before being read?

warning: value assigned to `lazy_definition_1` is never read
    --> src/main.rs:2370:84
     |
2370 |     let mut lazy_definition_1: ::std::collections::HashMap<String, SmeltUnknown> = ::std::collections::HashMap::new();
     |                                                                                    ^^^^^^^^^^^^^^^^^^^^^^^^^^^^^^^^^^
     |
     = help: maybe it is overwritten before being read?

warning: value assigned to `data_last` is never read
    --> src/main.rs:2371:103
     |
2371 | ... -> SmeltUnknown>> = ::std::rc::Rc::new(::std::cell::RefCell::new(move |arg0: SmeltUnknown| SmeltUnknown::Null));
     |                         ^^^^^^^^^^^^^^^^^^^^^^^^^^^^^^^^^^^^^^^^^^^^^^^^^^^^^^^^^^^^^^^^^^^^^^^^^^^^^^^^^^^^^^^^^^^
     |
     = help: maybe it is overwritten before being read?

warning: value assigned to `remaining` is never read
    --> src/main.rs:2418:73
     |
2418 |     let mut remaining: ::std::collections::HashMap<SmeltUnknown, f64> = ::std::collections::HashMap::new();
     |                                                                         ^^^^^^^^^^^^^^^^^^^^^^^^^^^^^^^^^^
     |
     = help: maybe it is overwritten before being read?

warning: value assigned to `value` is never read
    --> src/main.rs:2419:35
     |
2419 |     let mut value: SmeltUnknown = Default::default();
     |                                   ^^^^^^^^^^^^^^^^^^
     |
     = help: maybe it is overwritten before being read?

warning: variable does not need to be mutable
    --> src/main.rs:2542:9
     |
2542 |     let mut left: f64 = _smelt_tmp_3.clone();
     |         ----^^^^
     |         |
     |         help: remove this `mut`

warning: variable does not need to be mutable
    --> src/main.rs:2534:9
     |
2534 |     let mut left = left.clone();
     |         ----^^^^
     |         |
     |         help: remove this `mut`

warning: value assigned to `left` is never read
    --> src/main.rs:2521:25
     |
2521 |     let mut left: f64 = 0.0;
     |                         ^^^
     |
     = help: maybe it is overwritten before being read?

warning: variable does not need to be mutable
    --> src/main.rs:2589:37
     |
2589 | fn heapify(heap: Vec<SmeltUnknown>, mut compare_fn: &mut dyn FnMut(SmeltUnknown, SmeltUnknown) -> f64) -> () {
     |                                     ----^^^^^^^^^^
     |                                     |
     |                                     help: remove this `mut`

warning: variable does not need to be mutable
    --> src/main.rs:2856:51
     |
2856 | fn heap_maybe_insert(mut heap: Vec<SmeltUnknown>, mut compare_fn: &mut dyn FnMut(SmeltUnknown, SmeltUnknown) -> f64, item: SmeltUnknown) ...
     |                                                   ----^^^^^^^^^^
     |                                                   |
     |                                                   help: remove this `mut`

warning: value assigned to `head` is never read
    --> src/main.rs:2857:34
     |
2857 |     let mut head: SmeltUnknown = Default::default();
     |                                  ^^^^^^^^^^^^^^^^^^
     |
     = help: maybe it is overwritten before being read?

warning: variable does not need to be mutable
    --> src/main.rs:2880:56
     |
2880 | fn heap_sift_down(heap: Vec<SmeltUnknown>, index: f64, mut compare_fn: &mut dyn FnMut(SmeltUnknown, SmeltUnknown) -> f64) -> () {
     |                                                        ----^^^^^^^^^^
     |                                                        |
     |                                                        help: remove this `mut`

warning: value assigned to `first_child_index` is never read
    --> src/main.rs:2881:38
     |
2881 |     let mut first_child_index: f64 = 0.0;
     |                                      ^^^
     |
     = help: maybe it is overwritten before being read?

warning: value assigned to `swap_index` is never read
    --> src/main.rs:2882:31
     |
2882 |     let mut swap_index: f64 = 0.0;
     |                               ^^^
     |
     = help: maybe it is overwritten before being read?

warning: value assigned to `second_child_index` is never read
    --> src/main.rs:2883:39
     |
2883 |     let mut second_child_index: f64 = 0.0;
     |                                       ^^^
     |
     = help: maybe it is overwritten before being read?

warning: variable does not need to be mutable
    --> src/main.rs:3504:22
     |
3504 | fn purry_order_rules(mut func: &mut dyn FnMut(Vec<SmeltUnknown>, ::std::rc::Rc<::std::cell::RefCell<dyn FnMut(SmeltUnknown, SmeltUnknown)...
     |                      ----^^^^
     |                      |
     |                      help: remove this `mut`

warning: variable does not need to be mutable
    --> src/main.rs:3529:9
     |
3529 |     let mut compare_fn_1 = compare_fn_1.clone();
     |         ----^^^^^^^^^^^^
     |         |
     |         help: remove this `mut`

warning: value assigned to `compare_fn` is never read
    --> src/main.rs:3505:109
     |
3505 | ...nknown) -> f64>> = ::std::rc::Rc::new(::std::cell::RefCell::new(move |arg0: SmeltUnknown, arg1: SmeltUnknown| 0.0));
     |                       ^^^^^^^^^^^^^^^^^^^^^^^^^^^^^^^^^^^^^^^^^^^^^^^^^^^^^^^^^^^^^^^^^^^^^^^^^^^^^^^^^^^^^^^^^^^^^^^^
     |
     = help: maybe it is overwritten before being read?

warning: value assigned to `compare_fn_1` is never read
    --> src/main.rs:3506:111
     |
3506 | ...nknown) -> f64>> = ::std::rc::Rc::new(::std::cell::RefCell::new(move |arg0: SmeltUnknown, arg1: SmeltUnknown| 0.0));
     |                       ^^^^^^^^^^^^^^^^^^^^^^^^^^^^^^^^^^^^^^^^^^^^^^^^^^^^^^^^^^^^^^^^^^^^^^^^^^^^^^^^^^^^^^^^^^^^^^^^
     |
     = help: maybe it is overwritten before being read?

warning: variable does not need to be mutable
    --> src/main.rs:3607:9
     |
3607 |     let mut projected_a: SmeltUnknown = _smelt_tmp_7.clone();
     |         ----^^^^^^^^^^^
     |         |
     |         help: remove this `mut`

warning: variable does not need to be mutable
    --> src/main.rs:3609:9
     |
3609 |     let mut projected_b: SmeltUnknown = _smelt_tmp_8.clone();
     |         ----^^^^^^^^^^^
     |         |
     |         help: remove this `mut`

warning: variable does not need to be mutable
    --> src/main.rs:3644:9
     |
3644 |     let mut projected_a: SmeltUnknown = _smelt_tmp_7.clone();
     |         ----^^^^^^^^^^^
     |         |
     |         help: remove this `mut`

warning: variable does not need to be mutable
    --> src/main.rs:3646:9
     |
3646 |     let mut projected_b: SmeltUnknown = _smelt_tmp_8.clone();
     |         ----^^^^^^^^^^^
     |         |
     |         help: remove this `mut`

warning: variable does not need to be mutable
    --> src/main.rs:3570:24
     |
3570 | fn order_rule_comparer(mut primary_rule: SmeltUnknown, mut secondary_rule: Option<SmeltUnknown>, mut other_rules: Vec<SmeltUnknown>) -> :...
     |                        ----^^^^^^^^^^^^
     |                        |
     |                        help: remove this `mut`

warning: variable does not need to be mutable
    --> src/main.rs:3570:56
     |
3570 | fn order_rule_comparer(mut primary_rule: SmeltUnknown, mut secondary_rule: Option<SmeltUnknown>, mut other_rules: Vec<SmeltUnknown>) -> :...
     |                                                        ----^^^^^^^^^^^^^^
     |                                                        |
     |                                                        help: remove this `mut`

warning: variable does not need to be mutable
    --> src/main.rs:3570:98
     |
3570 | fn order_rule_comparer(mut primary_rule: SmeltUnknown, mut secondary_rule: Option<SmeltUnknown>, mut other_rules: Vec<SmeltUnknown>) -> :...
     |                                                                                                  ----^^^^^^^^^^^
     |                                                                                                  |
     |                                                                                                  help: remove this `mut`

warning: variable does not need to be mutable
    --> src/main.rs:3597:9
     |
3597 |     let mut comparator = comparator.clone();
     |         ----^^^^^^^^^^
     |         |
     |         help: remove this `mut`

warning: variable does not need to be mutable
    --> src/main.rs:3598:9
     |
3598 |     let mut next_comparer = next_comparer.clone();
     |         ----^^^^^^^^^^^^^
     |         |
     |         help: remove this `mut`

warning: variable does not need to be mutable
    --> src/main.rs:3599:9
     |
3599 |     let mut projector = projector.clone();
     |         ----^^^^^^^^^
     |         |
     |         help: remove this `mut`

warning: variable does not need to be mutable
    --> src/main.rs:3634:9
     |
3634 |     let mut comparator = comparator.clone();
     |         ----^^^^^^^^^^
     |         |
     |         help: remove this `mut`

warning: variable does not need to be mutable
    --> src/main.rs:3635:9
     |
3635 |     let mut next_comparer = next_comparer.clone();
     |         ----^^^^^^^^^^^^^
     |         |
     |         help: remove this `mut`

warning: variable does not need to be mutable
    --> src/main.rs:3636:9
     |
3636 |     let mut projector = projector.clone();
     |         ----^^^^^^^^^
     |         |
     |         help: remove this `mut`

warning: value assigned to `projector` is never read
    --> src/main.rs:3571:103
     |
3571 | ... -> SmeltUnknown>> = ::std::rc::Rc::new(::std::cell::RefCell::new(move |arg0: SmeltUnknown| Default::default()));
     |                         ^^^^^^^^^^^^^^^^^^^^^^^^^^^^^^^^^^^^^^^^^^^^^^^^^^^^^^^^^^^^^^^^^^^^^^^^^^^^^^^^^^^^^^^^^^^
     |
     = help: maybe it is overwritten before being read?

warning: value assigned to `direction` is never read
    --> src/main.rs:3572:33
     |
3572 |     let mut direction: String = String::new();
     |                                 ^^^^^^^^^^^^^
     |
     = help: maybe it is overwritten before being read?

warning: value assigned to `comparator` is never read
    --> src/main.rs:3573:110
     |
3573 | ...nown) -> bool>> = ::std::rc::Rc::new(::std::cell::RefCell::new(move |arg0: SmeltUnknown, arg1: SmeltUnknown| false));
     |                      ^^^^^^^^^^^^^^^^^^^^^^^^^^^^^^^^^^^^^^^^^^^^^^^^^^^^^^^^^^^^^^^^^^^^^^^^^^^^^^^^^^^^^^^^^^^^^^^^^^
     |
     = help: maybe it is overwritten before being read?

warning: value assigned to `next_comparer` is never read
    --> src/main.rs:3574:120
     |
3574 |     let mut next_comparer: Option<::std::rc::Rc<::std::cell::RefCell<dyn FnMut(SmeltUnknown, SmeltUnknown) -> f64>>> = None;
     |                                                                                                                        ^^^^
     |
     = help: maybe it is overwritten before being read?

warning: value assigned to `maybe_projection` is never read
    --> src/main.rs:3669:46
     |
3669 |     let mut maybe_projection: SmeltUnknown = SmeltUnknown::Null;
     |                                              ^^^^^^^^^^^^^^^^^^
     |
     = help: maybe it is overwritten before being read?

warning: value assigned to `maybe_direction` is never read
    --> src/main.rs:3670:45
     |
3670 |     let mut maybe_direction: SmeltUnknown = SmeltUnknown::Null;
     |                                             ^^^^^^^^^^^^^^^^^^
     |
     = help: maybe it is overwritten before being read?

warning: value assigned to `rest` is never read
    --> src/main.rs:3671:39
     |
3671 |     let mut rest: Vec<SmeltUnknown> = Vec::new();
     |                                       ^^^^^^^^^^
     |
     = help: maybe it is overwritten before being read?

warning: variable does not need to be mutable
    --> src/main.rs:3722:108
     |
3722 | ...ell::RefCell::new(|closure_arg_0: Vec<SmeltUnknown>, mut closure_arg_1: ::std::rc::Rc<::std::cell::RefCell<dyn FnMut(SmeltUnknown, Sme...
     |                                                         ----^^^^^^^^^^^^^
     |                                                         |
     |                                                         help: remove this `mut`

warning: variable does not need to be mutable
    --> src/main.rs:3730:58
     |
3730 | fn drop_first_by_implementation(data: Vec<SmeltUnknown>, mut compare_fn: &mut dyn FnMut(SmeltUnknown, SmeltUnknown) -> f64, n: f64) -> Re...
     |                                                          ----^^^^^^^^^^
     |                                                          |
     |                                                          help: remove this `mut`

warning: value assigned to `heap` is never read
    --> src/main.rs:3731:39
     |
3731 |     let mut heap: Vec<SmeltUnknown> = Vec::new();
     |                                       ^^^^^^^^^^
     |
     = help: maybe it is overwritten before being read?

warning: value assigned to `out` is never read
    --> src/main.rs:3732:38
     |
3732 |     let mut out: Vec<SmeltUnknown> = Vec::new();
     |                                      ^^^^^^^^^^
     |
     = help: maybe it is overwritten before being read?

warning: value assigned to `rest` is never read
    --> src/main.rs:3733:39
     |
3733 |     let mut rest: Vec<SmeltUnknown> = Vec::new();
     |                                       ^^^^^^^^^^
     |
     = help: maybe it is overwritten before being read?

warning: value assigned to `item` is never read
    --> src/main.rs:3734:34
     |
3734 |     let mut item: SmeltUnknown = Default::default();
     |                                  ^^^^^^^^^^^^^^^^^^
     |
     = help: maybe it is overwritten before being read?

warning: value assigned to `previous_head` is never read
    --> src/main.rs:3735:51
     |
3735 |     let mut previous_head: Option<SmeltUnknown> = None;
     |                                                   ^^^^
     |
     = help: maybe it is overwritten before being read?

warning: variable does not need to be mutable
    --> src/main.rs:4144:103
     |
4144 |     let mut _smelt_tmp_1 = ::std::rc::Rc::new(::std::cell::RefCell::new(|closure_arg_0: SmeltUnknown, mut closure_arg_1: ::std::rc::Rc<::...
     |                                                                                                       ----^^^^^^^^^^^^^
     |                                                                                                       |
     |                                                                                                       help: remove this `mut`

warning: variable does not need to be mutable
    --> src/main.rs:4152:55
     |
4152 | fn drop_last_while_implementation(data: SmeltUnknown, mut predicate: &mut dyn FnMut(SmeltUnknown, f64, SmeltUnknown) -> bool) -> Vec<Smel...
     |                                                       ----^^^^^^^^^
     |                                                       |
     |                                                       help: remove this `mut`

warning: variable does not need to be mutable
    --> src/main.rs:4766:103
     |
4766 |     let mut _smelt_tmp_1 = ::std::rc::Rc::new(::std::cell::RefCell::new(|closure_arg_0: SmeltUnknown, mut closure_arg_1: ::std::rc::Rc<::...
     |                                                                                                       ----^^^^^^^^^^^^^
     |                                                                                                       |
     |                                                                                                       help: remove this `mut`

warning: variable does not need to be mutable
    --> src/main.rs:4774:50
     |
4774 | fn drop_while_implementation(data: SmeltUnknown, mut predicate: &mut dyn FnMut(SmeltUnknown, f64, SmeltUnknown) -> bool) -> Vec<SmeltUnkn...
     |                                                  ----^^^^^^^^^
     |                                                  |
     |                                                  help: remove this `mut`

warning: value assigned to `index` is never read
    --> src/main.rs:4776:26
     |
4776 |     let mut index: i64 = 0;
     |                          ^
     |
     = help: maybe it is overwritten before being read?

warning: value assigned to `item` is never read
    --> src/main.rs:4777:34
     |
4777 |     let mut item: SmeltUnknown = SmeltUnknown::Null;
     |                                  ^^^^^^^^^^^^^^^^^^
     |
     = help: maybe it is overwritten before being read?

warning: variable does not need to be mutable
    --> src/main.rs:5333:46
     |
5333 | fn evolve_implementation(data: SmeltUnknown, mut evolver: ::std::collections::HashMap<String, SmeltUnknown>) -> SmeltUnknown {
     |                                              ----^^^^^^^
     |                                              |
     |                                              help: remove this `mut`

warning: variable does not need to be mutable
    --> src/main.rs:5354:27
     |
5354 |     _smelt_tmp_11 = { let mut assigned = _smelt_tmp_10.clone().clone(); assigned };
     |                           ----^^^^^^^^
     |                           |
     |                           help: remove this `mut`

warning: value assigned to `out` is never read
    --> src/main.rs:5334:70
     |
5334 |     let mut out: ::std::collections::HashMap<String, SmeltUnknown> = ::std::collections::HashMap::new();
     |                                                                      ^^^^^^^^^^^^^^^^^^^^^^^^^^^^^^^^^^
     |
     = help: maybe it is overwritten before being read?

warning: value assigned to `key` is never read
    --> src/main.rs:5643:5
     |
5643 |     key = if let SmeltUnknown::String(value) = SmeltUnknown::Null.clone().clone() { value } else { panic!("unknown is not string") };
     |     ^^^
     |
     = help: maybe it is overwritten before being read?

warning: value assigned to `key` is never read
    --> src/main.rs:5634:5
     |
5634 |     key = if let SmeltUnknown::String(value) = SmeltUnknown::Null.clone().clone() { value } else { panic!("unknown is not string") };
     |     ^^^
     |
     = help: maybe it is overwritten before being read?

warning: value assigned to `key` is never read
    --> src/main.rs:5625:5
     |
5625 |     key = if let SmeltUnknown::String(value) = SmeltUnknown::Null.clone().clone() { value } else { panic!("unknown is not string") };
     |     ^^^
     |
     = help: maybe it is overwritten before being read?

warning: value assigned to `key` is never read
    --> src/main.rs:5616:5
     |
5616 |     key = if let SmeltUnknown::String(value) = SmeltUnknown::Null.clone().clone() { value } else { panic!("unknown is not string") };
     |     ^^^
     |
     = help: maybe it is overwritten before being read?

warning: value assigned to `key` is never read
    --> src/main.rs:5607:5
     |
5607 |     key = if let SmeltUnknown::String(value) = SmeltUnknown::Null.clone().clone() { value } else { panic!("unknown is not string") };
     |     ^^^
     |
     = help: maybe it is overwritten before being read?

warning: value assigned to `key` is never read
    --> src/main.rs:5598:5
     |
5598 |     key = if let SmeltUnknown::String(value) = SmeltUnknown::Null.clone().clone() { value } else { panic!("unknown is not string") };
     |     ^^^
     |
     = help: maybe it is overwritten before being read?

warning: value assigned to `key` is never read
    --> src/main.rs:5589:5
     |
5589 |     key = if let SmeltUnknown::String(value) = SmeltUnknown::Null.clone().clone() { value } else { panic!("unknown is not string") };
     |     ^^^
     |
     = help: maybe it is overwritten before being read?

warning: value assigned to `key` is never read
    --> src/main.rs:5580:5
     |
5580 |     key = if let SmeltUnknown::String(value) = SmeltUnknown::Null.clone().clone() { value } else { panic!("unknown is not string") };
     |     ^^^
     |
     = help: maybe it is overwritten before being read?

warning: value assigned to `key` is never read
    --> src/main.rs:5571:5
     |
5571 |     key = if let SmeltUnknown::String(value) = SmeltUnknown::Null.clone().clone() { value } else { panic!("unknown is not string") };
     |     ^^^
     |
     = help: maybe it is overwritten before being read?

warning: value assigned to `key` is never read
    --> src/main.rs:5562:5
     |
5562 |     key = if let SmeltUnknown::String(value) = SmeltUnknown::Null.clone().clone() { value } else { panic!("unknown is not string") };
     |     ^^^
     |
     = help: maybe it is overwritten before being read?

warning: value assigned to `key` is never read
    --> src/main.rs:5553:5
     |
5553 |     key = if let SmeltUnknown::String(value) = SmeltUnknown::Null.clone().clone() { value } else { panic!("unknown is not string") };
     |     ^^^
     |
     = help: maybe it is overwritten before being read?

warning: value assigned to `key` is never read
    --> src/main.rs:5544:5
     |
5544 |     key = if let SmeltUnknown::String(value) = SmeltUnknown::Null.clone().clone() { value } else { panic!("unknown is not string") };
     |     ^^^
     |
     = help: maybe it is overwritten before being read?

warning: value assigned to `key` is never read
    --> src/main.rs:5535:5
     |
5535 |     key = if let SmeltUnknown::String(value) = SmeltUnknown::Null.clone().clone() { value } else { panic!("unknown is not string") };
     |     ^^^
     |
     = help: maybe it is overwritten before being read?

warning: value assigned to `key` is never read
    --> src/main.rs:5526:5
     |
5526 |     key = if let SmeltUnknown::String(value) = SmeltUnknown::Null.clone().clone() { value } else { panic!("unknown is not string") };
     |     ^^^
     |
     = help: maybe it is overwritten before being read?

warning: value assigned to `key` is never read
    --> src/main.rs:5517:5
     |
5517 |     key = if let SmeltUnknown::String(value) = SmeltUnknown::Null.clone().clone() { value } else { panic!("unknown is not string") };
     |     ^^^
     |
     = help: maybe it is overwritten before being read?

warning: value assigned to `key` is never read
    --> src/main.rs:5508:5
     |
5508 |     key = if let SmeltUnknown::String(value) = SmeltUnknown::Null.clone().clone() { value } else { panic!("unknown is not string") };
     |     ^^^
     |
     = help: maybe it is overwritten before being read?

warning: value assigned to `key` is never read
    --> src/main.rs:5499:5
     |
5499 |     key = if let SmeltUnknown::String(value) = SmeltUnknown::Null.clone().clone() { value } else { panic!("unknown is not string") };
     |     ^^^
     |
     = help: maybe it is overwritten before being read?

warning: value assigned to `key` is never read
    --> src/main.rs:5490:5
     |
5490 |     key = if let SmeltUnknown::String(value) = SmeltUnknown::Null.clone().clone() { value } else { panic!("unknown is not string") };
     |     ^^^
     |
     = help: maybe it is overwritten before being read?

warning: value assigned to `key` is never read
    --> src/main.rs:5481:5
     |
5481 |     key = if let SmeltUnknown::String(value) = SmeltUnknown::Null.clone().clone() { value } else { panic!("unknown is not string") };
     |     ^^^
     |
     = help: maybe it is overwritten before being read?

warning: value assigned to `key` is never read
    --> src/main.rs:5472:5
     |
5472 |     key = if let SmeltUnknown::String(value) = SmeltUnknown::Null.clone().clone() { value } else { panic!("unknown is not string") };
     |     ^^^
     |
     = help: maybe it is overwritten before being read?

warning: value assigned to `key` is never read
    --> src/main.rs:5463:5
     |
5463 |     key = if let SmeltUnknown::String(value) = SmeltUnknown::Null.clone().clone() { value } else { panic!("unknown is not string") };
     |     ^^^
     |
     = help: maybe it is overwritten before being read?

warning: value assigned to `key` is never read
    --> src/main.rs:5454:5
     |
5454 |     key = if let SmeltUnknown::String(value) = SmeltUnknown::Null.clone().clone() { value } else { panic!("unknown is not string") };
     |     ^^^
     |
     = help: maybe it is overwritten before being read?

warning: value assigned to `key` is never read
    --> src/main.rs:5445:5
     |
5445 |     key = if let SmeltUnknown::String(value) = SmeltUnknown::Null.clone().clone() { value } else { panic!("unknown is not string") };
     |     ^^^
     |
     = help: maybe it is overwritten before being read?

warning: value assigned to `key` is never read
    --> src/main.rs:5436:5
     |
5436 |     key = if let SmeltUnknown::String(value) = SmeltUnknown::Null.clone().clone() { value } else { panic!("unknown is not string") };
     |     ^^^
     |
     = help: maybe it is overwritten before being read?

warning: value assigned to `key` is never read
    --> src/main.rs:5427:5
     |
5427 |     key = if let SmeltUnknown::String(value) = SmeltUnknown::Null.clone().clone() { value } else { panic!("unknown is not string") };
     |     ^^^
     |
     = help: maybe it is overwritten before being read?

warning: value assigned to `key` is never read
    --> src/main.rs:5418:5
     |
5418 |     key = if let SmeltUnknown::String(value) = SmeltUnknown::Null.clone().clone() { value } else { panic!("unknown is not string") };
     |     ^^^
     |
     = help: maybe it is overwritten before being read?

warning: value assigned to `key` is never read
    --> src/main.rs:5409:5
     |
5409 |     key = if let SmeltUnknown::String(value) = SmeltUnknown::Null.clone().clone() { value } else { panic!("unknown is not string") };
     |     ^^^
     |
     = help: maybe it is overwritten before being read?

warning: value assigned to `key` is never read
    --> src/main.rs:5400:5
     |
5400 |     key = if let SmeltUnknown::String(value) = SmeltUnknown::Null.clone().clone() { value } else { panic!("unknown is not string") };
     |     ^^^
     |
     = help: maybe it is overwritten before being read?

warning: value assigned to `key` is never read
    --> src/main.rs:5391:5
     |
5391 |     key = if let SmeltUnknown::String(value) = SmeltUnknown::Null.clone().clone() { value } else { panic!("unknown is not string") };
     |     ^^^
     |
     = help: maybe it is overwritten before being read?

warning: value assigned to `key` is never read
    --> src/main.rs:5382:5
     |
5382 |     key = if let SmeltUnknown::String(value) = SmeltUnknown::Null.clone().clone() { value } else { panic!("unknown is not string") };
     |     ^^^
     |
     = help: maybe it is overwritten before being read?

warning: value assigned to `key` is never read
    --> src/main.rs:5373:5
     |
5373 |     key = if let SmeltUnknown::String(value) = SmeltUnknown::Null.clone().clone() { value } else { panic!("unknown is not string") };
     |     ^^^
     |
     = help: maybe it is overwritten before being read?

warning: value assigned to `key` is never read
    --> src/main.rs:5364:5
     |
5364 |     key = if let SmeltUnknown::String(value) = SmeltUnknown::Null.clone().clone() { value } else { panic!("unknown is not string") };
     |     ^^^
     |
     = help: maybe it is overwritten before being read?

warning: value assigned to `value` is never read
    --> src/main.rs:5644:5
     |
5644 |     value = SmeltUnknown::Null.clone();
     |     ^^^^^
     |
     = help: maybe it is overwritten before being read?

warning: value assigned to `value` is never read
    --> src/main.rs:5635:5
     |
5635 |     value = SmeltUnknown::Null.clone();
     |     ^^^^^
     |
     = help: maybe it is overwritten before being read?

warning: value assigned to `value` is never read
    --> src/main.rs:5626:5
     |
5626 |     value = SmeltUnknown::Null.clone();
     |     ^^^^^
     |
     = help: maybe it is overwritten before being read?

warning: value assigned to `value` is never read
    --> src/main.rs:5617:5
     |
5617 |     value = SmeltUnknown::Null.clone();
     |     ^^^^^
     |
     = help: maybe it is overwritten before being read?

warning: value assigned to `value` is never read
    --> src/main.rs:5608:5
     |
5608 |     value = SmeltUnknown::Null.clone();
     |     ^^^^^
     |
     = help: maybe it is overwritten before being read?

warning: value assigned to `value` is never read
    --> src/main.rs:5599:5
     |
5599 |     value = SmeltUnknown::Null.clone();
     |     ^^^^^
     |
     = help: maybe it is overwritten before being read?

warning: value assigned to `value` is never read
    --> src/main.rs:5590:5
     |
5590 |     value = SmeltUnknown::Null.clone();
     |     ^^^^^
     |
     = help: maybe it is overwritten before being read?

warning: value assigned to `value` is never read
    --> src/main.rs:5581:5
     |
5581 |     value = SmeltUnknown::Null.clone();
     |     ^^^^^
     |
     = help: maybe it is overwritten before being read?

warning: value assigned to `value` is never read
    --> src/main.rs:5572:5
     |
5572 |     value = SmeltUnknown::Null.clone();
     |     ^^^^^
     |
     = help: maybe it is overwritten before being read?

warning: value assigned to `value` is never read
    --> src/main.rs:5563:5
     |
5563 |     value = SmeltUnknown::Null.clone();
     |     ^^^^^
     |
     = help: maybe it is overwritten before being read?

warning: value assigned to `value` is never read
    --> src/main.rs:5554:5
     |
5554 |     value = SmeltUnknown::Null.clone();
     |     ^^^^^
     |
     = help: maybe it is overwritten before being read?

warning: value assigned to `value` is never read
    --> src/main.rs:5545:5
     |
5545 |     value = SmeltUnknown::Null.clone();
     |     ^^^^^
     |
     = help: maybe it is overwritten before being read?

warning: value assigned to `value` is never read
    --> src/main.rs:5536:5
     |
5536 |     value = SmeltUnknown::Null.clone();
     |     ^^^^^
     |
     = help: maybe it is overwritten before being read?

warning: value assigned to `value` is never read
    --> src/main.rs:5527:5
     |
5527 |     value = SmeltUnknown::Null.clone();
     |     ^^^^^
     |
     = help: maybe it is overwritten before being read?

warning: value assigned to `value` is never read
    --> src/main.rs:5518:5
     |
5518 |     value = SmeltUnknown::Null.clone();
     |     ^^^^^
     |
     = help: maybe it is overwritten before being read?

warning: value assigned to `value` is never read
    --> src/main.rs:5509:5
     |
5509 |     value = SmeltUnknown::Null.clone();
     |     ^^^^^
     |
     = help: maybe it is overwritten before being read?

warning: value assigned to `value` is never read
    --> src/main.rs:5500:5
     |
5500 |     value = SmeltUnknown::Null.clone();
     |     ^^^^^
     |
     = help: maybe it is overwritten before being read?

warning: value assigned to `value` is never read
    --> src/main.rs:5491:5
     |
5491 |     value = SmeltUnknown::Null.clone();
     |     ^^^^^
     |
     = help: maybe it is overwritten before being read?

warning: value assigned to `value` is never read
    --> src/main.rs:5482:5
     |
5482 |     value = SmeltUnknown::Null.clone();
     |     ^^^^^
     |
     = help: maybe it is overwritten before being read?

warning: value assigned to `value` is never read
    --> src/main.rs:5473:5
     |
5473 |     value = SmeltUnknown::Null.clone();
     |     ^^^^^
     |
     = help: maybe it is overwritten before being read?

warning: value assigned to `value` is never read
    --> src/main.rs:5464:5
     |
5464 |     value = SmeltUnknown::Null.clone();
     |     ^^^^^
     |
     = help: maybe it is overwritten before being read?

warning: value assigned to `value` is never read
    --> src/main.rs:5455:5
     |
5455 |     value = SmeltUnknown::Null.clone();
     |     ^^^^^
     |
     = help: maybe it is overwritten before being read?

warning: value assigned to `value` is never read
    --> src/main.rs:5446:5
     |
5446 |     value = SmeltUnknown::Null.clone();
     |     ^^^^^
     |
     = help: maybe it is overwritten before being read?

warning: value assigned to `value` is never read
    --> src/main.rs:5437:5
     |
5437 |     value = SmeltUnknown::Null.clone();
     |     ^^^^^
     |
     = help: maybe it is overwritten before being read?

warning: value assigned to `value` is never read
    --> src/main.rs:5428:5
     |
5428 |     value = SmeltUnknown::Null.clone();
     |     ^^^^^
     |
     = help: maybe it is overwritten before being read?

warning: value assigned to `value` is never read
    --> src/main.rs:5419:5
     |
5419 |     value = SmeltUnknown::Null.clone();
     |     ^^^^^
     |
     = help: maybe it is overwritten before being read?

warning: value assigned to `value` is never read
    --> src/main.rs:5410:5
     |
5410 |     value = SmeltUnknown::Null.clone();
     |     ^^^^^
     |
     = help: maybe it is overwritten before being read?

warning: value assigned to `value` is never read
    --> src/main.rs:5401:5
     |
5401 |     value = SmeltUnknown::Null.clone();
     |     ^^^^^
     |
     = help: maybe it is overwritten before being read?

warning: value assigned to `value` is never read
    --> src/main.rs:5392:5
     |
5392 |     value = SmeltUnknown::Null.clone();
     |     ^^^^^
     |
     = help: maybe it is overwritten before being read?

warning: value assigned to `value` is never read
    --> src/main.rs:5383:5
     |
5383 |     value = SmeltUnknown::Null.clone();
     |     ^^^^^
     |
     = help: maybe it is overwritten before being read?

warning: value assigned to `value` is never read
    --> src/main.rs:5374:5
     |
5374 |     value = SmeltUnknown::Null.clone();
     |     ^^^^^
     |
     = help: maybe it is overwritten before being read?

warning: value assigned to `value` is never read
    --> src/main.rs:5365:5
     |
5365 |     value = SmeltUnknown::Null.clone();
     |     ^^^^^
     |
     = help: maybe it is overwritten before being read?

warning: variable does not need to be mutable
    --> src/main.rs:5650:108
     |
5650 | ...ell::RefCell::new(|closure_arg_0: Vec<SmeltUnknown>, mut closure_arg_1: ::std::rc::Rc<::std::cell::RefCell<dyn FnMut(SmeltUnknown, f64...
     |                                                         ----^^^^^^^^^^^^^
     |                                                         |
     |                                                         help: remove this `mut`

warning: variable does not need to be mutable
    --> src/main.rs:5659:51
     |
5659 | fn filter_implementation(data: Vec<SmeltUnknown>, mut predicate: &mut dyn FnMut(SmeltUnknown, f64, Vec<SmeltUnknown>) -> bool) -> Vec<Sme...
     |                                                   ----^^^^^^^^^
     |                                                   |
     |                                                   help: remove this `mut`

warning: variable does not need to be mutable
    --> src/main.rs:5670:108
     |
5670 | ...ell::RefCell::new(|closure_arg_0: Vec<SmeltUnknown>, mut closure_arg_1: ::std::rc::Rc<::std::cell::RefCell<dyn FnMut(SmeltUnknown, f64...
     |                                                         ----^^^^^^^^^^^^^
     |                                                         |
     |                                                         help: remove this `mut`

warning: variable does not need to be mutable
    --> src/main.rs:5680:49
     |
5680 | fn find_implementation(data: Vec<SmeltUnknown>, mut predicate: &mut dyn FnMut(SmeltUnknown, f64, Vec<SmeltUnknown>) -> bool) -> Option<Sm...
     |                                                 ----^^^^^^^^^
     |                                                 |
     |                                                 help: remove this `mut`

warning: variable does not need to be mutable
    --> src/main.rs:5686:108
     |
5686 | ...ell::RefCell::new(|closure_arg_0: Vec<SmeltUnknown>, mut closure_arg_1: ::std::rc::Rc<::std::cell::RefCell<dyn FnMut(SmeltUnknown, f64...
     |                                                         ----^^^^^^^^^^^^^
     |                                                         |
     |                                                         help: remove this `mut`

warning: variable does not need to be mutable
    --> src/main.rs:5694:55
     |
5694 | fn find_index_implementation(data: Vec<SmeltUnknown>, mut predicate: &mut dyn FnMut(SmeltUnknown, f64, Vec<SmeltUnknown>) -> bool) -> f64 {
     |                                                       ----^^^^^^^^^
     |                                                       |
     |                                                       help: remove this `mut`

warning: variable does not need to be mutable
    --> src/main.rs:5700:108
     |
5700 | ...ell::RefCell::new(|closure_arg_0: Vec<SmeltUnknown>, mut closure_arg_1: ::std::rc::Rc<::std::cell::RefCell<dyn FnMut(SmeltUnknown, f64...
     |                                                         ----^^^^^^^^^^^^^
     |                                                         |
     |                                                         help: remove this `mut`

warning: variable does not need to be mutable
    --> src/main.rs:5708:54
     |
5708 | fn find_last_implementation(data: Vec<SmeltUnknown>, mut predicate: &mut dyn FnMut(SmeltUnknown, f64, Vec<SmeltUnknown>) -> bool) -> Opti...
     |                                                      ----^^^^^^^^^
     |                                                      |
     |                                                      help: remove this `mut`

warning: value assigned to `item` is never read
    --> src/main.rs:5709:34
     |
5709 |     let mut item: SmeltUnknown = Default::default();
     |                                  ^^^^^^^^^^^^^^^^^^
     |
     = help: maybe it is overwritten before being read?

warning: variable does not need to be mutable
    --> src/main.rs:6192:108
     |
6192 | ...ell::RefCell::new(|closure_arg_0: Vec<SmeltUnknown>, mut closure_arg_1: ::std::rc::Rc<::std::cell::RefCell<dyn FnMut(SmeltUnknown, f64...
     |                                                         ----^^^^^^^^^^^^^
     |                                                         |
     |                                                         help: remove this `mut`

warning: variable does not need to be mutable
    --> src/main.rs:6200:60
     |
6200 | fn find_last_index_implementation(data: Vec<SmeltUnknown>, mut predicate: &mut dyn FnMut(SmeltUnknown, f64, Vec<SmeltUnknown>) -> bool) -...
     |                                                            ----^^^^^^^^^
     |                                                            |
     |                                                            help: remove this `mut`

warning: variable does not need to be mutable
    --> src/main.rs:6705:108
     |
6705 | ...ell::RefCell::new(|closure_arg_0: Vec<SmeltUnknown>, mut closure_arg_1: ::std::rc::Rc<::std::cell::RefCell<dyn FnMut(SmeltUnknown, Sme...
     |                                                         ----^^^^^^^^^^^^^
     |                                                         |
     |                                                         help: remove this `mut`

warning: variable does not need to be mutable
    --> src/main.rs:6713:53
     |
6713 | fn first_by_implementation(data: Vec<SmeltUnknown>, mut compare_fn: &mut dyn FnMut(SmeltUnknown, SmeltUnknown) -> f64) -> Result<Option<S...
     |                                                     ----^^^^^^^^^^
     |                                                     |
     |                                                     help: remove this `mut`

warning: value assigned to `current_first` is never read
    --> src/main.rs:6714:43
     |
6714 |     let mut current_first: SmeltUnknown = Default::default();
     |                                           ^^^^^^^^^^^^^^^^^^
     |
     = help: maybe it is overwritten before being read?

warning: value assigned to `rest` is never read
    --> src/main.rs:6715:39
     |
6715 |     let mut rest: Vec<SmeltUnknown> = Vec::new();
     |                                       ^^^^^^^^^^
     |
     = help: maybe it is overwritten before being read?

warning: value assigned to `item` is never read
    --> src/main.rs:6716:34
     |
6716 |     let mut item: SmeltUnknown = Default::default();
     |                                  ^^^^^^^^^^^^^^^^^^
     |
     = help: maybe it is overwritten before being read?

warning: variable does not need to be mutable
    --> src/main.rs:6789:108
     |
6789 | ...ell::RefCell::new(|closure_arg_0: Vec<SmeltUnknown>, mut closure_arg_1: ::std::rc::Rc<::std::cell::RefCell<dyn FnMut(SmeltUnknown, f64...
     |                                                         ----^^^^^^^^^^^^^
     |                                                         |
     |                                                         help: remove this `mut`

warning: variable does not need to be mutable
    --> src/main.rs:6798:53
     |
6798 | fn flat_map_implementation(data: Vec<SmeltUnknown>, mut callbackfn: &mut dyn FnMut(SmeltUnknown, f64, Vec<SmeltUnknown>) -> SmeltUnknown)...
     |                                                     ----^^^^^^^^^^
     |                                                     |
     |                                                     help: remove this `mut`

warning: variable does not need to be mutable
    --> src/main.rs:6814:108
     |
6814 | ...ell::RefCell::new(|closure_arg_0: Vec<SmeltUnknown>, mut closure_arg_1: ::std::rc::Rc<::std::cell::RefCell<dyn FnMut(SmeltUnknown, f64...
     |                                                         ----^^^^^^^^^^^^^
     |                                                         |
     |                                                         help: remove this `mut`

warning: variable does not need to be mutable
    --> src/main.rs:6823:53
     |
6823 | fn for_each_implementation(data: Vec<SmeltUnknown>, mut callbackfn: &mut dyn FnMut(SmeltUnknown, f64, Vec<SmeltUnknown>) -> ()) -> Vec<Sm...
     |                                                     ----^^^^^^^^^^
     |                                                     |
     |                                                     help: remove this `mut`

warning: variable does not need to be mutable
    --> src/main.rs:6829:103
     |
6829 |     let mut _smelt_tmp_1 = ::std::rc::Rc::new(::std::cell::RefCell::new(|closure_arg_0: SmeltUnknown, mut closure_arg_1: ::std::rc::Rc<::...
     |                                                                                                       ----^^^^^^^^^^^^^
     |                                                                                                       |
     |                                                                                                       help: remove this `mut`

warning: variable does not need to be mutable
    --> src/main.rs:6837:52
     |
6837 | fn for_each_obj_implementation(data: SmeltUnknown, mut fn_: &mut dyn FnMut(SmeltUnknown, String, SmeltUnknown) -> ()) -> SmeltUnknown {
     |                                                    ----^^^
     |                                                    |
     |                                                    help: remove this `mut`

warning: value assigned to `key` is never read
    --> src/main.rs:6839:27
     |
6839 |     let mut key: String = String::new();
     |                           ^^^^^^^^^^^^^
     |
     = help: maybe it is overwritten before being read?

warning: value assigned to `value` is never read
    --> src/main.rs:6840:35
     |
6840 |     let mut value: SmeltUnknown = SmeltUnknown::Null;
     |                                   ^^^^^^^^^^^^^^^^^^
     |
     = help: maybe it is overwritten before being read?

warning: variable does not need to be mutable
    --> src/main.rs:6868:103
     |
6868 |     let mut _smelt_tmp_1 = ::std::rc::Rc::new(::std::cell::RefCell::new(|closure_arg_0: SmeltUnknown, mut closure_arg_1: ::std::rc::Rc<::...
     |                                                                                                       ----^^^^^^^^^^^^^
     |                                                                                                       |
     |                                                                                                       help: remove this `mut`

warning: variable does not need to be mutable
    --> src/main.rs:6876:49
     |
6876 | fn from_keys_implementation(data: SmeltUnknown, mut mapper: &mut dyn FnMut(SmeltUnknown, f64, SmeltUnknown) -> SmeltUnknown) -> SmeltUnkn...
     |                                                 ----^^^^^^
     |                                                 |
     |                                                 help: remove this `mut`

warning: variable does not need to be mutable
    --> src/main.rs:6884:9
     |
6884 |     let mut result: SmeltUnknown = SmeltUnknown::Object(_smelt_tmp_6.clone());
     |         ----^^^^^^
     |         |
     |         help: remove this `mut`

warning: value assigned to `index` is never read
    --> src/main.rs:6878:26
     |
6878 |     let mut index: i64 = 0;
     |                          ^
     |
     = help: maybe it is overwritten before being read?

warning: value assigned to `key` is never read
    --> src/main.rs:6891:5
     |
6891 |     key = SmeltUnknown::Null.clone();
     |     ^^^
     |
     = help: maybe it is overwritten before being read?

warning: variable does not need to be mutable
    --> src/main.rs:6924:9
     |
6924 |     let mut prepared_data: Option<SmeltUnknown> = None;
     |         ----^^^^^^^^^^^^^
     |         |
     |         help: remove this `mut`

warning: variable does not need to be mutable
    --> src/main.rs:6930:9
     |
6930 |     let mut interval_timeout_id: Option<SmeltUnknown> = None;
     |         ----^^^^^^^^^^^^^^^^^^^
     |         |
     |         help: remove this `mut`

warning: variable does not need to be mutable
    --> src/main.rs:6939:9
     |
6939 |     let mut interval_timeout_id: Option<SmeltUnknown> = None;
     |         ----^^^^^^^^^^^^^^^^^^^
     |         |
     |         help: remove this `mut`

warning: variable does not need to be mutable
    --> src/main.rs:6955:9
     |
6955 |     let mut interval_timeout_id: Option<SmeltUnknown> = None;
     |         ----^^^^^^^^^^^^^^^^^^^
     |         |
     |         help: remove this `mut`

warning: variable does not need to be mutable
    --> src/main.rs:6973:9
     |
6973 |     let mut burst_timeout_id: Option<SmeltUnknown> = None;
     |         ----^^^^^^^^^^^^^^^^
     |         |
     |         help: remove this `mut`

warning: variable does not need to be mutable
    --> src/main.rs:6974:9
     |
6974 |     let mut burst_start_timestamp: Option<f64> = None;
     |         ----^^^^^^^^^^^^^^^^^^^^^
     |         |
     |         help: remove this `mut`

warning: variable does not need to be mutable
    --> src/main.rs:7032:9
     |
7032 |     let mut prepared_data: Option<SmeltUnknown> = Some(_smelt_tmp_21.clone());
     |         ----^^^^^^^^^^^^^
     |         |
     |         help: remove this `mut`

warning: variable does not need to be mutable
    --> src/main.rs:7048:9
     |
7048 |     let mut burst_start_timestamp: Option<f64> = Some(_smelt_tmp_31.clone());
     |         ----^^^^^^^^^^^^^^^^^^^^^
     |         |
     |         help: remove this `mut`

warning: variable does not need to be mutable
    --> src/main.rs:7054:9
     |
7054 |     let mut burst_timeout_id: Option<SmeltUnknown> = None;
     |         ----^^^^^^^^^^^^^^^^
     |         |
     |         help: remove this `mut`

warning: variable does not need to be mutable
    --> src/main.rs:7071:9
     |
7071 |     let mut burst_timeout_id: Option<SmeltUnknown> = None;
     |         ----^^^^^^^^^^^^^^^^
     |         |
     |         help: remove this `mut`

warning: variable does not need to be mutable
    --> src/main.rs:7108:9
     |
7108 |     let mut burst_start_timestamp: Option<f64> = Some(_smelt_tmp_31.clone());
     |         ----^^^^^^^^^^^^^^^^^^^^^
     |         |
     |         help: remove this `mut`

warning: variable does not need to be mutable
    --> src/main.rs:7114:9
     |
7114 |     let mut burst_timeout_id: Option<SmeltUnknown> = None;
     |         ----^^^^^^^^^^^^^^^^
     |         |
     |         help: remove this `mut`

warning: variable does not need to be mutable
    --> src/main.rs:7131:9
     |
7131 |     let mut burst_timeout_id: Option<SmeltUnknown> = None;
     |         ----^^^^^^^^^^^^^^^^
     |         |
     |         help: remove this `mut`

warning: variable does not need to be mutable
    --> src/main.rs:7161:9
     |
7161 |     let mut burst_timeout_id: Option<SmeltUnknown> = None;
     |         ----^^^^^^^^^^^^^^^^
     |         |
     |         help: remove this `mut`

warning: variable does not need to be mutable
    --> src/main.rs:7162:9
     |
7162 |     let mut burst_start_timestamp: Option<f64> = None;
     |         ----^^^^^^^^^^^^^^^^^^^^^
     |         |
     |         help: remove this `mut`

warning: variable does not need to be mutable
    --> src/main.rs:7163:9
     |
7163 |     let mut interval_timeout_id: Option<SmeltUnknown> = None;
     |         ----^^^^^^^^^^^^^^^^^^^
     |         |
     |         help: remove this `mut`

warning: variable does not need to be mutable
    --> src/main.rs:7164:9
     |
7164 |     let mut prepared_data: Option<SmeltUnknown> = None;
     |         ----^^^^^^^^^^^^^
     |         |
     |         help: remove this `mut`

warning: variable does not need to be mutable
    --> src/main.rs:6900:15
     |
6900 | fn funnel_105(mut callback: &mut dyn FnMut(SmeltUnknown) -> (), __param1: SmeltUnknown) -> SmeltUnknown {
     |               ----^^^^^^^^
     |               |
     |               help: remove this `mut`

warning: variable does not need to be mutable
    --> src/main.rs:6911:9
     |
6911 |     let mut interval_timeout_id = interval_timeout_id.clone();
     |         ----^^^^^^^^^^^^^^^^^^^
     |         |
     |         help: remove this `mut`

warning: variable does not need to be mutable
    --> src/main.rs:6912:9
     |
6912 |     let mut min_gap_ms = min_gap_ms.clone();
     |         ----^^^^^^^^^^
     |         |
     |         help: remove this `mut`

warning: variable does not need to be mutable
    --> src/main.rs:6913:9
     |
6913 |     let mut prepared_data = prepared_data.clone();
     |         ----^^^^^^^^^^^^^
     |         |
     |         help: remove this `mut`

warning: variable does not need to be mutable
    --> src/main.rs:6948:9
     |
6948 |     let mut invoke = _smelt_tmp_14.clone();
     |         ----^^^^^^
     |         |
     |         help: remove this `mut`

warning: variable does not need to be mutable
    --> src/main.rs:6950:9
     |
6950 |     let mut burst_timeout_id = burst_timeout_id.clone();
     |         ----^^^^^^^^^^^^^^^^
     |         |
     |         help: remove this `mut`

warning: variable does not need to be mutable
    --> src/main.rs:6951:9
     |
6951 |     let mut interval_timeout_id = interval_timeout_id.clone();
     |         ----^^^^^^^^^^^^^^^^^^^
     |         |
     |         help: remove this `mut`

warning: variable does not need to be mutable
    --> src/main.rs:6952:9
     |
6952 |     let mut invoke = invoke.clone();
     |         ----^^^^^^
     |         |
     |         help: remove this `mut`

warning: variable does not need to be mutable
    --> src/main.rs:6965:9
     |
6965 |     let mut handle_interval_end = _smelt_tmp_15.clone();
     |         ----^^^^^^^^^^^^^^^^^^^
     |         |
     |         help: remove this `mut`

warning: variable does not need to be mutable
    --> src/main.rs:6967:9
     |
6967 |     let mut burst_start_timestamp = burst_start_timestamp.clone();
     |         ----^^^^^^^^^^^^^^^^^^^^^
     |         |
     |         help: remove this `mut`

warning: variable does not need to be mutable
    --> src/main.rs:6968:9
     |
6968 |     let mut burst_timeout_id = burst_timeout_id.clone();
     |         ----^^^^^^^^^^^^^^^^
     |         |
     |         help: remove this `mut`

warning: variable does not need to be mutable
    --> src/main.rs:6969:9
     |
6969 |     let mut interval_timeout_id = interval_timeout_id.clone();
     |         ----^^^^^^^^^^^^^^^^^^^
     |         |
     |         help: remove this `mut`

warning: variable does not need to be mutable
    --> src/main.rs:6970:9
     |
6970 |     let mut invoke = invoke.clone();
     |         ----^^^^^^
     |         |
     |         help: remove this `mut`

warning: variable does not need to be mutable
    --> src/main.rs:6984:9
     |
6984 |     let mut handle_burst_end = _smelt_tmp_16.clone();
     |         ----^^^^^^^^^^^^^^^^
     |         |
     |         help: remove this `mut`

warning: variable does not need to be mutable
    --> src/main.rs:6986:9
     |
6986 |     let mut burst_start_timestamp = burst_start_timestamp.clone();
     |         ----^^^^^^^^^^^^^^^^^^^^^
     |         |
     |         help: remove this `mut`

warning: variable does not need to be mutable
    --> src/main.rs:6987:9
     |
6987 |     let mut burst_timeout_id = burst_timeout_id.clone();
     |         ----^^^^^^^^^^^^^^^^
     |         |
     |         help: remove this `mut`

warning: variable does not need to be mutable
    --> src/main.rs:6988:9
     |
6988 |     let mut handle_burst_end = handle_burst_end.clone();
     |         ----^^^^^^^^^^^^^^^^
     |         |
     |         help: remove this `mut`

warning: variable does not need to be mutable
    --> src/main.rs:6989:9
     |
6989 |     let mut interval_timeout_id = interval_timeout_id.clone();
     |         ----^^^^^^^^^^^^^^^^^^^
     |         |
     |         help: remove this `mut`

warning: variable does not need to be mutable
    --> src/main.rs:6990:9
     |
6990 |     let mut invoke = invoke.clone();
     |         ----^^^^^^
     |         |
     |         help: remove this `mut`

warning: variable does not need to be mutable
    --> src/main.rs:6991:9
     |
6991 |     let mut max_burst_duration_ms = max_burst_duration_ms.clone();
     |         ----^^^^^^^^^^^^^^^^^^^^^
     |         |
     |         help: remove this `mut`

warning: variable does not need to be mutable
    --> src/main.rs:6992:9
     |
6992 |     let mut min_gap_ms = min_gap_ms.clone();
     |         ----^^^^^^^^^^
     |         |
     |         help: remove this `mut`

warning: variable does not need to be mutable
    --> src/main.rs:6993:9
     |
6993 |     let mut min_quiet_period_ms = min_quiet_period_ms.clone();
     |         ----^^^^^^^^^^^^^^^^^^^
     |         |
     |         help: remove this `mut`

warning: variable does not need to be mutable
    --> src/main.rs:6994:9
     |
6994 |     let mut prepared_data = prepared_data.clone();
     |         ----^^^^^^^^^^^^^
     |         |
     |         help: remove this `mut`

warning: variable does not need to be mutable
    --> src/main.rs:6995:9
     |
6995 |     let mut reducer = reducer.clone();
     |         ----^^^^^^^
     |         |
     |         help: remove this `mut`

warning: variable does not need to be mutable
    --> src/main.rs:6996:9
     |
6996 |     let mut trigger_at = trigger_at.clone();
     |         ----^^^^^^^^^^
     |         |
     |         help: remove this `mut`

warning: variable does not need to be mutable
    --> src/main.rs:7156:9
     |
7156 |     let mut burst_start_timestamp = burst_start_timestamp.clone();
     |         ----^^^^^^^^^^^^^^^^^^^^^
     |         |
     |         help: remove this `mut`

warning: variable does not need to be mutable
    --> src/main.rs:7157:9
     |
7157 |     let mut burst_timeout_id = burst_timeout_id.clone();
     |         ----^^^^^^^^^^^^^^^^
     |         |
     |         help: remove this `mut`

warning: variable does not need to be mutable
    --> src/main.rs:7158:9
     |
7158 |     let mut interval_timeout_id = interval_timeout_id.clone();
     |         ----^^^^^^^^^^^^^^^^^^^
     |         |
     |         help: remove this `mut`

warning: variable does not need to be mutable
    --> src/main.rs:7159:9
     |
7159 |     let mut prepared_data = prepared_data.clone();
     |         ----^^^^^^^^^^^^^
     |         |
     |         help: remove this `mut`

warning: variable does not need to be mutable
    --> src/main.rs:7169:9
     |
7169 |     let mut handle_burst_end = handle_burst_end.clone();
     |         ----^^^^^^^^^^^^^^^^
     |         |
     |         help: remove this `mut`

warning: variable does not need to be mutable
    --> src/main.rs:7170:9
     |
7170 |     let mut handle_interval_end = handle_interval_end.clone();
     |         ----^^^^^^^^^^^^^^^^^^^
     |         |
     |         help: remove this `mut`

warning: value assigned to `now` is never read
    --> src/main.rs:6998:24
     |
6998 |     let mut now: i64 = 0;
     |                        ^
     |
     = help: maybe it is overwritten before being read?

warning: value assigned to `burst_remaining_ms` is never read
    --> src/main.rs:7130:5
     |
7130 |     burst_remaining_ms = _smelt_tmp_33.clone();
     |     ^^^^^^^^^^^^^^^^^^^^^^^^^^^^^^^^^^^^^^^^^^
     |
     = help: maybe it is overwritten before being read?

warning: value assigned to `burst_remaining_ms` is never read
    --> src/main.rs:7113:5
     |
7113 |     burst_remaining_ms = _smelt_tmp_33.clone();
     |     ^^^^^^^^^^^^^^^^^^^^^^^^^^^^^^^^^^^^^^^^^^
     |
     = help: maybe it is overwritten before being read?

warning: value assigned to `burst_remaining_ms` is never read
    --> src/main.rs:7070:5
     |
7070 |     burst_remaining_ms = _smelt_tmp_33.clone();
     |     ^^^^^^^^^^^^^^^^^^^^^^^^^^^^^^^^^^^^^^^^^^
     |
     = help: maybe it is overwritten before being read?

warning: value assigned to `burst_remaining_ms` is never read
    --> src/main.rs:7053:5
     |
7053 |     burst_remaining_ms = _smelt_tmp_33.clone();
     |     ^^^^^^^^^^^^^^^^^^^^^^^^^^^^^^^^^^^^^^^^^^
     |
     = help: maybe it is overwritten before being read?

warning: variable does not need to be mutable
    --> src/main.rs:7190:108
     |
7190 | ...ell::RefCell::new(|closure_arg_0: Vec<SmeltUnknown>, mut closure_arg_1: ::std::rc::Rc<::std::cell::RefCell<dyn FnMut(SmeltUnknown, f64...
     |                                                         ----^^^^^^^^^^^^^
     |                                                         |
     |                                                         help: remove this `mut`

warning: variable does not need to be mutable
    --> src/main.rs:7198:53
     |
7198 | fn group_by_implementation(data: Vec<SmeltUnknown>, mut callbackfn: &mut dyn FnMut(SmeltUnknown, f64, Vec<SmeltUnknown>) -> Option<SmeltU...
     |                                                     ----^^^^^^^^^^
     |                                                     |
     |                                                     help: remove this `mut`

warning: value assigned to `item` is never read
    --> src/main.rs:7199:34
     |
7199 |     let mut item: SmeltUnknown = Default::default();
     |                                  ^^^^^^^^^^^^^^^^^^
     |
     = help: maybe it is overwritten before being read?

warning: value assigned to `key` is never read
    --> src/main.rs:7200:41
     |
7200 |     let mut key: Option<SmeltUnknown> = None;
     |                                         ^^^^
     |
     = help: maybe it is overwritten before being read?

warning: value assigned to `items` is never read
    --> src/main.rs:7201:40
     |
7201 |     let mut items: Vec<SmeltUnknown> = Vec::new();
     |                                        ^^^^^^^^^^
     |
     = help: maybe it is overwritten before being read?

warning: value assigned to `item` is never read
    --> src/main.rs:7263:34
     |
7263 |     let mut item: SmeltUnknown = SmeltUnknown::Null;
     |                                  ^^^^^^^^^^^^^^^^^^
     |
     = help: maybe it is overwritten before being read?

warning: value assigned to `key` is never read
    --> src/main.rs:7264:41
     |
7264 |     let mut key: Option<SmeltUnknown> = None;
     |                                         ^^^^
     |
     = help: maybe it is overwritten before being read?

warning: value assigned to `items` is never read
    --> src/main.rs:7265:40
     |
7265 |     let mut items: Vec<SmeltUnknown> = Vec::new();
     |                                        ^^^^^^^^^^
     |
     = help: maybe it is overwritten before being read?

warning: value assigned to `key` is never read
    --> src/main.rs:8237:5
     |
8237 |     key = if let SmeltUnknown::String(value) = SmeltUnknown::Null.clone().clone() { value } else { panic!("unknown is not string") };
     |     ^^^
     |
     = help: maybe it is overwritten before being read?

warning: value assigned to `key` is never read
    --> src/main.rs:8219:5
     |
8219 |     key = if let SmeltUnknown::String(value) = SmeltUnknown::Null.clone().clone() { value } else { panic!("unknown is not string") };
     |     ^^^
     |
     = help: maybe it is overwritten before being read?

warning: value assigned to `key` is never read
    --> src/main.rs:8201:5
     |
8201 |     key = if let SmeltUnknown::String(value) = SmeltUnknown::Null.clone().clone() { value } else { panic!("unknown is not string") };
     |     ^^^
     |
     = help: maybe it is overwritten before being read?

warning: value assigned to `key` is never read
    --> src/main.rs:8183:5
     |
8183 |     key = if let SmeltUnknown::String(value) = SmeltUnknown::Null.clone().clone() { value } else { panic!("unknown is not string") };
     |     ^^^
     |
     = help: maybe it is overwritten before being read?

warning: value assigned to `key` is never read
    --> src/main.rs:8165:5
     |
8165 |     key = if let SmeltUnknown::String(value) = SmeltUnknown::Null.clone().clone() { value } else { panic!("unknown is not string") };
     |     ^^^
     |
     = help: maybe it is overwritten before being read?

warning: value assigned to `key` is never read
    --> src/main.rs:8147:5
     |
8147 |     key = if let SmeltUnknown::String(value) = SmeltUnknown::Null.clone().clone() { value } else { panic!("unknown is not string") };
     |     ^^^
     |
     = help: maybe it is overwritten before being read?

warning: value assigned to `key` is never read
    --> src/main.rs:8129:5
     |
8129 |     key = if let SmeltUnknown::String(value) = SmeltUnknown::Null.clone().clone() { value } else { panic!("unknown is not string") };
     |     ^^^
     |
     = help: maybe it is overwritten before being read?

warning: value assigned to `key` is never read
    --> src/main.rs:8111:5
     |
8111 |     key = if let SmeltUnknown::String(value) = SmeltUnknown::Null.clone().clone() { value } else { panic!("unknown is not string") };
     |     ^^^
     |
     = help: maybe it is overwritten before being read?

warning: value assigned to `key` is never read
    --> src/main.rs:8093:5
     |
8093 |     key = if let SmeltUnknown::String(value) = SmeltUnknown::Null.clone().clone() { value } else { panic!("unknown is not string") };
     |     ^^^
     |
     = help: maybe it is overwritten before being read?

warning: value assigned to `key` is never read
    --> src/main.rs:8075:5
     |
8075 |     key = if let SmeltUnknown::String(value) = SmeltUnknown::Null.clone().clone() { value } else { panic!("unknown is not string") };
     |     ^^^
     |
     = help: maybe it is overwritten before being read?

warning: value assigned to `key` is never read
    --> src/main.rs:8057:5
     |
8057 |     key = if let SmeltUnknown::String(value) = SmeltUnknown::Null.clone().clone() { value } else { panic!("unknown is not string") };
     |     ^^^
     |
     = help: maybe it is overwritten before being read?

warning: value assigned to `key` is never read
    --> src/main.rs:8039:5
     |
8039 |     key = if let SmeltUnknown::String(value) = SmeltUnknown::Null.clone().clone() { value } else { panic!("unknown is not string") };
     |     ^^^
     |
     = help: maybe it is overwritten before being read?

warning: value assigned to `key` is never read
    --> src/main.rs:8021:5
     |
8021 |     key = if let SmeltUnknown::String(value) = SmeltUnknown::Null.clone().clone() { value } else { panic!("unknown is not string") };
     |     ^^^
     |
     = help: maybe it is overwritten before being read?

warning: value assigned to `key` is never read
    --> src/main.rs:8003:5
     |
8003 |     key = if let SmeltUnknown::String(value) = SmeltUnknown::Null.clone().clone() { value } else { panic!("unknown is not string") };
     |     ^^^
     |
     = help: maybe it is overwritten before being read?

warning: value assigned to `key` is never read
    --> src/main.rs:7985:5
     |
7985 |     key = if let SmeltUnknown::String(value) = SmeltUnknown::Null.clone().clone() { value } else { panic!("unknown is not string") };
     |     ^^^
     |
     = help: maybe it is overwritten before being read?

warning: value assigned to `key` is never read
    --> src/main.rs:7967:5
     |
7967 |     key = if let SmeltUnknown::String(value) = SmeltUnknown::Null.clone().clone() { value } else { panic!("unknown is not string") };
     |     ^^^
     |
     = help: maybe it is overwritten before being read?

warning: value assigned to `key` is never read
    --> src/main.rs:7949:5
     |
7949 |     key = if let SmeltUnknown::String(value) = SmeltUnknown::Null.clone().clone() { value } else { panic!("unknown is not string") };
     |     ^^^
     |
     = help: maybe it is overwritten before being read?

warning: value assigned to `key` is never read
    --> src/main.rs:7931:5
     |
7931 |     key = if let SmeltUnknown::String(value) = SmeltUnknown::Null.clone().clone() { value } else { panic!("unknown is not string") };
     |     ^^^
     |
     = help: maybe it is overwritten before being read?

warning: value assigned to `key` is never read
    --> src/main.rs:7913:5
     |
7913 |     key = if let SmeltUnknown::String(value) = SmeltUnknown::Null.clone().clone() { value } else { panic!("unknown is not string") };
     |     ^^^
     |
     = help: maybe it is overwritten before being read?

warning: value assigned to `key` is never read
    --> src/main.rs:7895:5
     |
7895 |     key = if let SmeltUnknown::String(value) = SmeltUnknown::Null.clone().clone() { value } else { panic!("unknown is not string") };
     |     ^^^
     |
     = help: maybe it is overwritten before being read?

warning: value assigned to `key` is never read
    --> src/main.rs:7877:5
     |
7877 |     key = if let SmeltUnknown::String(value) = SmeltUnknown::Null.clone().clone() { value } else { panic!("unknown is not string") };
     |     ^^^
     |
     = help: maybe it is overwritten before being read?

warning: value assigned to `key` is never read
    --> src/main.rs:7859:5
     |
7859 |     key = if let SmeltUnknown::String(value) = SmeltUnknown::Null.clone().clone() { value } else { panic!("unknown is not string") };
     |     ^^^
     |
     = help: maybe it is overwritten before being read?

warning: value assigned to `key` is never read
    --> src/main.rs:7841:5
     |
7841 |     key = if let SmeltUnknown::String(value) = SmeltUnknown::Null.clone().clone() { value } else { panic!("unknown is not string") };
     |     ^^^
     |
     = help: maybe it is overwritten before being read?

warning: value assigned to `key` is never read
    --> src/main.rs:7823:5
     |
7823 |     key = if let SmeltUnknown::String(value) = SmeltUnknown::Null.clone().clone() { value } else { panic!("unknown is not string") };
     |     ^^^
     |
     = help: maybe it is overwritten before being read?

warning: value assigned to `key` is never read
    --> src/main.rs:7805:5
     |
7805 |     key = if let SmeltUnknown::String(value) = SmeltUnknown::Null.clone().clone() { value } else { panic!("unknown is not string") };
     |     ^^^
     |
     = help: maybe it is overwritten before being read?

warning: value assigned to `key` is never read
    --> src/main.rs:7787:5
     |
7787 |     key = if let SmeltUnknown::String(value) = SmeltUnknown::Null.clone().clone() { value } else { panic!("unknown is not string") };
     |     ^^^
     |
     = help: maybe it is overwritten before being read?

warning: value assigned to `key` is never read
    --> src/main.rs:7769:5
     |
7769 |     key = if let SmeltUnknown::String(value) = SmeltUnknown::Null.clone().clone() { value } else { panic!("unknown is not string") };
     |     ^^^
     |
     = help: maybe it is overwritten before being read?

warning: value assigned to `key` is never read
    --> src/main.rs:7751:5
     |
7751 |     key = if let SmeltUnknown::String(value) = SmeltUnknown::Null.clone().clone() { value } else { panic!("unknown is not string") };
     |     ^^^
     |
     = help: maybe it is overwritten before being read?

warning: value assigned to `key` is never read
    --> src/main.rs:7733:5
     |
7733 |     key = if let SmeltUnknown::String(value) = SmeltUnknown::Null.clone().clone() { value } else { panic!("unknown is not string") };
     |     ^^^
     |
     = help: maybe it is overwritten before being read?

warning: value assigned to `key` is never read
    --> src/main.rs:7715:5
     |
7715 |     key = if let SmeltUnknown::String(value) = SmeltUnknown::Null.clone().clone() { value } else { panic!("unknown is not string") };
     |     ^^^
     |
     = help: maybe it is overwritten before being read?

warning: value assigned to `key` is never read
    --> src/main.rs:7697:5
     |
7697 |     key = if let SmeltUnknown::String(value) = SmeltUnknown::Null.clone().clone() { value } else { panic!("unknown is not string") };
     |     ^^^
     |
     = help: maybe it is overwritten before being read?

warning: value assigned to `key` is never read
    --> src/main.rs:7679:5
     |
7679 |     key = if let SmeltUnknown::String(value) = SmeltUnknown::Null.clone().clone() { value } else { panic!("unknown is not string") };
     |     ^^^
     |
     = help: maybe it is overwritten before being read?

warning: value assigned to `key` is never read
    --> src/main.rs:7661:5
     |
7661 |     key = if let SmeltUnknown::String(value) = SmeltUnknown::Null.clone().clone() { value } else { panic!("unknown is not string") };
     |     ^^^
     |
     = help: maybe it is overwritten before being read?

warning: value assigned to `key` is never read
    --> src/main.rs:7643:5
     |
7643 |     key = if let SmeltUnknown::String(value) = SmeltUnknown::Null.clone().clone() { value } else { panic!("unknown is not string") };
     |     ^^^
     |
     = help: maybe it is overwritten before being read?

warning: value assigned to `key` is never read
    --> src/main.rs:7625:5
     |
7625 |     key = if let SmeltUnknown::String(value) = SmeltUnknown::Null.clone().clone() { value } else { panic!("unknown is not string") };
     |     ^^^
     |
     = help: maybe it is overwritten before being read?

warning: value assigned to `key` is never read
    --> src/main.rs:7607:5
     |
7607 |     key = if let SmeltUnknown::String(value) = SmeltUnknown::Null.clone().clone() { value } else { panic!("unknown is not string") };
     |     ^^^
     |
     = help: maybe it is overwritten before being read?

warning: value assigned to `key` is never read
    --> src/main.rs:7589:5
     |
7589 |     key = if let SmeltUnknown::String(value) = SmeltUnknown::Null.clone().clone() { value } else { panic!("unknown is not string") };
     |     ^^^
     |
     = help: maybe it is overwritten before being read?

warning: value assigned to `key` is never read
    --> src/main.rs:7571:5
     |
7571 |     key = if let SmeltUnknown::String(value) = SmeltUnknown::Null.clone().clone() { value } else { panic!("unknown is not string") };
     |     ^^^
     |
     = help: maybe it is overwritten before being read?

warning: value assigned to `key` is never read
    --> src/main.rs:7553:5
     |
7553 |     key = if let SmeltUnknown::String(value) = SmeltUnknown::Null.clone().clone() { value } else { panic!("unknown is not string") };
     |     ^^^
     |
     = help: maybe it is overwritten before being read?

warning: value assigned to `key` is never read
    --> src/main.rs:7535:5
     |
7535 |     key = if let SmeltUnknown::String(value) = SmeltUnknown::Null.clone().clone() { value } else { panic!("unknown is not string") };
     |     ^^^
     |
     = help: maybe it is overwritten before being read?

warning: value assigned to `key` is never read
    --> src/main.rs:7517:5
     |
7517 |     key = if let SmeltUnknown::String(value) = SmeltUnknown::Null.clone().clone() { value } else { panic!("unknown is not string") };
     |     ^^^
     |
     = help: maybe it is overwritten before being read?

warning: value assigned to `key` is never read
    --> src/main.rs:7499:5
     |
7499 |     key = if let SmeltUnknown::String(value) = SmeltUnknown::Null.clone().clone() { value } else { panic!("unknown is not string") };
     |     ^^^
     |
     = help: maybe it is overwritten before being read?

warning: value assigned to `key` is never read
    --> src/main.rs:7481:5
     |
7481 |     key = if let SmeltUnknown::String(value) = SmeltUnknown::Null.clone().clone() { value } else { panic!("unknown is not string") };
     |     ^^^
     |
     = help: maybe it is overwritten before being read?

warning: value assigned to `key` is never read
    --> src/main.rs:7463:5
     |
7463 |     key = if let SmeltUnknown::String(value) = SmeltUnknown::Null.clone().clone() { value } else { panic!("unknown is not string") };
     |     ^^^
     |
     = help: maybe it is overwritten before being read?

warning: value assigned to `key` is never read
    --> src/main.rs:7445:5
     |
7445 |     key = if let SmeltUnknown::String(value) = SmeltUnknown::Null.clone().clone() { value } else { panic!("unknown is not string") };
     |     ^^^
     |
     = help: maybe it is overwritten before being read?

warning: value assigned to `key` is never read
    --> src/main.rs:7427:5
     |
7427 |     key = if let SmeltUnknown::String(value) = SmeltUnknown::Null.clone().clone() { value } else { panic!("unknown is not string") };
     |     ^^^
     |
     = help: maybe it is overwritten before being read?

warning: value assigned to `value` is never read
    --> src/main.rs:7342:35
     |
7342 |     let mut value: SmeltUnknown = SmeltUnknown::Null;
     |                                   ^^^^^^^^^^^^^^^^^^
     |
     = help: maybe it is overwritten before being read?

warning: value assigned to `index` is never read
    --> src/main.rs:8286:26
     |
8286 |     let mut index: i64 = 0;
     |                          ^
     |
     = help: maybe it is overwritten before being read?

warning: value assigned to `item` is never read
    --> src/main.rs:8287:34
     |
8287 |     let mut item: SmeltUnknown = SmeltUnknown::Null;
     |                                  ^^^^^^^^^^^^^^^^^^
     |
     = help: maybe it is overwritten before being read?

warning: value assigned to `key` is never read
    --> src/main.rs:8666:33
     |
8666 |     let mut key: SmeltUnknown = SmeltUnknown::Null;
     |                                 ^^^^^^^^^^^^^^^^^^
     |
     = help: maybe it is overwritten before being read?

warning: value assigned to `value` is never read
    --> src/main.rs:8667:35
     |
8667 |     let mut value: SmeltUnknown = SmeltUnknown::Null;
     |                                   ^^^^^^^^^^^^^^^^^^
     |
     = help: maybe it is overwritten before being read?

warning: variable does not need to be mutable
    --> src/main.rs:9118:9
     |
9118 |     let mut index: i64 = 0;
     |         ----^^^^^
     |         |
     |         help: remove this `mut`

warning: variable does not need to be mutable
    --> src/main.rs:9119:9
     |
9119 |     let mut other_item: SmeltUnknown = SmeltUnknown::Null;
     |         ----^^^^^^^^^^
     |         |
     |         help: remove this `mut`

warning: value assigned to `other_copy` is never read
    --> src/main.rs:9114:45
     |
9114 |     let mut other_copy: Vec<SmeltUnknown> = Vec::new();
     |                                             ^^^^^^^^^^
     |
     = help: maybe it is overwritten before being read?

warning: value assigned to `data_item` is never read
    --> src/main.rs:9145:5
     |
9145 |     data_item = _smelt_tmp_12.get({ let len = _smelt_tmp_12.len() as i64; let index = _smelt_tmp_13.clone() as i64; let normalized = if i...
     |     ^^^^^^^^^
     |
     = help: maybe it is overwritten before being read?

warning: value assigned to `is_found` is never read
    --> src/main.rs:9146:5
     |
9146 |     is_found = false;
     |     ^^^^^^^^^^^^^^^^
     |
     = help: maybe it is overwritten before being read?

warning: value assigned to `key` is never read
    --> src/main.rs:9604:5
     |
9604 |     key = if let SmeltUnknown::String(value) = SmeltUnknown::Null.clone().clone() { value } else { panic!("unknown is not string") };
     |     ^^^
     |
     = help: maybe it is overwritten before being read?

warning: value assigned to `key` is never read
    --> src/main.rs:9584:5
     |
9584 |     key = if let SmeltUnknown::String(value) = SmeltUnknown::Null.clone().clone() { value } else { panic!("unknown is not string") };
     |     ^^^
     |
     = help: maybe it is overwritten before being read?

warning: value assigned to `key` is never read
    --> src/main.rs:9564:5
     |
9564 |     key = if let SmeltUnknown::String(value) = SmeltUnknown::Null.clone().clone() { value } else { panic!("unknown is not string") };
     |     ^^^
     |
     = help: maybe it is overwritten before being read?

warning: value assigned to `key` is never read
    --> src/main.rs:9544:5
     |
9544 |     key = if let SmeltUnknown::String(value) = SmeltUnknown::Null.clone().clone() { value } else { panic!("unknown is not string") };
     |     ^^^
     |
     = help: maybe it is overwritten before being read?

warning: value assigned to `key` is never read
    --> src/main.rs:9524:5
     |
9524 |     key = if let SmeltUnknown::String(value) = SmeltUnknown::Null.clone().clone() { value } else { panic!("unknown is not string") };
     |     ^^^
     |
     = help: maybe it is overwritten before being read?

warning: value assigned to `key` is never read
    --> src/main.rs:9504:5
     |
9504 |     key = if let SmeltUnknown::String(value) = SmeltUnknown::Null.clone().clone() { value } else { panic!("unknown is not string") };
     |     ^^^
     |
     = help: maybe it is overwritten before being read?

warning: value assigned to `key` is never read
    --> src/main.rs:9484:5
     |
9484 |     key = if let SmeltUnknown::String(value) = SmeltUnknown::Null.clone().clone() { value } else { panic!("unknown is not string") };
     |     ^^^
     |
     = help: maybe it is overwritten before being read?

warning: value assigned to `key` is never read
    --> src/main.rs:9464:5
     |
9464 |     key = if let SmeltUnknown::String(value) = SmeltUnknown::Null.clone().clone() { value } else { panic!("unknown is not string") };
     |     ^^^
     |
     = help: maybe it is overwritten before being read?

warning: value assigned to `key` is never read
    --> src/main.rs:9444:5
     |
9444 |     key = if let SmeltUnknown::String(value) = SmeltUnknown::Null.clone().clone() { value } else { panic!("unknown is not string") };
     |     ^^^
     |
     = help: maybe it is overwritten before being read?

warning: value assigned to `key` is never read
    --> src/main.rs:9424:5
     |
9424 |     key = if let SmeltUnknown::String(value) = SmeltUnknown::Null.clone().clone() { value } else { panic!("unknown is not string") };
     |     ^^^
     |
     = help: maybe it is overwritten before being read?

warning: value assigned to `key` is never read
    --> src/main.rs:9404:5
     |
9404 |     key = if let SmeltUnknown::String(value) = SmeltUnknown::Null.clone().clone() { value } else { panic!("unknown is not string") };
     |     ^^^
     |
     = help: maybe it is overwritten before being read?

warning: value assigned to `key` is never read
    --> src/main.rs:9384:5
     |
9384 |     key = if let SmeltUnknown::String(value) = SmeltUnknown::Null.clone().clone() { value } else { panic!("unknown is not string") };
     |     ^^^
     |
     = help: maybe it is overwritten before being read?

warning: value assigned to `key` is never read
    --> src/main.rs:9364:5
     |
9364 |     key = if let SmeltUnknown::String(value) = SmeltUnknown::Null.clone().clone() { value } else { panic!("unknown is not string") };
     |     ^^^
     |
     = help: maybe it is overwritten before being read?

warning: value assigned to `key` is never read
    --> src/main.rs:9344:5
     |
9344 |     key = if let SmeltUnknown::String(value) = SmeltUnknown::Null.clone().clone() { value } else { panic!("unknown is not string") };
     |     ^^^
     |
     = help: maybe it is overwritten before being read?

warning: value assigned to `key` is never read
    --> src/main.rs:9324:5
     |
9324 |     key = if let SmeltUnknown::String(value) = SmeltUnknown::Null.clone().clone() { value } else { panic!("unknown is not string") };
     |     ^^^
     |
     = help: maybe it is overwritten before being read?

warning: value assigned to `key` is never read
    --> src/main.rs:9304:5
     |
9304 |     key = if let SmeltUnknown::String(value) = SmeltUnknown::Null.clone().clone() { value } else { panic!("unknown is not string") };
     |     ^^^
     |
     = help: maybe it is overwritten before being read?

warning: value assigned to `key` is never read
    --> src/main.rs:9284:5
     |
9284 |     key = if let SmeltUnknown::String(value) = SmeltUnknown::Null.clone().clone() { value } else { panic!("unknown is not string") };
     |     ^^^
     |
     = help: maybe it is overwritten before being read?

warning: value assigned to `key` is never read
    --> src/main.rs:9264:5
     |
9264 |     key = if let SmeltUnknown::String(value) = SmeltUnknown::Null.clone().clone() { value } else { panic!("unknown is not string") };
     |     ^^^
     |
     = help: maybe it is overwritten before being read?

warning: value assigned to `key` is never read
    --> src/main.rs:9244:5
     |
9244 |     key = if let SmeltUnknown::String(value) = SmeltUnknown::Null.clone().clone() { value } else { panic!("unknown is not string") };
     |     ^^^
     |
     = help: maybe it is overwritten before being read?

warning: value assigned to `key` is never read
    --> src/main.rs:9224:5
     |
9224 |     key = if let SmeltUnknown::String(value) = SmeltUnknown::Null.clone().clone() { value } else { panic!("unknown is not string") };
     |     ^^^
     |
     = help: maybe it is overwritten before being read?

warning: value assigned to `key` is never read
    --> src/main.rs:9204:5
     |
9204 |     key = if let SmeltUnknown::String(value) = SmeltUnknown::Null.clone().clone() { value } else { panic!("unknown is not string") };
     |     ^^^
     |
     = help: maybe it is overwritten before being read?

warning: value assigned to `key` is never read
    --> src/main.rs:9184:5
     |
9184 |     key = if let SmeltUnknown::String(value) = SmeltUnknown::Null.clone().clone() { value } else { panic!("unknown is not string") };
     |     ^^^
     |
     = help: maybe it is overwritten before being read?

warning: value assigned to `value` is never read
    --> src/main.rs:9168:35
     |
9168 |     let mut value: SmeltUnknown = SmeltUnknown::Null;
     |                                   ^^^^^^^^^^^^^^^^^^
     |
     = help: maybe it is overwritten before being read?

warning: value assigned to `value` is never read
    --> src/main.rs:9605:5
     |
9605 |     value = SmeltUnknown::Null.clone();
     |     ^^^^^
     |
     = help: maybe it is overwritten before being read?

warning: variable does not need to be mutable
    --> src/main.rs:9628:108
     |
9628 | ...ell::RefCell::new(|closure_arg_0: Vec<SmeltUnknown>, mut closure_arg_1: ::std::rc::Rc<::std::cell::RefCell<dyn FnMut(SmeltUnknown, f64...
     |                                                         ----^^^^^^^^^^^^^
     |                                                         |
     |                                                         help: remove this `mut`

warning: variable does not need to be mutable
    --> src/main.rs:9636:53
     |
9636 | fn index_by_implementation(data: Vec<SmeltUnknown>, mut mapper: &mut dyn FnMut(SmeltUnknown, f64, Vec<SmeltUnknown>) -> SmeltUnknown) -> ...
     |                                                     ----^^^^^^
     |                                                     |
     |                                                     help: remove this `mut`

warning: value assigned to `index` is never read
    --> src/main.rs:9638:26
     |
9638 |     let mut index: i64 = 0;
     |                          ^
     |
     = help: maybe it is overwritten before being read?

warning: value assigned to `item` is never read
    --> src/main.rs:9639:34
     |
9639 |     let mut item: SmeltUnknown = Default::default();
     |                                  ^^^^^^^^^^^^^^^^^^
     |
     = help: maybe it is overwritten before being read?

warning: value assigned to `key` is never read
    --> src/main.rs:9640:33
     |
9640 |     let mut key: SmeltUnknown = Default::default();
     |                                 ^^^^^^^^^^^^^^^^^^
     |
     = help: maybe it is overwritten before being read?

warning: variable does not need to be mutable
    --> src/main.rs:9703:9
     |
9703 |     let mut remaining = remaining.clone();
     |         ----^^^^^^^^^
     |         |
     |         help: remove this `mut`

warning: value assigned to `remaining` is never read
    --> src/main.rs:9669:73
     |
9669 |     let mut remaining: ::std::collections::HashMap<SmeltUnknown, f64> = ::std::collections::HashMap::new();
     |                                                                         ^^^^^^^^^^^^^^^^^^^^^^^^^^^^^^^^^^
     |
     = help: maybe it is overwritten before being read?

warning: value assigned to `value` is never read
    --> src/main.rs:9670:35
     |
9670 |     let mut value: SmeltUnknown = Default::default();
     |                                   ^^^^^^^^^^^^^^^^^^
     |
     = help: maybe it is overwritten before being read?

warning: value assigned to `key` is never read
    --> src/main.rs:9764:27
     |
9764 |     let mut key: String = String::new();
     |                           ^^^^^^^^^^^^^
     |
     = help: maybe it is overwritten before being read?

warning: value assigned to `value` is never read
    --> src/main.rs:9765:35
     |
9765 |     let mut value: SmeltUnknown = Default::default();
     |                                   ^^^^^^^^^^^^^^^^^^
     |
     = help: maybe it is overwritten before being read?

warning: variable does not need to be mutable
    --> src/main.rs:9891:16
     |
9891 | fn is_function(mut data: SmeltUnknown) -> bool {
     |                ----^^^^
     |                |
     |                help: remove this `mut`

warning: variable does not need to be mutable
    --> src/main.rs:9907:9
     |
9907 |     let mut as_set = as_set.clone();
     |         ----^^^^^^
     |         |
     |         help: remove this `mut`

warning: value assigned to `as_set` is never read
    --> src/main.rs:9896:65
     |
9896 |     let mut as_set: ::std::collections::HashSet<SmeltUnknown> = ::std::collections::HashSet::new();
     |                                                                 ^^^^^^^^^^^^^^^^^^^^^^^^^^^^^^^^^^
     |
     = help: maybe it is overwritten before being read?

warning: variable does not need to be mutable
    --> src/main.rs:9929:11
     |
9929 | fn is_not(mut predicate: &mut dyn FnMut(SmeltUnknown) -> bool) -> ::std::rc::Rc<::std::cell::RefCell<dyn FnMut(SmeltUnknown) -> bool>> {
     |           ----^^^^^^^^^
     |           |
     |           help: remove this `mut`

error: lifetime may not live long enough
    --> src/main.rs:9931:12
     |
9929 | fn is_not(mut predicate: &mut dyn FnMut(SmeltUnknown) -> bool) -> ::std::rc::Rc<::std::cell::RefCell<dyn FnMut(SmeltUnknown) -> bool>> {
     |                          - let's call the lifetime of this reference `'1`
9930 |     let mut _smelt_tmp_1 = ::std::rc::Rc::new(::std::cell::RefCell::new(move |arg0: SmeltUnknown| { !(predicate(arg0.clone())) }));
9931 |     return _smelt_tmp_1.clone();
     |            ^^^^^^^^^^^^^^^^^^^^ returning this value requires that `'1` must outlive `'static`
     |
     = note: requirement occurs because of the type `RefCell<dyn FnMut(SmeltUnknown) -> bool>`, which makes the generic argument `dyn FnMut(SmeltUnknown) -> bool` invariant
     = note: the struct `RefCell<T>` is invariant over the parameter `T`
     = help: see <https://doc.rust-lang.org/nomicon/subtyping.html> for more information about variance
help: to declare that the trait object captures data from argument `predicate`, you can add an explicit `'_` lifetime bound
     |
9929 | fn is_not(mut predicate: &mut dyn FnMut(SmeltUnknown) -> bool) -> ::std::rc::Rc<::std::cell::RefCell<dyn FnMut(SmeltUnknown) -> bool + '_>> {
     |                                                                                                                                      ++++

warning: value assigned to `proto` is never read
    --> src/main.rs:9956:35
     |
9956 |     let mut proto: SmeltUnknown = SmeltUnknown::Null;
     |                                   ^^^^^^^^^^^^^^^^^^
     |
     = help: maybe it is overwritten before being read?

warning: value assigned to `keys` is never read
    --> src/main.rs:9992:33
     |
9992 |     let mut keys: Vec<String> = Vec::new();
     |                                 ^^^^^^^^^^
     |
     = help: maybe it is overwritten before being read?

warning: value assigned to `key` is never read
    --> src/main.rs:9993:27
     |
9993 |     let mut key: String = String::new();
     |                           ^^^^^^^^^^^^^
     |
     = help: maybe it is overwritten before being read?

warning: value assigned to `value_a` is never read
    --> src/main.rs:9994:37
     |
9994 |     let mut value_a: SmeltUnknown = SmeltUnknown::Null;
     |                                     ^^^^^^^^^^^^^^^^^^
     |
     = help: maybe it is overwritten before being read?

warning: value assigned to `value_b` is never read
    --> src/main.rs:9995:37
     |
9995 |     let mut value_b: SmeltUnknown = SmeltUnknown::Null;
     |                                     ^^^^^^^^^^^^^^^^^^
     |
     = help: maybe it is overwritten before being read?

warning: value assigned to `key` is never read
     --> src/main.rs:10787:33
      |
10787 |     let mut key: SmeltUnknown = SmeltUnknown::Null;
      |                                 ^^^^^^^^^^^^^^^^^^
      |
      = help: maybe it is overwritten before being read?

warning: value assigned to `value` is never read
     --> src/main.rs:10788:35
      |
10788 |     let mut value: SmeltUnknown = SmeltUnknown::Null;
      |                                   ^^^^^^^^^^^^^^^^^^
      |
      = help: maybe it is overwritten before being read?

warning: value assigned to `value_b` is never read
     --> src/main.rs:10789:45
      |
10789 |     let mut value_b: Option<SmeltUnknown> = None;
      |                                             ^^^^
      |
      = help: maybe it is overwritten before being read?

warning: value assigned to `value` is never read
     --> src/main.rs:11387:35
      |
11387 |     let mut value: SmeltUnknown = SmeltUnknown::Null;
      |                                   ^^^^^^^^^^^^^^^^^^
      |
      = help: maybe it is overwritten before being read?

warning: variable does not need to be mutable
     --> src/main.rs:11873:108
      |
11873 | ...ell::RefCell::new(|closure_arg_0: Vec<SmeltUnknown>, mut closure_arg_1: ::std::rc::Rc<::std::cell::RefCell<dyn FnMut(SmeltUnknown, f64...
      |                                                         ----^^^^^^^^^^^^^
      |                                                         |
      |                                                         help: remove this `mut`

warning: variable does not need to be mutable
     --> src/main.rs:11882:48
      |
11882 | fn map_implementation(data: Vec<SmeltUnknown>, mut callbackfn: &mut dyn FnMut(SmeltUnknown, f64, Vec<SmeltUnknown>) -> SmeltUnknown) -> V...
      |                                                ----^^^^^^^^^^
      |                                                |
      |                                                help: remove this `mut`

warning: variable does not need to be mutable
     --> src/main.rs:11888:103
      |
11888 |     let mut _smelt_tmp_1 = ::std::rc::Rc::new(::std::cell::RefCell::new(|closure_arg_0: SmeltUnknown, mut closure_arg_1: ::std::rc::Rc<::...
      |                                                                                                       ----^^^^^^^^^^^^^
      |                                                                                                       |
      |                                                                                                       help: remove this `mut`

warning: variable does not need to be mutable
     --> src/main.rs:11896:48
      |
11896 | fn map_keys_implementation(data: SmeltUnknown, mut key_mapper: &mut dyn FnMut(String, SmeltUnknown, SmeltUnknown) -> SmeltUnknown) -> ::s...
      |                                                ----^^^^^^^^^^
      |                                                |
      |                                                help: remove this `mut`

warning: value assigned to `key` is never read
     --> src/main.rs:11898:27
      |
11898 |     let mut key: String = String::new();
      |                           ^^^^^^^^^^^^^
      |
      = help: maybe it is overwritten before being read?

warning: value assigned to `value` is never read
     --> src/main.rs:11899:35
      |
11899 |     let mut value: SmeltUnknown = SmeltUnknown::Null;
      |                                   ^^^^^^^^^^^^^^^^^^
      |
      = help: maybe it is overwritten before being read?

warning: value assigned to `mapped_key` is never read
     --> src/main.rs:11900:40
      |
11900 |     let mut mapped_key: SmeltUnknown = Default::default();
      |                                        ^^^^^^^^^^^^^^^^^^
      |
      = help: maybe it is overwritten before being read?

warning: variable does not need to be mutable
     --> src/main.rs:11924:108
      |
11924 | ...ell::RefCell::new(|closure_arg_0: Vec<SmeltUnknown>, mut closure_arg_1: ::std::rc::Rc<::std::cell::RefCell<dyn FnMut(SmeltUnknown, f64...
      |                                                         ----^^^^^^^^^^^^^
      |                                                         |
      |                                                         help: remove this `mut`

warning: variable does not need to be mutable
     --> src/main.rs:11932:56
      |
11932 | fn map_to_obj_implementation(array: Vec<SmeltUnknown>, mut fn_: &mut dyn FnMut(SmeltUnknown, f64, Vec<SmeltUnknown>) -> (SmeltUnknown, Sm...
      |                                                        ----^^^
      |                                                        |
      |                                                        help: remove this `mut`

warning: value assigned to `index` is never read
     --> src/main.rs:11934:26
      |
11934 |     let mut index: i64 = 0;
      |                          ^
      |
      = help: maybe it is overwritten before being read?

warning: value assigned to `element` is never read
     --> src/main.rs:11935:37
      |
11935 |     let mut element: SmeltUnknown = SmeltUnknown::Null;
      |                                     ^^^^^^^^^^^^^^^^^^
      |
      = help: maybe it is overwritten before being read?

warning: value assigned to `key` is never read
     --> src/main.rs:11936:33
      |
11936 |     let mut key: SmeltUnknown = Default::default();
      |                                 ^^^^^^^^^^^^^^^^^^
      |
      = help: maybe it is overwritten before being read?

warning: value assigned to `value` is never read
     --> src/main.rs:11937:35
      |
11937 |     let mut value: SmeltUnknown = SmeltUnknown::Null;
      |                                   ^^^^^^^^^^^^^^^^^^
      |
      = help: maybe it is overwritten before being read?

warning: variable does not need to be mutable
     --> src/main.rs:11961:103
      |
11961 |     let mut _smelt_tmp_1 = ::std::rc::Rc::new(::std::cell::RefCell::new(|closure_arg_0: SmeltUnknown, mut closure_arg_1: ::std::rc::Rc<::...
      |                                                                                                       ----^^^^^^^^^^^^^
      |                                                                                                       |
      |                                                                                                       help: remove this `mut`

warning: variable does not need to be mutable
     --> src/main.rs:11969:50
      |
11969 | fn map_values_implementation(data: SmeltUnknown, mut value_mapper: &mut dyn FnMut(SmeltUnknown, String, SmeltUnknown) -> SmeltUnknown) ->...
      |                                                  ----^^^^^^^^^^^^
      |                                                  |
      |                                                  help: remove this `mut`

warning: value assigned to `key` is never read
     --> src/main.rs:11971:27
      |
11971 |     let mut key: String = String::new();
      |                           ^^^^^^^^^^^^^
      |
      = help: maybe it is overwritten before being read?

warning: value assigned to `value` is never read
     --> src/main.rs:11972:35
      |
11972 |     let mut value: SmeltUnknown = SmeltUnknown::Null;
      |                                   ^^^^^^^^^^^^^^^^^^
      |
      = help: maybe it is overwritten before being read?

warning: value assigned to `mapped_value` is never read
     --> src/main.rs:11973:42
      |
11973 |     let mut mapped_value: SmeltUnknown = Default::default();
      |                                          ^^^^^^^^^^^^^^^^^^
      |
      = help: maybe it is overwritten before being read?

warning: value assigned to `out` is never read
     --> src/main.rs:12012:24
      |
12012 |     let mut out: f64 = 0.0;
      |                        ^^^
      |
      = help: maybe it is overwritten before being read?

warning: value assigned to `value` is never read
     --> src/main.rs:12013:35
      |
12013 |     let mut value: SmeltUnknown = Default::default();
      |                                   ^^^^^^^^^^^^^^^^^^
      |
      = help: maybe it is overwritten before being read?

warning: variable does not need to be mutable
     --> src/main.rs:12060:108
      |
12060 | ...ell::RefCell::new(|closure_arg_0: Vec<SmeltUnknown>, mut closure_arg_1: ::std::rc::Rc<::std::cell::RefCell<dyn FnMut(SmeltUnknown, f64...
      |                                                         ----^^^^^^^^^^^^^
      |                                                         |
      |                                                         help: remove this `mut`

warning: variable does not need to be mutable
     --> src/main.rs:12068:53
      |
12068 | fn mean_by_implementation(array: Vec<SmeltUnknown>, mut fn_: &mut dyn FnMut(SmeltUnknown, f64, Vec<SmeltUnknown>) -> f64) -> f64 {
      |                                                     ----^^^
      |                                                     |
      |                                                     help: remove this `mut`

warning: value assigned to `sum` is never read
     --> src/main.rs:12069:24
      |
12069 |     let mut sum: f64 = 0.0;
      |                        ^^^
      |
      = help: maybe it is overwritten before being read?

warning: value assigned to `index` is never read
     --> src/main.rs:12071:26
      |
12071 |     let mut index: i64 = 0;
      |                          ^
      |
      = help: maybe it is overwritten before being read?

warning: value assigned to `item` is never read
     --> src/main.rs:12072:34
      |
12072 |     let mut item: SmeltUnknown = Default::default();
      |                                  ^^^^^^^^^^^^^^^^^^
      |
      = help: maybe it is overwritten before being read?

warning: value assigned to `sorted_data` is never read
     --> src/main.rs:12115:41
      |
12115 |     let mut sorted_data: SmeltUnknown = SmeltUnknown::Null;
      |                                         ^^^^^^^^^^^^^^^^^^
      |
      = help: maybe it is overwritten before being read?

warning: value assigned to `middle_index` is never read
     --> src/main.rs:12116:33
      |
12116 |     let mut middle_index: f64 = 0.0;
      |                                 ^^^
      |
      = help: maybe it is overwritten before being read?

warning: variable does not need to be mutable
     --> src/main.rs:12179:81
      |
12179 |     let _smelt_tmp_3: ::std::collections::HashMap<String, SmeltUnknown> = { let mut assigned = _smelt_tmp_2.clone().clone(); assigned };
      |                                                                                 ----^^^^^^^^
      |                                                                                 |
      |                                                                                 help: remove this `mut`

warning: value assigned to `item` is never read
     --> src/main.rs:12194:5
      |
12194 |     item = objects.get({ let len = objects.len() as i64; let index = _smelt_tmp_4.clone() as i64; let normalized = if index < 0 { len + i...
      |     ^^^^
      |
      = help: maybe it is overwritten before being read?

warning: variable does not need to be mutable
     --> src/main.rs:12223:81
      |
12223 |     let _smelt_tmp_7: ::std::collections::HashMap<String, SmeltUnknown> = { let mut assigned = _smelt_tmp_6.clone().clone(); assigned };
      |                                                                                 ----^^^^^^^^
      |                                                                                 |
      |                                                                                 help: remove this `mut`

warning: value assigned to `key` is never read
     --> src/main.rs:12214:27
      |
12214 |     let mut key: String = String::new();
      |                           ^^^^^^^^^^^^^
      |
      = help: maybe it is overwritten before being read?

warning: value assigned to `key` is never read
     --> src/main.rs:12737:5
      |
12737 |     key = _smelt_tmp_9.get({ let len = _smelt_tmp_9.len() as i64; let index = _smelt_tmp_10.clone() as i64; let normalized = if index < 0...
      |     ^^^
      |
      = help: maybe it is overwritten before being read?

warning: value assigned to `destination_value` is never read
     --> src/main.rs:12215:47
      |
12215 |     let mut destination_value: SmeltUnknown = SmeltUnknown::Null;
      |                                               ^^^^^^^^^^^^^^^^^^
      |
      = help: maybe it is overwritten before being read?

warning: value assigned to `source_value` is never read
     --> src/main.rs:12216:42
      |
12216 |     let mut source_value: SmeltUnknown = SmeltUnknown::Null;
      |                                          ^^^^^^^^^^^^^^^^^^
      |
      = help: maybe it is overwritten before being read?

warning: variable does not need to be mutable
     --> src/main.rs:12816:92
      |
12816 | fn quick_select_implementation(data: Vec<SmeltUnknown>, left: f64, right: f64, index: f64, mut compare_fn: &mut dyn FnMut(SmeltUnknown, S...
      |                                                                                            ----^^^^^^^^^^
      |                                                                                            |
      |                                                                                            help: remove this `mut`

warning: value assigned to `pivot_index` is never read
     --> src/main.rs:12817:32
      |
12817 |     let mut pivot_index: f64 = 0.0;
      |                                ^^^
      |
      = help: maybe it is overwritten before being read?

warning: variable does not need to be mutable
     --> src/main.rs:12860:66
      |
12860 | fn partition_190(data: Vec<SmeltUnknown>, left: f64, right: f64, mut compare_fn: &mut dyn FnMut(SmeltUnknown, SmeltUnknown) -> f64) -> f64 {
      |                                                                  ----^^^^^^^^^^
      |                                                                  |
      |                                                                  help: remove this `mut`

warning: variable does not need to be mutable
     --> src/main.rs:12867:9
      |
12867 |     let mut i: f64 = left.clone();
      |         ----^
      |         |
      |         help: remove this `mut`

warning: value assigned to `j` is never read
     --> src/main.rs:12879:5
      |
12879 |     j = _smelt_tmp_12.clone();
      |     ^^^^^^^^^^^^^^^^^^^^^^^^^
      |
      = help: maybe it is overwritten before being read?

warning: variable does not need to be mutable
     --> src/main.rs:12884:54
      |
12884 | fn quick_select(data: Vec<SmeltUnknown>, index: f64, mut compare_fn: &mut dyn FnMut(SmeltUnknown, SmeltUnknown) -> f64) -> Option<SmeltUn...
      |                                                      ----^^^^^^^^^^
      |                                                      |
      |                                                      help: remove this `mut`

warning: variable does not need to be mutable
     --> src/main.rs:12905:108
      |
12905 | ...ell::RefCell::new(|closure_arg_0: Vec<SmeltUnknown>, mut closure_arg_1: ::std::rc::Rc<::std::cell::RefCell<dyn FnMut(SmeltUnknown, Sme...
      |                                                         ----^^^^^^^^^^^^^
      |                                                         |
      |                                                         help: remove this `mut`

warning: variable does not need to be mutable
     --> src/main.rs:12913:51
      |
12913 | fn nth_by_implementation(data: Vec<SmeltUnknown>, mut compare_fn: &mut dyn FnMut(SmeltUnknown, SmeltUnknown) -> f64, index: f64) -> Optio...
      |                                                   ----^^^^^^^^^^
      |                                                   |
      |                                                   help: remove this `mut`

warning: variable does not need to be mutable
     --> src/main.rs:12976:27
      |
12976 |     _smelt_tmp_10 = { let mut assigned = _smelt_tmp_9.clone().clone(); assigned };
      |                           ----^^^^^^^^
      |                           |
      |                           help: remove this `mut`

warning: variable does not need to be mutable
     --> src/main.rs:12990:27
      |
12990 |     _smelt_tmp_17 = { let mut assigned = _smelt_tmp_16.clone().clone(); assigned };
      |                           ----^^^^^^^^
      |                           |
      |                           help: remove this `mut`

warning: value assigned to `remaining` is never read
     --> src/main.rs:12955:76
      |
12955 |     let mut remaining: ::std::collections::HashMap<String, SmeltUnknown> = ::std::collections::HashMap::new();
      |                                                                            ^^^^^^^^^^^^^^^^^^^^^^^^^^^^^^^^^^
      |
      = help: maybe it is overwritten before being read?

warning: value assigned to `out` is never read
     --> src/main.rs:12956:70
      |
12956 |     let mut out: ::std::collections::HashMap<String, SmeltUnknown> = ::std::collections::HashMap::new();
      |                                                                      ^^^^^^^^^^^^^^^^^^^^^^^^^^^^^^^^^^
      |
      = help: maybe it is overwritten before being read?

warning: value assigned to `key` is never read
     --> src/main.rs:12957:27
      |
12957 |     let mut key: String = String::new();
      |                           ^^^^^^^^^^^^^
      |
      = help: maybe it is overwritten before being read?

warning: variable does not need to be mutable
     --> src/main.rs:13004:103
      |
13004 |     let mut _smelt_tmp_1 = ::std::rc::Rc::new(::std::cell::RefCell::new(|closure_arg_0: SmeltUnknown, mut closure_arg_1: ::std::rc::Rc<::...
      |                                                                                                       ----^^^^^^^^^^^^^
      |                                                                                                       |
      |                                                                                                       help: remove this `mut`

warning: variable does not need to be mutable
     --> src/main.rs:13012:47
      |
13012 | fn omit_by_implementation(data: SmeltUnknown, mut predicate: &mut dyn FnMut(SmeltUnknown, String, SmeltUnknown) -> bool) -> ::std::collec...
      |                                               ----^^^^^^^^^
      |                                               |
      |                                               help: remove this `mut`

warning: variable does not need to be mutable
     --> src/main.rs:13021:81
      |
13021 |     let _smelt_tmp_7: ::std::collections::HashMap<String, SmeltUnknown> = { let mut assigned = _smelt_tmp_6.clone().clone(); assigned };
      |                                                                                 ----^^^^^^^^
      |                                                                                 |
      |                                                                                 help: remove this `mut`

warning: value assigned to `key` is never read
     --> src/main.rs:13014:27
      |
13014 |     let mut key: String = String::new();
      |                           ^^^^^^^^^^^^^
      |
      = help: maybe it is overwritten before being read?

warning: value assigned to `value` is never read
     --> src/main.rs:13015:35
      |
13015 |     let mut value: SmeltUnknown = SmeltUnknown::Null;
      |                                   ^^^^^^^^^^^^^^^^^^
      |
      = help: maybe it is overwritten before being read?

warning: variable does not need to be mutable
     --> src/main.rs:13055:9
      |
13055 |     let mut ret: SmeltUnknown = _smelt_tmp_4.clone();
      |         ----^^^
      |         |
      |         help: remove this `mut`

warning: variable does not need to be mutable
     --> src/main.rs:13056:9
      |
13056 |     let mut called: bool = true;
      |         ----^^^^^^
      |         |
      |         help: remove this `mut`

warning: variable does not need to be mutable
     --> src/main.rs:13044:13
      |
13044 | fn once_200(mut fn_: &mut dyn FnMut() -> SmeltUnknown) -> ::std::rc::Rc<::std::cell::RefCell<dyn FnMut() -> SmeltUnknown>> {
      |             ----^^^
      |             |
      |             help: remove this `mut`

warning: variable does not need to be mutable
     --> src/main.rs:13048:9
      |
13048 |     let mut called = called.clone();
      |         ----^^^^^^
      |         |
      |         help: remove this `mut`

warning: variable does not need to be mutable
     --> src/main.rs:13049:9
      |
13049 |     let mut ret = ret.clone();
      |         ----^^^
      |         |
      |         help: remove this `mut`

error: lifetime may not live long enough
     --> src/main.rs:13063:12
      |
13044 | fn once_200(mut fn_: &mut dyn FnMut() -> SmeltUnknown) -> ::std::rc::Rc<::std::cell::RefCell<dyn FnMut() -> SmeltUnknown>> {
      |                      - let's call the lifetime of this reference `'1`
...
13063 |     return _smelt_tmp_3.clone();
      |            ^^^^^^^^^^^^^^^^^^^^ returning this value requires that `'1` must outlive `'static`
      |
      = note: requirement occurs because of the type `RefCell<dyn FnMut() -> SmeltUnknown>`, which makes the generic argument `dyn FnMut() -> SmeltUnknown` invariant
      = note: the struct `RefCell<T>` is invariant over the parameter `T`
      = help: see <https://doc.rust-lang.org/nomicon/subtyping.html> for more information about variance
help: to declare that the trait object captures data from argument `fn_`, you can add an explicit `'_` lifetime bound
      |
13044 | fn once_200(mut fn_: &mut dyn FnMut() -> SmeltUnknown) -> ::std::rc::Rc<::std::cell::RefCell<dyn FnMut() -> SmeltUnknown + '_>> {
      |                                                                                                                          ++++

warning: variable does not need to be mutable
     --> src/main.rs:13102:108
      |
13102 | ...ell::RefCell::new(|closure_arg_0: Vec<SmeltUnknown>, mut closure_arg_1: ::std::rc::Rc<::std::cell::RefCell<dyn FnMut(SmeltUnknown, f64...
      |                                                         ----^^^^^^^^^^^^^
      |                                                         |
      |                                                         help: remove this `mut`

warning: variable does not need to be mutable
     --> src/main.rs:13110:54
      |
13110 | fn partition_implementation(data: Vec<SmeltUnknown>, mut predicate: &mut dyn FnMut(SmeltUnknown, f64, Vec<SmeltUnknown>) -> bool) -> (Vec...
      |                                                      ----^^^^^^^^^
      |                                                      |
      |                                                      help: remove this `mut`

warning: value assigned to `index` is never read
     --> src/main.rs:13112:26
      |
13112 |     let mut index: i64 = 0;
      |                          ^
      |
      = help: maybe it is overwritten before being read?

warning: value assigned to `item` is never read
     --> src/main.rs:13113:34
      |
13113 |     let mut item: SmeltUnknown = Default::default();
      |                                  ^^^^^^^^^^^^^^^^^^
      |
      = help: maybe it is overwritten before being read?

warning: value assigned to `prop` is never read
     --> src/main.rs:13159:34
      |
13159 |     let mut prop: SmeltUnknown = Default::default();
      |                                  ^^^^^^^^^^^^^^^^^^
      |
      = help: maybe it is overwritten before being read?

warning: variable does not need to be mutable
     --> src/main.rs:13203:9
      |
13203 |     let mut out: SmeltUnknown = SmeltUnknown::Object(_smelt_tmp_4.clone());
      |         ----^^^
      |         |
      |         help: remove this `mut`

warning: value assigned to `key` is never read
     --> src/main.rs:13207:5
      |
13207 |     key = if let SmeltUnknown::String(value) = SmeltUnknown::Null.clone().clone() { value } else { panic!("unknown is not string") };
      |     ^^^
      |
      = help: maybe it is overwritten before being read?

warning: variable does not need to be mutable
     --> src/main.rs:13222:103
      |
13222 |     let mut _smelt_tmp_1 = ::std::rc::Rc::new(::std::cell::RefCell::new(|closure_arg_0: SmeltUnknown, mut closure_arg_1: ::std::rc::Rc<::...
      |                                                                                                       ----^^^^^^^^^^^^^
      |                                                                                                       |
      |                                                                                                       help: remove this `mut`

warning: variable does not need to be mutable
     --> src/main.rs:13230:47
      |
13230 | fn pick_by_implementation(data: SmeltUnknown, mut predicate: &mut dyn FnMut(SmeltUnknown, String, SmeltUnknown) -> bool) -> ::std::collec...
      |                                               ----^^^^^^^^^
      |                                               |
      |                                               help: remove this `mut`

warning: value assigned to `key` is never read
     --> src/main.rs:13232:27
      |
13232 |     let mut key: String = String::new();
      |                           ^^^^^^^^^^^^^
      |
      = help: maybe it is overwritten before being read?

warning: value assigned to `value` is never read
     --> src/main.rs:13233:35
      |
13233 |     let mut value: SmeltUnknown = SmeltUnknown::Null;
      |                                   ^^^^^^^^^^^^^^^^^^
      |
      = help: maybe it is overwritten before being read?

warning: variable does not need to be mutable
     --> src/main.rs:13261:14
      |
13261 | fn piped_213(mut functions: Vec<::std::rc::Rc<::std::cell::RefCell<dyn FnMut(SmeltUnknown) -> SmeltUnknown>>>) -> ::std::rc::Rc<::std::ce...
      |              ----^^^^^^^^^
      |              |
      |              help: remove this `mut`

warning: value assigned to `out` is never read
     --> src/main.rs:13279:24
      |
13279 |     let mut out: f64 = 0.0;
      |                        ^^^
      |
      = help: maybe it is overwritten before being read?

warning: value assigned to `value` is never read
     --> src/main.rs:13280:35
      |
13280 |     let mut value: SmeltUnknown = Default::default();
      |                                   ^^^^^^^^^^^^^^^^^^
      |
      = help: maybe it is overwritten before being read?

warning: value assigned to `key` is never read
     --> src/main.rs:13768:5
      |
13768 |     key = keys.get({ let len = keys.len() as i64; let index = _smelt_tmp_4.clone() as i64; let normalized = if index < 0 { len + index } ...
      |     ^^^
      |
      = help: maybe it is overwritten before being read?

warning: value assigned to `key` is never read
     --> src/main.rs:13754:5
      |
13754 |     key = keys.get({ let len = keys.len() as i64; let index = _smelt_tmp_4.clone() as i64; let normalized = if index < 0 { len + index } ...
      |     ^^^
      |
      = help: maybe it is overwritten before being read?

warning: value assigned to `key` is never read
     --> src/main.rs:13740:5
      |
13740 |     key = keys.get({ let len = keys.len() as i64; let index = _smelt_tmp_4.clone() as i64; let normalized = if index < 0 { len + index } ...
      |     ^^^
      |
      = help: maybe it is overwritten before being read?

warning: value assigned to `key` is never read
     --> src/main.rs:13726:5
      |
13726 |     key = keys.get({ let len = keys.len() as i64; let index = _smelt_tmp_4.clone() as i64; let normalized = if index < 0 { len + index } ...
      |     ^^^
      |
      = help: maybe it is overwritten before being read?

warning: value assigned to `key` is never read
     --> src/main.rs:13712:5
      |
13712 |     key = keys.get({ let len = keys.len() as i64; let index = _smelt_tmp_4.clone() as i64; let normalized = if index < 0 { len + index } ...
      |     ^^^
      |
      = help: maybe it is overwritten before being read?

warning: value assigned to `key` is never read
     --> src/main.rs:13698:5
      |
13698 |     key = keys.get({ let len = keys.len() as i64; let index = _smelt_tmp_4.clone() as i64; let normalized = if index < 0 { len + index } ...
      |     ^^^
      |
      = help: maybe it is overwritten before being read?

warning: value assigned to `key` is never read
     --> src/main.rs:13684:5
      |
13684 |     key = keys.get({ let len = keys.len() as i64; let index = _smelt_tmp_4.clone() as i64; let normalized = if index < 0 { len + index } ...
      |     ^^^
      |
      = help: maybe it is overwritten before being read?

warning: value assigned to `key` is never read
     --> src/main.rs:13670:5
      |
13670 |     key = keys.get({ let len = keys.len() as i64; let index = _smelt_tmp_4.clone() as i64; let normalized = if index < 0 { len + index } ...
      |     ^^^
      |
      = help: maybe it is overwritten before being read?

warning: value assigned to `key` is never read
     --> src/main.rs:13656:5
      |
13656 |     key = keys.get({ let len = keys.len() as i64; let index = _smelt_tmp_4.clone() as i64; let normalized = if index < 0 { len + index } ...
      |     ^^^
      |
      = help: maybe it is overwritten before being read?

warning: value assigned to `key` is never read
     --> src/main.rs:13642:5
      |
13642 |     key = keys.get({ let len = keys.len() as i64; let index = _smelt_tmp_4.clone() as i64; let normalized = if index < 0 { len + index } ...
      |     ^^^
      |
      = help: maybe it is overwritten before being read?

warning: value assigned to `key` is never read
     --> src/main.rs:13628:5
      |
13628 |     key = keys.get({ let len = keys.len() as i64; let index = _smelt_tmp_4.clone() as i64; let normalized = if index < 0 { len + index } ...
      |     ^^^
      |
      = help: maybe it is overwritten before being read?

warning: value assigned to `key` is never read
     --> src/main.rs:13614:5
      |
13614 |     key = keys.get({ let len = keys.len() as i64; let index = _smelt_tmp_4.clone() as i64; let normalized = if index < 0 { len + index } ...
      |     ^^^
      |
      = help: maybe it is overwritten before being read?

warning: value assigned to `key` is never read
     --> src/main.rs:13600:5
      |
13600 |     key = keys.get({ let len = keys.len() as i64; let index = _smelt_tmp_4.clone() as i64; let normalized = if index < 0 { len + index } ...
      |     ^^^
      |
      = help: maybe it is overwritten before being read?

warning: value assigned to `key` is never read
     --> src/main.rs:13586:5
      |
13586 |     key = keys.get({ let len = keys.len() as i64; let index = _smelt_tmp_4.clone() as i64; let normalized = if index < 0 { len + index } ...
      |     ^^^
      |
      = help: maybe it is overwritten before being read?

warning: value assigned to `key` is never read
     --> src/main.rs:13572:5
      |
13572 |     key = keys.get({ let len = keys.len() as i64; let index = _smelt_tmp_4.clone() as i64; let normalized = if index < 0 { len + index } ...
      |     ^^^
      |
      = help: maybe it is overwritten before being read?

warning: value assigned to `key` is never read
     --> src/main.rs:13558:5
      |
13558 |     key = keys.get({ let len = keys.len() as i64; let index = _smelt_tmp_4.clone() as i64; let normalized = if index < 0 { len + index } ...
      |     ^^^
      |
      = help: maybe it is overwritten before being read?

warning: value assigned to `key` is never read
     --> src/main.rs:13544:5
      |
13544 |     key = keys.get({ let len = keys.len() as i64; let index = _smelt_tmp_4.clone() as i64; let normalized = if index < 0 { len + index } ...
      |     ^^^
      |
      = help: maybe it is overwritten before being read?

warning: value assigned to `key` is never read
     --> src/main.rs:13530:5
      |
13530 |     key = keys.get({ let len = keys.len() as i64; let index = _smelt_tmp_4.clone() as i64; let normalized = if index < 0 { len + index } ...
      |     ^^^
      |
      = help: maybe it is overwritten before being read?

warning: value assigned to `key` is never read
     --> src/main.rs:13516:5
      |
13516 |     key = keys.get({ let len = keys.len() as i64; let index = _smelt_tmp_4.clone() as i64; let normalized = if index < 0 { len + index } ...
      |     ^^^
      |
      = help: maybe it is overwritten before being read?

warning: value assigned to `key` is never read
     --> src/main.rs:13502:5
      |
13502 |     key = keys.get({ let len = keys.len() as i64; let index = _smelt_tmp_4.clone() as i64; let normalized = if index < 0 { len + index } ...
      |     ^^^
      |
      = help: maybe it is overwritten before being read?

warning: value assigned to `key` is never read
     --> src/main.rs:13488:5
      |
13488 |     key = keys.get({ let len = keys.len() as i64; let index = _smelt_tmp_4.clone() as i64; let normalized = if index < 0 { len + index } ...
      |     ^^^
      |
      = help: maybe it is overwritten before being read?

warning: value assigned to `key` is never read
     --> src/main.rs:13474:5
      |
13474 |     key = keys.get({ let len = keys.len() as i64; let index = _smelt_tmp_4.clone() as i64; let normalized = if index < 0 { len + index } ...
      |     ^^^
      |
      = help: maybe it is overwritten before being read?

warning: value assigned to `key` is never read
     --> src/main.rs:13460:5
      |
13460 |     key = keys.get({ let len = keys.len() as i64; let index = _smelt_tmp_4.clone() as i64; let normalized = if index < 0 { len + index } ...
      |     ^^^
      |
      = help: maybe it is overwritten before being read?

warning: value assigned to `key` is never read
     --> src/main.rs:13446:5
      |
13446 |     key = keys.get({ let len = keys.len() as i64; let index = _smelt_tmp_4.clone() as i64; let normalized = if index < 0 { len + index } ...
      |     ^^^
      |
      = help: maybe it is overwritten before being read?

warning: value assigned to `key` is never read
     --> src/main.rs:13432:5
      |
13432 |     key = keys.get({ let len = keys.len() as i64; let index = _smelt_tmp_4.clone() as i64; let normalized = if index < 0 { len + index } ...
      |     ^^^
      |
      = help: maybe it is overwritten before being read?

warning: value assigned to `key` is never read
     --> src/main.rs:13418:5
      |
13418 |     key = keys.get({ let len = keys.len() as i64; let index = _smelt_tmp_4.clone() as i64; let normalized = if index < 0 { len + index } ...
      |     ^^^
      |
      = help: maybe it is overwritten before being read?

warning: value assigned to `key` is never read
     --> src/main.rs:13404:5
      |
13404 |     key = keys.get({ let len = keys.len() as i64; let index = _smelt_tmp_4.clone() as i64; let normalized = if index < 0 { len + index } ...
      |     ^^^
      |
      = help: maybe it is overwritten before being read?

warning: value assigned to `key` is never read
     --> src/main.rs:13390:5
      |
13390 |     key = keys.get({ let len = keys.len() as i64; let index = _smelt_tmp_4.clone() as i64; let normalized = if index < 0 { len + index } ...
      |     ^^^
      |
      = help: maybe it is overwritten before being read?

warning: value assigned to `key` is never read
     --> src/main.rs:13376:5
      |
13376 |     key = keys.get({ let len = keys.len() as i64; let index = _smelt_tmp_4.clone() as i64; let normalized = if index < 0 { len + index } ...
      |     ^^^
      |
      = help: maybe it is overwritten before being read?

warning: value assigned to `key` is never read
     --> src/main.rs:13362:5
      |
13362 |     key = keys.get({ let len = keys.len() as i64; let index = _smelt_tmp_4.clone() as i64; let normalized = if index < 0 { len + index } ...
      |     ^^^
      |
      = help: maybe it is overwritten before being read?

warning: value assigned to `key` is never read
     --> src/main.rs:13348:5
      |
13348 |     key = keys.get({ let len = keys.len() as i64; let index = _smelt_tmp_4.clone() as i64; let normalized = if index < 0 { len + index } ...
      |     ^^^
      |
      = help: maybe it is overwritten before being read?

warning: value assigned to `key` is never read
     --> src/main.rs:13334:5
      |
13334 |     key = keys.get({ let len = keys.len() as i64; let index = _smelt_tmp_4.clone() as i64; let normalized = if index < 0 { len + index } ...
      |     ^^^
      |
      = help: maybe it is overwritten before being read?

warning: value assigned to `output` is never read
     --> src/main.rs:13775:5
      |
13775 |     output = SmeltUnknown::Null.clone();
      |     ^^^^^^
      |
      = help: maybe it is overwritten before being read?

warning: variable does not need to be mutable
     --> src/main.rs:13782:103
      |
13782 |     let mut _smelt_tmp_1 = ::std::rc::Rc::new(::std::cell::RefCell::new(|closure_arg_0: SmeltUnknown, mut closure_arg_1: ::std::rc::Rc<::...
      |                                                                                                       ----^^^^^^^^^^^^^
      |                                                                                                       |
      |                                                                                                       help: remove this `mut`

warning: variable does not need to be mutable
     --> src/main.rs:13782:219
      |
13782 | ...(SmeltUnknown, f64, SmeltUnknown) -> SmeltUnknown>>, mut closure_arg_2: ::std::rc::Rc<::std::cell::RefCell<dyn FnMut(SmeltUnknown, f64...
      |                                                         ----^^^^^^^^^^^^^
      |                                                         |
      |                                                         help: remove this `mut`

warning: variable does not need to be mutable
     --> src/main.rs:13790:51
      |
13790 | fn pull_object_implementation(data: SmeltUnknown, mut key_extractor: &mut dyn FnMut(SmeltUnknown, f64, SmeltUnknown) -> SmeltUnknown, mut...
      |                                                   ----^^^^^^^^^^^^^
      |                                                   |
      |                                                   help: remove this `mut`

warning: variable does not need to be mutable
     --> src/main.rs:13790:135
      |
13790 | ...ut(SmeltUnknown, f64, SmeltUnknown) -> SmeltUnknown, mut value_extractor: &mut dyn FnMut(SmeltUnknown, f64, SmeltUnknown) -> SmeltUnkn...
      |                                                         ----^^^^^^^^^^^^^^^
      |                                                         |
      |                                                         help: remove this `mut`

warning: value assigned to `index` is never read
     --> src/main.rs:13792:26
      |
13792 |     let mut index: i64 = 0;
      |                          ^
      |
      = help: maybe it is overwritten before being read?

warning: value assigned to `item` is never read
     --> src/main.rs:13793:34
      |
13793 |     let mut item: SmeltUnknown = SmeltUnknown::Null;
      |                                  ^^^^^^^^^^^^^^^^^^
      |
      = help: maybe it is overwritten before being read?

warning: value assigned to `key` is never read
     --> src/main.rs:13794:33
      |
13794 |     let mut key: SmeltUnknown = Default::default();
      |                                 ^^^^^^^^^^^^^^^^^^
      |
      = help: maybe it is overwritten before being read?

warning: value assigned to `value` is never read
     --> src/main.rs:13795:35
      |
13795 |     let mut value: SmeltUnknown = Default::default();
      |                                   ^^^^^^^^^^^^^^^^^^
      |
      = help: maybe it is overwritten before being read?

warning: value assigned to `range` is never read
     --> src/main.rs:13821:26
      |
13821 |     let mut range: i64 = 0;
      |                          ^
      |
      = help: maybe it is overwritten before being read?

warning: value assigned to `max_bits` is never read
     --> src/main.rs:13822:29
      |
13822 |     let mut max_bits: f64 = 0.0;
      |                             ^^^
      |
      = help: maybe it is overwritten before being read?

warning: value assigned to `max_bytes` is never read
     --> src/main.rs:13823:30
      |
13823 |     let mut max_bytes: f64 = 0.0;
      |                              ^^^
      |
      = help: maybe it is overwritten before being read?

warning: value assigned to `excess_bits` is never read
     --> src/main.rs:13824:32
      |
13824 |     let mut excess_bits: f64 = 0.0;
      |                                ^^^
      |
      = help: maybe it is overwritten before being read?

warning: value assigned to `random_bytes` is never read
     --> src/main.rs:14132:5
      |
14132 |     random_bytes = _smelt_tmp_24.clone();
      |     ^^^^^^^^^^^^
      |
      = help: maybe it is overwritten before being read?

warning: value assigned to `random_bytes` is never read
     --> src/main.rs:14121:5
      |
14121 |     random_bytes = _smelt_tmp_24.clone();
      |     ^^^^^^^^^^^^
      |
      = help: maybe it is overwritten before being read?

warning: value assigned to `random_bytes` is never read
     --> src/main.rs:14110:5
      |
14110 |     random_bytes = _smelt_tmp_24.clone();
      |     ^^^^^^^^^^^^
      |
      = help: maybe it is overwritten before being read?

warning: value assigned to `random_bytes` is never read
     --> src/main.rs:14099:5
      |
14099 |     random_bytes = _smelt_tmp_24.clone();
      |     ^^^^^^^^^^^^
      |
      = help: maybe it is overwritten before being read?

warning: value assigned to `random_bytes` is never read
     --> src/main.rs:14088:5
      |
14088 |     random_bytes = _smelt_tmp_24.clone();
      |     ^^^^^^^^^^^^
      |
      = help: maybe it is overwritten before being read?

warning: value assigned to `random_bytes` is never read
     --> src/main.rs:14077:5
      |
14077 |     random_bytes = _smelt_tmp_24.clone();
      |     ^^^^^^^^^^^^
      |
      = help: maybe it is overwritten before being read?

warning: value assigned to `random_bytes` is never read
     --> src/main.rs:14066:5
      |
14066 |     random_bytes = _smelt_tmp_24.clone();
      |     ^^^^^^^^^^^^
      |
      = help: maybe it is overwritten before being read?

warning: value assigned to `random_bytes` is never read
     --> src/main.rs:14055:5
      |
14055 |     random_bytes = _smelt_tmp_24.clone();
      |     ^^^^^^^^^^^^
      |
      = help: maybe it is overwritten before being read?

warning: value assigned to `random_bytes` is never read
     --> src/main.rs:14044:5
      |
14044 |     random_bytes = _smelt_tmp_24.clone();
      |     ^^^^^^^^^^^^
      |
      = help: maybe it is overwritten before being read?

warning: value assigned to `random_bytes` is never read
     --> src/main.rs:14033:5
      |
14033 |     random_bytes = _smelt_tmp_24.clone();
      |     ^^^^^^^^^^^^
      |
      = help: maybe it is overwritten before being read?

warning: value assigned to `random_bytes` is never read
     --> src/main.rs:14022:5
      |
14022 |     random_bytes = _smelt_tmp_24.clone();
      |     ^^^^^^^^^^^^
      |
      = help: maybe it is overwritten before being read?

warning: value assigned to `random_bytes` is never read
     --> src/main.rs:14011:5
      |
14011 |     random_bytes = _smelt_tmp_24.clone();
      |     ^^^^^^^^^^^^
      |
      = help: maybe it is overwritten before being read?

warning: value assigned to `random_bytes` is never read
     --> src/main.rs:14000:5
      |
14000 |     random_bytes = _smelt_tmp_24.clone();
      |     ^^^^^^^^^^^^
      |
      = help: maybe it is overwritten before being read?

warning: value assigned to `random_bytes` is never read
     --> src/main.rs:13989:5
      |
13989 |     random_bytes = _smelt_tmp_24.clone();
      |     ^^^^^^^^^^^^
      |
      = help: maybe it is overwritten before being read?

warning: value assigned to `random_bytes` is never read
     --> src/main.rs:13978:5
      |
13978 |     random_bytes = _smelt_tmp_24.clone();
      |     ^^^^^^^^^^^^
      |
      = help: maybe it is overwritten before being read?

warning: value assigned to `random_bytes` is never read
     --> src/main.rs:13967:5
      |
13967 |     random_bytes = _smelt_tmp_24.clone();
      |     ^^^^^^^^^^^^
      |
      = help: maybe it is overwritten before being read?

warning: value assigned to `random_bytes` is never read
     --> src/main.rs:13956:5
      |
13956 |     random_bytes = _smelt_tmp_24.clone();
      |     ^^^^^^^^^^^^
      |
      = help: maybe it is overwritten before being read?

warning: value assigned to `random_bytes` is never read
     --> src/main.rs:13945:5
      |
13945 |     random_bytes = _smelt_tmp_24.clone();
      |     ^^^^^^^^^^^^
      |
      = help: maybe it is overwritten before being read?

warning: value assigned to `random_bytes` is never read
     --> src/main.rs:13934:5
      |
13934 |     random_bytes = _smelt_tmp_24.clone();
      |     ^^^^^^^^^^^^
      |
      = help: maybe it is overwritten before being read?

warning: value assigned to `random_bytes` is never read
     --> src/main.rs:13923:5
      |
13923 |     random_bytes = _smelt_tmp_24.clone();
      |     ^^^^^^^^^^^^
      |
      = help: maybe it is overwritten before being read?

warning: value assigned to `random_bytes` is never read
     --> src/main.rs:13912:5
      |
13912 |     random_bytes = _smelt_tmp_24.clone();
      |     ^^^^^^^^^^^^
      |
      = help: maybe it is overwritten before being read?

warning: value assigned to `random_bytes` is never read
     --> src/main.rs:13901:5
      |
13901 |     random_bytes = _smelt_tmp_24.clone();
      |     ^^^^^^^^^^^^
      |
      = help: maybe it is overwritten before being read?

warning: value assigned to `random_bytes` is never read
     --> src/main.rs:13890:5
      |
13890 |     random_bytes = _smelt_tmp_24.clone();
      |     ^^^^^^^^^^^^
      |
      = help: maybe it is overwritten before being read?

warning: value assigned to `random_bytes` is never read
     --> src/main.rs:13879:5
      |
13879 |     random_bytes = _smelt_tmp_24.clone();
      |     ^^^^^^^^^^^^
      |
      = help: maybe it is overwritten before being read?

warning: value assigned to `random_bytes` is never read
     --> src/main.rs:13868:5
      |
13868 |     random_bytes = _smelt_tmp_24.clone();
      |     ^^^^^^^^^^^^
      |
      = help: maybe it is overwritten before being read?

warning: value assigned to `raw` is never read
     --> src/main.rs:13826:24
      |
13826 |     let mut raw: i64 = 0;
      |                        ^
      |
      = help: maybe it is overwritten before being read?

warning: value assigned to `result` is never read
     --> src/main.rs:13827:27
      |
13827 |     let mut result: i64 = 0;
      |                           ^
      |
      = help: maybe it is overwritten before being read?

warning: value assigned to `byte` is never read
     --> src/main.rs:14148:25
      |
14148 |     let mut byte: f64 = 0.0;
      |                         ^^^
      |
      = help: maybe it is overwritten before being read?

warning: value assigned to `index` is never read
     --> src/main.rs:14170:26
      |
14170 |     let mut index: f64 = 0.0;
      |                          ^^^
      |
      = help: maybe it is overwritten before being read?

warning: value assigned to `random_char` is never read
     --> src/main.rs:14240:35
      |
14240 |     let mut random_char: String = String::new();
      |                                   ^^^^^^^^^^^^^
      |
      = help: maybe it is overwritten before being read?

warning: variable does not need to be mutable
     --> src/main.rs:14309:9
      |
14309 |     let mut start = start.clone();
      |         ----^^^^^
      |         |
      |         help: remove this `mut`

warning: variable does not need to be mutable
     --> src/main.rs:14310:9
      |
14310 |     let mut step = step.clone();
      |         ----^^^^
      |         |
      |         help: remove this `mut`

warning: value assigned to `step` is never read
     --> src/main.rs:14279:34
      |
14279 |     let mut step: SmeltUnknown = SmeltUnknown::Null;
      |                                  ^^^^^^^^^^^^^^^^^^
      |
      = help: maybe it is overwritten before being read?

warning: value assigned to `end` is never read
     --> src/main.rs:14280:27
      |
14280 |     let mut end: String = String::new();
      |                           ^^^^^^^^^^^^^
      |
      = help: maybe it is overwritten before being read?

warning: value assigned to `length` is never read
     --> src/main.rs:14281:27
      |
14281 |     let mut length: f64 = 0.0;
      |                           ^^^
      |
      = help: maybe it is overwritten before being read?

warning: value assigned to `rounded` is never read
     --> src/main.rs:14320:28
      |
14320 |     let mut rounded: f64 = 0.0;
      |                            ^^^
      |
      = help: maybe it is overwritten before being read?

warning: variable does not need to be mutable
     --> src/main.rs:14352:108
      |
14352 | ...ell::RefCell::new(|closure_arg_0: Vec<SmeltUnknown>, mut closure_arg_1: ::std::rc::Rc<::std::cell::RefCell<dyn FnMut(SmeltUnknown, Sme...
      |                                                         ----^^^^^^^^^^^^^
      |                                                         |
      |                                                         help: remove this `mut`

warning: variable does not need to be mutable
     --> src/main.rs:14360:52
      |
14360 | fn rank_by_implementation(data: Vec<SmeltUnknown>, mut compare_fn: &mut dyn FnMut(SmeltUnknown, SmeltUnknown) -> f64, target_item: SmeltU...
      |                                                    ----^^^^^^^^^^
      |                                                    |
      |                                                    help: remove this `mut`

warning: value assigned to `item` is never read
     --> src/main.rs:14361:34
      |
14361 |     let mut item: SmeltUnknown = Default::default();
      |                                  ^^^^^^^^^^^^^^^^^^
      |
      = help: maybe it is overwritten before being read?

warning: variable does not need to be mutable
     --> src/main.rs:14389:108
      |
14389 | ...ell::RefCell::new(|closure_arg_0: Vec<SmeltUnknown>, mut closure_arg_1: ::std::rc::Rc<::std::cell::RefCell<dyn FnMut(SmeltUnknown, Sme...
      |                                                         ----^^^^^^^^^^^^^
      |                                                         |
      |                                                         help: remove this `mut`

warning: variable does not need to be mutable
     --> src/main.rs:14397:51
      |
14397 | fn reduce_implementation(data: Vec<SmeltUnknown>, mut callbackfn: &mut dyn FnMut(SmeltUnknown, SmeltUnknown, f64, Vec<SmeltUnknown>) -> S...
      |                                                   ----^^^^^^^^^^
      |                                                   |
      |                                                   help: remove this `mut`

warning: value assigned to `rand` is never read
     --> src/main.rs:14588:25
      |
14588 |     let mut rand: f64 = 0.0;
      |                         ^^^
      |
      = help: maybe it is overwritten before being read?

warning: value assigned to `value` is never read
     --> src/main.rs:14589:35
      |
14589 |     let mut value: SmeltUnknown = Default::default();
      |                                   ^^^^^^^^^^^^^^^^^^
      |
      = help: maybe it is overwritten before being read?

warning: variable does not need to be mutable
     --> src/main.rs:14634:103
      |
14634 |     let mut _smelt_tmp_1 = ::std::rc::Rc::new(::std::cell::RefCell::new(|closure_arg_0: SmeltUnknown, mut closure_arg_1: ::std::rc::Rc<::...
      |                                                                                                       ----^^^^^^^^^^^^^
      |                                                                                                       |
      |                                                                                                       help: remove this `mut`

warning: variable does not need to be mutable
     --> src/main.rs:14642:45
      |
14642 | fn sort_implementation(items: SmeltUnknown, mut cmp: &mut dyn FnMut(SmeltUnknown, SmeltUnknown) -> f64) -> ::std::collections::HashMap<St...
      |                                             ----^^^
      |                                             |
      |                                             help: remove this `mut`

warning: variable does not need to be mutable
     --> src/main.rs:14651:108
      |
14651 | ...ell::RefCell::new(|closure_arg_0: Vec<SmeltUnknown>, mut closure_arg_1: ::std::rc::Rc<::std::cell::RefCell<dyn FnMut(SmeltUnknown, Sme...
      |                                                         ----^^^^^^^^^^^^^
      |                                                         |
      |                                                         help: remove this `mut`

warning: variable does not need to be mutable
     --> src/main.rs:14659:56
      |
14659 | fn sort_by_implementation(mut data: Vec<SmeltUnknown>, mut compare_fn: &mut dyn FnMut(SmeltUnknown, SmeltUnknown) -> f64) -> Vec<SmeltUnk...
      |                                                        ----^^^^^^^^^^
      |                                                        |
      |                                                        help: remove this `mut`

warning: variable does not need to be mutable
     --> src/main.rs:14664:57
      |
14664 | fn binary_search_cutoff_index(array: Vec<SmeltUnknown>, mut predicate: &mut dyn FnMut(SmeltUnknown, f64, Vec<SmeltUnknown>) -> bool) -> f...
      |                                                         ----^^^^^^^^^
      |                                                         |
      |                                                         help: remove this `mut`

warning: value assigned to `pivot_index` is never read
     --> src/main.rs:14665:32
      |
14665 |     let mut pivot_index: f64 = 0.0;
      |                                ^^^
      |
      = help: maybe it is overwritten before being read?

warning: value assigned to `pivot` is never read
     --> src/main.rs:14666:35
      |
14666 |     let mut pivot: SmeltUnknown = Default::default();
      |                                   ^^^^^^^^^^^^^^^^^^
      |
      = help: maybe it is overwritten before being read?

warning: variable does not need to be mutable
     --> src/main.rs:14705:9
      |
14705 |     let mut item = item.clone();
      |         ----^^^^
      |         |
      |         help: remove this `mut`

warning: variable does not need to be mutable
     --> src/main.rs:14713:137
      |
14713 | ...g_0: Vec<SmeltUnknown>, closure_arg_1: SmeltUnknown, mut closure_arg_2: ::std::rc::Rc<::std::cell::RefCell<dyn FnMut(SmeltUnknown, Opt...
      |                                                         ----^^^^^^^^^^^^^
      |                                                         |
      |                                                         help: remove this `mut`

warning: variable does not need to be mutable
     --> src/main.rs:14721:80
      |
14721 | fn sorted_index_by_implementation(data: Vec<SmeltUnknown>, item: SmeltUnknown, mut value_function: &mut dyn FnMut(SmeltUnknown, Option<f6...
      |                                                                                ----^^^^^^^^^^^^^^
      |                                                                                |
      |                                                                                help: remove this `mut`

warning: variable does not need to be mutable
     --> src/main.rs:14723:9
      |
14723 |     let mut value: SmeltUnknown = _smelt_tmp_4.clone();
      |         ----^^^^^
      |         |
      |         help: remove this `mut`

warning: variable does not need to be mutable
     --> src/main.rs:14725:9
      |
14725 |     let mut value = value.clone();
      |         ----^^^^^
      |         |
      |         help: remove this `mut`

warning: variable does not need to be mutable
     --> src/main.rs:14726:9
      |
14726 |     let mut data = data.clone();
      |         ----^^^^
      |         |
      |         help: remove this `mut`

warning: variable does not need to be mutable
     --> src/main.rs:14734:108
      |
14734 | ...ell::RefCell::new(|closure_arg_0: Vec<SmeltUnknown>, mut closure_arg_1: ::std::rc::Rc<::std::cell::RefCell<dyn FnMut(SmeltUnknown, f64...
      |                                                         ----^^^^^^^^^^^^^
      |                                                         |
      |                                                         help: remove this `mut`

warning: variable does not need to be mutable
     --> src/main.rs:14753:9
      |
14753 |     let mut item = item.clone();
      |         ----^^^^
      |         |
      |         help: remove this `mut`

warning: variable does not need to be mutable
     --> src/main.rs:14761:137
      |
14761 | ...g_0: Vec<SmeltUnknown>, closure_arg_1: SmeltUnknown, mut closure_arg_2: ::std::rc::Rc<::std::cell::RefCell<dyn FnMut(SmeltUnknown, Opt...
      |                                                         ----^^^^^^^^^^^^^
      |                                                         |
      |                                                         help: remove this `mut`

warning: variable does not need to be mutable
     --> src/main.rs:14769:86
      |
14769 | fn sorted_last_index_by_implementation(array: Vec<SmeltUnknown>, item: SmeltUnknown, mut value_function: &mut dyn FnMut(SmeltUnknown, Opt...
      |                                                                                      ----^^^^^^^^^^^^^^
      |                                                                                      |
      |                                                                                      help: remove this `mut`

warning: variable does not need to be mutable
     --> src/main.rs:14771:9
      |
14771 |     let mut value: SmeltUnknown = _smelt_tmp_4.clone();
      |         ----^^^^^
      |         |
      |         help: remove this `mut`

warning: variable does not need to be mutable
     --> src/main.rs:14773:9
      |
14773 |     let mut value = value.clone();
      |         ----^^^^^
      |         |
      |         help: remove this `mut`

warning: variable does not need to be mutable
     --> src/main.rs:14774:9
      |
14774 |     let mut array = array.clone();
      |         ----^^^^^
      |         |
      |         help: remove this `mut`

warning: variable does not need to be mutable
     --> src/main.rs:14806:9
      |
14806 |     let mut separator_or_limit = separator_or_limit.clone();
      |         ----^^^^^^^^^^^^^^^^^^
      |         |
      |         help: remove this `mut`

warning: variable does not need to be mutable
     --> src/main.rs:14807:9
      |
14807 |     let mut data_or_separator = data_or_separator.clone();
      |         ----^^^^^^^^^^^^^^^^^
      |         |
      |         help: remove this `mut`

warning: value assigned to `effective_index` is never read
     --> src/main.rs:14829:36
      |
14829 |     let mut effective_index: f64 = 0.0;
      |                                    ^^^
      |
      = help: maybe it is overwritten before being read?

warning: variable does not need to be mutable
     --> src/main.rs:14859:108
      |
14859 | ...ell::RefCell::new(|closure_arg_0: Vec<SmeltUnknown>, mut closure_arg_1: ::std::rc::Rc<::std::cell::RefCell<dyn FnMut(SmeltUnknown, f64...
      |                                                         ----^^^^^^^^^^^^^
      |                                                         |
      |                                                         help: remove this `mut`

warning: variable does not need to be mutable
     --> src/main.rs:14867:55
      |
14867 | fn split_when_implementation(data: Vec<SmeltUnknown>, mut predicate: &mut dyn FnMut(SmeltUnknown, f64, Vec<SmeltUnknown>) -> bool) -> (Ve...
      |                                                       ----^^^^^^^^^
      |                                                       |
      |                                                       help: remove this `mut`

warning: variable does not need to be mutable
     --> src/main.rs:14926:9
      |
14926 |     let mut result: Vec<SmeltUnknown> = _smelt_tmp_8.clone();
      |         ----^^^^^^
      |         |
      |         help: remove this `mut`

warning: value assigned to `prop_name` is never read
     --> src/main.rs:14907:39
      |
14907 |     let mut prop_name: SmeltUnknown = SmeltUnknown::Null;
      |                                       ^^^^^^^^^^^^^^^^^^
      |
      = help: maybe it is overwritten before being read?

warning: value assigned to `quoted` is never read
     --> src/main.rs:14937:5
      |
14937 |     quoted = match _smelt_tmp_12.clone() { SmeltUnknown::Object(map) => map.get("quoted").cloned().unwrap_or(SmeltUnknown::Null), _ => Sm...
      |     ^^^^^^
      |
      = help: maybe it is overwritten before being read?

warning: value assigned to `double_quoted` is never read
     --> src/main.rs:14938:5
      |
14938 |     double_quoted = match _smelt_tmp_12.clone() { SmeltUnknown::Object(map) => map.get("double_quoted").cloned().unwrap_or(SmeltUnknown::...
      |     ^^^^^^^^^^^^^
      |
      = help: maybe it is overwritten before being read?

warning: value assigned to `unquoted` is never read
     --> src/main.rs:14910:38
      |
14910 |     let mut unquoted: SmeltUnknown = SmeltUnknown::Null;
      |                                      ^^^^^^^^^^^^^^^^^^
      |
      = help: maybe it is overwritten before being read?

warning: variable does not need to be mutable
     --> src/main.rs:14964:108
      |
14964 | ...ell::RefCell::new(|closure_arg_0: Vec<SmeltUnknown>, mut closure_arg_1: ::std::rc::Rc<::std::cell::RefCell<dyn FnMut(SmeltUnknown, f64...
      |                                                         ----^^^^^^^^^^^^^
      |                                                         |
      |                                                         help: remove this `mut`

warning: variable does not need to be mutable
     --> src/main.rs:14972:52
      |
14972 | fn sum_by_implementation(array: Vec<SmeltUnknown>, mut callbackfn: &mut dyn FnMut(SmeltUnknown, f64, Vec<SmeltUnknown>) -> SmeltUnknown) ...
      |                                                    ----^^^^^^^^^^
      |                                                    |
      |                                                    help: remove this `mut`

warning: value assigned to `first_value` is never read
     --> src/main.rs:14973:41
      |
14973 |     let mut first_value: SmeltUnknown = SmeltUnknown::Null;
      |                                         ^^^^^^^^^^^^^^^^^^
      |
      = help: maybe it is overwritten before being read?

warning: value assigned to `sum` is never read
     --> src/main.rs:14974:33
      |
14974 |     let mut sum: SmeltUnknown = Default::default();
      |                                 ^^^^^^^^^^^^^^^^^^
      |
      = help: maybe it is overwritten before being read?

warning: value assigned to `index` is never read
     --> src/main.rs:14976:26
      |
14976 |     let mut index: i64 = 0;
      |                          ^
      |
      = help: maybe it is overwritten before being read?

warning: value assigned to `item` is never read
     --> src/main.rs:14977:34
      |
14977 |     let mut item: SmeltUnknown = Default::default();
      |                                  ^^^^^^^^^^^^^^^^^^
      |
      = help: maybe it is overwritten before being read?

warning: value assigned to `summand` is never read
     --> src/main.rs:14978:37
      |
14978 |     let mut summand: SmeltUnknown = Default::default();
      |                                     ^^^^^^^^^^^^^^^^^^
      |
      = help: maybe it is overwritten before being read?

warning: value assigned to `positive_index_a` is never read
     --> src/main.rs:15024:37
      |
15024 |     let mut positive_index_a: f64 = 0.0;
      |                                     ^^^
      |
      = help: maybe it is overwritten before being read?

warning: value assigned to `positive_index_b` is never read
     --> src/main.rs:15025:37
      |
15025 |     let mut positive_index_b: f64 = 0.0;
      |                                     ^^^
      |
      = help: maybe it is overwritten before being read?

warning: value assigned to `remaining` is never read
     --> src/main.rs:15129:30
      |
15129 |     let mut remaining: f64 = 0.0;
      |                              ^^^
      |
      = help: maybe it is overwritten before being read?

warning: variable does not need to be mutable
     --> src/main.rs:15166:108
      |
15166 | ...ell::RefCell::new(|closure_arg_0: Vec<SmeltUnknown>, mut closure_arg_1: ::std::rc::Rc<::std::cell::RefCell<dyn FnMut(SmeltUnknown, Sme...
      |                                                         ----^^^^^^^^^^^^^
      |                                                         |
      |                                                         help: remove this `mut`

warning: variable does not need to be mutable
     --> src/main.rs:15174:58
      |
15174 | fn take_first_by_implementation(data: Vec<SmeltUnknown>, mut compare_fn: &mut dyn FnMut(SmeltUnknown, SmeltUnknown) -> f64, n: f64) -> Re...
      |                                                          ----^^^^^^^^^^
      |                                                          |
      |                                                          help: remove this `mut`

warning: value assigned to `heap` is never read
     --> src/main.rs:15175:39
      |
15175 |     let mut heap: Vec<SmeltUnknown> = Vec::new();
      |                                       ^^^^^^^^^^
      |
      = help: maybe it is overwritten before being read?

warning: value assigned to `rest` is never read
     --> src/main.rs:15176:39
      |
15176 |     let mut rest: Vec<SmeltUnknown> = Vec::new();
      |                                       ^^^^^^^^^^
      |
      = help: maybe it is overwritten before being read?

warning: value assigned to `item` is never read
     --> src/main.rs:15177:34
      |
15177 |     let mut item: SmeltUnknown = Default::default();
      |                                  ^^^^^^^^^^^^^^^^^^
      |
      = help: maybe it is overwritten before being read?

warning: variable does not need to be mutable
     --> src/main.rs:15491:103
      |
15491 |     let mut _smelt_tmp_1 = ::std::rc::Rc::new(::std::cell::RefCell::new(|closure_arg_0: SmeltUnknown, mut closure_arg_1: ::std::rc::Rc<::...
      |                                                                                                       ----^^^^^^^^^^^^^
      |                                                                                                       |
      |                                                                                                       help: remove this `mut`

warning: variable does not need to be mutable
     --> src/main.rs:15499:55
      |
15499 | fn take_last_while_implementation(data: SmeltUnknown, mut predicate: &mut dyn FnMut(SmeltUnknown, f64, SmeltUnknown) -> bool) -> Vec<Smel...
      |                                                       ----^^^^^^^^^
      |                                                       |
      |                                                       help: remove this `mut`

warning: variable does not need to be mutable
     --> src/main.rs:16069:103
      |
16069 |     let mut _smelt_tmp_1 = ::std::rc::Rc::new(::std::cell::RefCell::new(|closure_arg_0: SmeltUnknown, mut closure_arg_1: ::std::rc::Rc<::...
      |                                                                                                       ----^^^^^^^^^^^^^
      |                                                                                                       |
      |                                                                                                       help: remove this `mut`

warning: variable does not need to be mutable
     --> src/main.rs:16077:50
      |
16077 | fn take_while_implementation(data: SmeltUnknown, mut predicate: &mut dyn FnMut(SmeltUnknown, f64, SmeltUnknown) -> bool) -> Vec<SmeltUnkn...
      |                                                  ----^^^^^^^^^
      |                                                  |
      |                                                  help: remove this `mut`

warning: value assigned to `index` is never read
     --> src/main.rs:16079:26
      |
16079 |     let mut index: i64 = 0;
      |                          ^
      |
      = help: maybe it is overwritten before being read?

warning: value assigned to `item` is never read
     --> src/main.rs:16080:34
      |
16080 |     let mut item: SmeltUnknown = SmeltUnknown::Null;
      |                                  ^^^^^^^^^^^^^^^^^^
      |
      = help: maybe it is overwritten before being read?

warning: variable does not need to be mutable
     --> src/main.rs:16110:103
      |
16110 |     let mut _smelt_tmp_1 = ::std::rc::Rc::new(::std::cell::RefCell::new(|closure_arg_0: SmeltUnknown, mut closure_arg_1: ::std::rc::Rc<::...
      |                                                                                                       ----^^^^^^^^^^^^^
      |                                                                                                       |
      |                                                                                                       help: remove this `mut`

warning: variable does not need to be mutable
     --> src/main.rs:16118:44
      |
16118 | fn tap_implementation(value: SmeltUnknown, mut fn_: &mut dyn FnMut(SmeltUnknown) -> ()) -> SmeltUnknown {
      |                                            ----^^^
      |                                            |
      |                                            help: remove this `mut`

warning: variable does not need to be mutable
     --> src/main.rs:16124:94
      |
16124 |     let mut _smelt_tmp_1 = ::std::rc::Rc::new(::std::cell::RefCell::new(|closure_arg_0: f64, mut closure_arg_1: ::std::rc::Rc<::std::cell...
      |                                                                                              ----^^^^^^^^^^^^^
      |                                                                                              |
      |                                                                                              help: remove this `mut`

warning: variable does not need to be mutable
     --> src/main.rs:16132:37
      |
16132 | fn times_implementation(count: f64, mut fn_: &mut dyn FnMut(f64) -> SmeltUnknown) -> Vec<SmeltUnknown> {
      |                                     ----^^^
      |                                     |
      |                                     help: remove this `mut`

warning: value assigned to `length` is never read
     --> src/main.rs:16133:27
      |
16133 |     let mut length: f64 = 0.0;
      |                           ^^^
      |
      = help: maybe it is overwritten before being read?

warning: value assigned to `res` is never read
     --> src/main.rs:16134:38
      |
16134 |     let mut res: Vec<SmeltUnknown> = Vec::new();
      |                                      ^^^^^^^^^^
      |
      = help: maybe it is overwritten before being read?

warning: value assigned to `i` is never read
     --> src/main.rs:16135:22
      |
16135 |     let mut i: f64 = 0.0;
      |                      ^^^
      |
      = help: maybe it is overwritten before being read?

warning: variable does not need to be mutable
     --> src/main.rs:16209:9
      |
16209 |     let mut word: String = "".to_owned();
      |         ----^^^^
      |         |
      |         help: remove this `mut`

warning: variable does not need to be mutable
     --> src/main.rs:16202:9
      |
16202 |     let mut word = word.clone();
      |         ----^^^^
      |         |
      |         help: remove this `mut`

warning: variable does not need to be mutable
     --> src/main.rs:16216:9
      |
16216 |     let mut flush = _smelt_tmp_7.clone();
      |         ----^^^^^
      |         |
      |         help: remove this `mut`

warning: value assigned to `character` is never read
     --> src/main.rs:16172:33
      |
16172 |     let mut character: String = String::new();
      |                                 ^^^^^^^^^^^^^
      |
      = help: maybe it is overwritten before being read?

warning: value assigned to `last_character` is never read
     --> src/main.rs:16173:38
      |
16173 |     let mut last_character: String = String::new();
      |                                      ^^^^^^^^^^^^^
      |
      = help: maybe it is overwritten before being read?

warning: value assigned to `word` is never read
     --> src/main.rs:16247:5
      |
16247 |     word = _smelt_tmp_24.clone();
      |     ^^^^
      |
      = help: maybe it is overwritten before being read?

warning: variable does not need to be mutable
     --> src/main.rs:16274:9
      |
16274 |     let mut data_or_options = data_or_options.clone();
      |         ----^^^^^^^^^^^^^^^
      |         |
      |         help: remove this `mut`

warning: variable does not need to be mutable
     --> src/main.rs:16300:9
      |
16300 |     let mut preserve_consecutive_uppercase = preserve_consecutive_uppercase.clone();
      |         ----^^^^^^^^^^^^^^^^^^^^^^^^^^^^^^
      |         |
      |         help: remove this `mut`

warning: variable does not need to be mutable
     --> src/main.rs:16366:9
      |
16366 |     let mut data_or_options = data_or_options.clone();
      |         ----^^^^^^^^^^^^^^^
      |         |
      |         help: remove this `mut`

warning: variable does not need to be mutable
     --> src/main.rs:16392:9
      |
16392 |     let mut preserve_consecutive_uppercase = preserve_consecutive_uppercase.clone();
      |         ----^^^^^^^^^^^^^^^^^^^^^^^^^^^^^^
      |         |
      |         help: remove this `mut`

warning: variable does not need to be mutable
     --> src/main.rs:16418:9
      |
16418 |     let mut data_or_n = data_or_n.clone();
      |         ----^^^^^^^^^
      |         |
      |         help: remove this `mut`

warning: variable does not need to be mutable
     --> src/main.rs:16419:9
      |
16419 |     let mut n_or_options = n_or_options.clone();
      |         ----^^^^^^^^^^^^
      |         |
      |         help: remove this `mut`

warning: variable does not need to be mutable
     --> src/main.rs:16428:9
      |
16428 |     let mut last_separator: f64 = 0.0;
      |         ----^^^^^^^^^^^^^^
      |         |
      |         help: remove this `mut`

warning: value assigned to `cutoff` is never read
     --> src/main.rs:16427:27
      |
16427 |     let mut cutoff: f64 = 0.0;
      |                           ^^^
      |
      = help: maybe it is overwritten before being read?

warning: value assigned to `global_separator` is never read
     --> src/main.rs:16518:5
      |
16518 |     global_separator = _smelt_tmp_28.clone();
      |     ^^^^^^^^^^^^^^^^
      |
      = help: maybe it is overwritten before being read?

warning: value assigned to `global_separator` is never read
     --> src/main.rs:16488:5
      |
16488 |     global_separator = _smelt_tmp_28.clone();
      |     ^^^^^^^^^^^^^^^^
      |
      = help: maybe it is overwritten before being read?

warning: value assigned to `last_separator_1` is never read
     --> src/main.rs:16430:46
      |
16430 |     let mut last_separator_1: SmeltUnknown = SmeltUnknown::Null;
      |                                              ^^^^^^^^^^^^^^^^^^
      |
      = help: maybe it is overwritten before being read?

warning: value assigned to `last_separator_1` is never read
     --> src/main.rs:16539:5
      |
16539 |     last_separator_1 = SmeltUnknown::Number(index.clone() as f64);
      |     ^^^^^^^^^^^^^^^^
      |
      = help: maybe it is overwritten before being read?

warning: value assigned to `last_separator_1` is never read
     --> src/main.rs:16509:5
      |
16509 |     last_separator_1 = SmeltUnknown::Number(index.clone() as f64);
      |     ^^^^^^^^^^^^^^^^
      |
      = help: maybe it is overwritten before being read?

warning: value assigned to `index` is never read
     --> src/main.rs:16432:26
      |
16432 |     let mut index: f64 = 0.0;
      |                          ^^^
      |
      = help: maybe it is overwritten before being read?

warning: variable does not need to be mutable
     --> src/main.rs:16621:9
      |
16621 |     let mut key: SmeltUnknown = _smelt_tmp_6.clone();
      |         ----^^^
      |         |
      |         help: remove this `mut`

warning: variable does not need to be mutable
     --> src/main.rs:16608:28
      |
16608 | fn lazy_implementation_313(mut key_function: &mut dyn FnMut(SmeltUnknown, f64, Vec<SmeltUnknown>) -> SmeltUnknown) -> ::std::rc::Rc<::std...
      |                            ----^^^^^^^^^^^^
      |                            |
      |                            help: remove this `mut`

warning: variable does not need to be mutable
     --> src/main.rs:16610:9
      |
16610 |     let mut branded_key_function = ::std::rc::Rc::new(::std::cell::RefCell::new(move |smelt_args: Vec<SmeltUnknown>| (_smelt_tmp_3.borrow...
      |         ----^^^^^^^^^^^^^^^^^^^^
      |         |
      |         help: remove this `mut`

warning: variable does not need to be mutable
     --> src/main.rs:16614:9
      |
16614 |     let mut branded_key_function = branded_key_function.clone();
      |         ----^^^^^^^^^^^^^^^^^^^^
      |         |
      |         help: remove this `mut`

warning: variable does not need to be mutable
     --> src/main.rs:16615:9
      |
16615 |     let mut set = set.clone();
      |         ----^^^
      |         |
      |         help: remove this `mut`

error: lifetime may not live long enough
     --> src/main.rs:16633:12
      |
16608 | fn lazy_implementation_313(mut key_function: &mut dyn FnMut(SmeltUnknown, f64, Vec<SmeltUnknown>) -> SmeltUnknown) -> ::std::rc::Rc<::std...
      |                                              - let's call the lifetime of this reference `'1`
...
16633 |     return _smelt_tmp_5.clone();
      |            ^^^^^^^^^^^^^^^^^^^^ returning this value requires that `'1` must outlive `'static`
      |
      = note: requirement occurs because of the type `RefCell<dyn FnMut(SmeltUnknown, f64, Vec<SmeltUnknown>) -> SmeltUnknown>`, which makes the generic argument `dyn FnMut(SmeltUnknown, f64, Vec<SmeltUnknown>) -> SmeltUnknown` invariant
      = note: the struct `RefCell<T>` is invariant over the parameter `T`
      = help: see <https://doc.rust-lang.org/nomicon/subtyping.html> for more information about variance
help: to declare that the trait object captures data from argument `key_function`, you can add an explicit `'_` lifetime bound
      |
16608 | fn lazy_implementation_313(mut key_function: &mut dyn FnMut(SmeltUnknown, f64, Vec<SmeltUnknown>) -> SmeltUnknown) -> ::std::rc::Rc<::std::cell::RefCell<dyn FnMut(SmeltUnknown, f64, Vec<SmeltUnknown>) -> SmeltUnknown + '_>> {
      |                                                                                                                                                                                                                          ++++

warning: variable does not need to be mutable
     --> src/main.rs:16671:44
      |
16671 | fn when_implementation(data: SmeltUnknown, mut predicate: &mut dyn FnMut(SmeltUnknown, Vec<SmeltUnknown>) -> bool, mut on_true_or_branche...
      |                                            ----^^^^^^^^^
      |                                            |
      |                                            help: remove this `mut`

warning: variable does not need to be mutable
     --> src/main.rs:16671:116
      |
16671 | ... dyn FnMut(SmeltUnknown, Vec<SmeltUnknown>) -> bool, mut on_true_or_branches: SmeltUnknown, extra_args: Vec<SmeltUnknown>) -> SmeltUnk...
      |                                                         ----^^^^^^^^^^^^^^^^^^^
      |                                                         |
      |                                                         help: remove this `mut`

warning: variable does not need to be mutable
     --> src/main.rs:16722:9
      |
16722 |     let mut second = second.clone();
      |         ----^^^^^^
      |         |
      |         help: remove this `mut`

warning: variable does not need to be mutable
     --> src/main.rs:16737:13
      |
16737 | fn zip_with(mut arg0: SmeltUnknown, mut arg1: Option<SmeltUnknown>, mut arg2: Option<::std::rc::Rc<::std::cell::RefCell<dyn FnMut(SmeltUn...
      |             ----^^^^
      |             |
      |             help: remove this `mut`

warning: variable does not need to be mutable
     --> src/main.rs:16737:37
      |
16737 | fn zip_with(mut arg0: SmeltUnknown, mut arg1: Option<SmeltUnknown>, mut arg2: Option<::std::rc::Rc<::std::cell::RefCell<dyn FnMut(SmeltUn...
      |                                     ----^^^^
      |                                     |
      |                                     help: remove this `mut`

warning: variable does not need to be mutable
     --> src/main.rs:16737:69
      |
16737 | fn zip_with(mut arg0: SmeltUnknown, mut arg1: Option<SmeltUnknown>, mut arg2: Option<::std::rc::Rc<::std::cell::RefCell<dyn FnMut(SmeltUn...
      |                                                                     ----^^^^
      |                                                                     |
      |                                                                     help: remove this `mut`

warning: variable does not need to be mutable
     --> src/main.rs:16750:71
      |
16750 | fn zip_with_implementation(first: SmeltUnknown, second: SmeltUnknown, mut fn_: &mut dyn FnMut(SmeltUnknown, SmeltUnknown, f64, (SmeltUnkn...
      |                                                                       ----^^^
      |                                                                       |
      |                                                                       help: remove this `mut`

warning: variable does not need to be mutable
     --> src/main.rs:16767:9
      |
16767 |     let mut second = second.clone();
      |         ----^^^^^^
      |         |
      |         help: remove this `mut`

warning: variable does not need to be mutable
     --> src/main.rs:16768:9
      |
16768 |     let mut datum = datum.clone();
      |         ----^^^^^
      |         |
      |         help: remove this `mut`

warning: variable does not need to be mutable
     --> src/main.rs:16776:9
      |
16776 |     let mut datum = datum.clone();
      |         ----^^^^^
      |         |
      |         help: remove this `mut`

Some errors have detailed explanations: E0005, E0057, E0061, E0271, E0605, E0606, E0609, E0618.
For more information about an error, try `rustc --explain E0005`.
warning: `remeda_smelt_probe` (bin "remeda_smelt_probe") generated 816 warnings
error: could not compile `remeda_smelt_probe` (bin "remeda_smelt_probe") due to 15 previous errors; 816 warnings emitted
